mode: set
github.com/gatekey-project/gatekey/cmd/gatekey/main.go:19.13,52.42 5 0
github.com/gatekey-project/gatekey/cmd/gatekey/main.go:52.42,55.3 2 0
github.com/gatekey-project/gatekey/cmd/gatekey/main.go:58.32,74.55 3 0
github.com/gatekey-project/gatekey/cmd/gatekey/main.go:74.55,76.18 2 0
github.com/gatekey-project/gatekey/cmd/gatekey/main.go:76.18,78.5 1 0
github.com/gatekey-project/gatekey/cmd/gatekey/main.go:80.4,80.23 1 0
github.com/gatekey-project/gatekey/cmd/gatekey/main.go:80.23,82.5 1 0
github.com/gatekey-project/gatekey/cmd/gatekey/main.go:84.4,84.27 1 0
github.com/gatekey-project/gatekey/cmd/gatekey/main.go:84.27,86.5 1 0
github.com/gatekey-project/gatekey/cmd/gatekey/main.go:88.4,90.20 2 0
github.com/gatekey-project/gatekey/cmd/gatekey/main.go:90.20,92.5 1 0
github.com/gatekey-project/gatekey/cmd/gatekey/main.go:93.4,93.47 1 0
github.com/gatekey-project/gatekey/cmd/gatekey/main.go:97.2,100.12 3 0
github.com/gatekey-project/gatekey/cmd/gatekey/main.go:103.33,107.55 1 0
github.com/gatekey-project/gatekey/cmd/gatekey/main.go:107.55,109.18 2 0
github.com/gatekey-project/gatekey/cmd/gatekey/main.go:109.18,111.5 1 0
github.com/gatekey-project/gatekey/cmd/gatekey/main.go:113.4,114.24 2 0
github.com/gatekey-project/gatekey/cmd/gatekey/main.go:119.34,142.55 3 0
github.com/gatekey-project/gatekey/cmd/gatekey/main.go:142.55,144.18 2 0
github.com/gatekey-project/gatekey/cmd/gatekey/main.go:144.18,146.5 1 0
github.com/gatekey-project/gatekey/cmd/gatekey/main.go:148.4,148.23 1 0
github.com/gatekey-project/gatekey/cmd/gatekey/main.go:148.23,150.5 1 0
github.com/gatekey-project/gatekey/cmd/gatekey/main.go:152.4,155.18 2 0
github.com/gatekey-project/gatekey/cmd/gatekey/main.go:155.18,157.5 1 0
github.com/gatekey-project/gatekey/cmd/gatekey/main.go:160.4,160.21 1 0
github.com/gatekey-project/gatekey/cmd/gatekey/main.go:160.21,162.5 1 0
github.com/gatekey-project/gatekey/cmd/gatekey/main.go:164.4,164.46 1 0
github.com/gatekey-project/gatekey/cmd/gatekey/main.go:168.2,171.12 3 0
github.com/gatekey-project/gatekey/cmd/gatekey/main.go:174.37,190.55 2 0
github.com/gatekey-project/gatekey/cmd/gatekey/main.go:190.55,192.18 2 0
github.com/gatekey-project/gatekey/cmd/gatekey/main.go:192.18,194.5 1 0
github.com/gatekey-project/gatekey/cmd/gatekey/main.go:196.4,199.21 3 0
github.com/gatekey-project/gatekey/cmd/gatekey/main.go:199.21,201.5 1 0
github.com/gatekey-project/gatekey/cmd/gatekey/main.go:204.4,204.32 1 0
github.com/gatekey-project/gatekey/cmd/gatekey/main.go:204.32,206.5 1 0
github.com/gatekey-project/gatekey/cmd/gatekey/main.go:208.4,208.45 1 0
github.com/gatekey-project/gatekey/cmd/gatekey/main.go:212.2,214.12 2 0
github.com/gatekey-project/gatekey/cmd/gatekey/main.go:217.33,223.55 2 0
github.com/gatekey-project/gatekey/cmd/gatekey/main.go:223.55,225.18 2 0
github.com/gatekey-project/gatekey/cmd/gatekey/main.go:225.18,227.5 1 0
github.com/gatekey-project/gatekey/cmd/gatekey/main.go:229.4,230.33 2 0
github.com/gatekey-project/gatekey/cmd/gatekey/main.go:234.2,236.12 2 0
github.com/gatekey-project/gatekey/cmd/gatekey/main.go:239.31,243.55 1 0
github.com/gatekey-project/gatekey/cmd/gatekey/main.go:243.55,245.18 2 0
github.com/gatekey-project/gatekey/cmd/gatekey/main.go:245.18,247.5 1 0
github.com/gatekey-project/gatekey/cmd/gatekey/main.go:249.4,249.23 1 0
github.com/gatekey-project/gatekey/cmd/gatekey/main.go:249.23,251.5 1 0
github.com/gatekey-project/gatekey/cmd/gatekey/main.go:253.4,254.42 2 0
github.com/gatekey-project/gatekey/cmd/gatekey/main.go:259.33,269.56 2 0
github.com/gatekey-project/gatekey/cmd/gatekey/main.go:269.56,271.19 2 0
github.com/gatekey-project/gatekey/cmd/gatekey/main.go:271.19,273.6 1 0
github.com/gatekey-project/gatekey/cmd/gatekey/main.go:274.5,274.23 1 0
github.com/gatekey-project/gatekey/cmd/gatekey/main.go:281.56,283.19 2 0
github.com/gatekey-project/gatekey/cmd/gatekey/main.go:283.19,285.6 1 0
github.com/gatekey-project/gatekey/cmd/gatekey/main.go:286.5,286.37 1 0
github.com/gatekey-project/gatekey/cmd/gatekey/main.go:292.56,293.24 1 0
github.com/gatekey-project/gatekey/cmd/gatekey/main.go:293.24,295.6 1 0
github.com/gatekey-project/gatekey/cmd/gatekey/main.go:296.5,296.49 1 0
github.com/gatekey-project/gatekey/cmd/gatekey/main.go:301.2,301.12 1 0
github.com/gatekey-project/gatekey/cmd/gatekey/main.go:304.34,308.48 1 0
github.com/gatekey-project/gatekey/cmd/gatekey/main.go:308.48,310.4 1 0
github.com/gatekey-project/gatekey/cmd/gatekey/main.go:314.36,327.55 1 0
github.com/gatekey-project/gatekey/cmd/gatekey/main.go:327.55,329.4 1 0
github.com/gatekey-project/gatekey/cmd/gatekey/main.go:333.31,352.2 3 0
github.com/gatekey-project/gatekey/cmd/gatekey/main.go:354.35,358.55 1 0
github.com/gatekey-project/gatekey/cmd/gatekey/main.go:358.55,360.18 2 0
github.com/gatekey-project/gatekey/cmd/gatekey/main.go:360.18,362.5 1 0
github.com/gatekey-project/gatekey/cmd/gatekey/main.go:364.4,364.23 1 0
github.com/gatekey-project/gatekey/cmd/gatekey/main.go:364.23,366.5 1 0
github.com/gatekey-project/gatekey/cmd/gatekey/main.go:368.4,369.42 2 0
github.com/gatekey-project/gatekey/cmd/gatekey/main.go:374.38,390.55 1 0
github.com/gatekey-project/gatekey/cmd/gatekey/main.go:390.55,392.18 2 0
github.com/gatekey-project/gatekey/cmd/gatekey/main.go:392.18,394.5 1 0
github.com/gatekey-project/gatekey/cmd/gatekey/main.go:396.4,396.23 1 0
github.com/gatekey-project/gatekey/cmd/gatekey/main.go:396.23,398.5 1 0
github.com/gatekey-project/gatekey/cmd/gatekey/main.go:400.4,401.21 2 0
github.com/gatekey-project/gatekey/cmd/gatekey/main.go:401.21,403.5 1 0
github.com/gatekey-project/gatekey/cmd/gatekey/main.go:405.4,406.50 2 0
github.com/gatekey-project/gatekey/cmd/gatekey/main.go:410.2,410.12 1 0
github.com/gatekey-project/gatekey/cmd/gatekey-admin/main.go:40.13,88.42 7 0
github.com/gatekey-project/gatekey/cmd/gatekey-admin/main.go:88.42,90.3 1 0
github.com/gatekey-project/gatekey/cmd/gatekey-admin/main.go:93.58,97.60 2 0
github.com/gatekey-project/gatekey/cmd/gatekey-admin/main.go:97.60,99.3 1 0
github.com/gatekey-project/gatekey/cmd/gatekey-admin/main.go:101.2,103.16 3 0
github.com/gatekey-project/gatekey/cmd/gatekey-admin/main.go:103.16,105.3 1 0
github.com/gatekey-project/gatekey/cmd/gatekey-admin/main.go:108.2,108.21 1 0
github.com/gatekey-project/gatekey/cmd/gatekey-admin/main.go:108.21,110.3 1 0
github.com/gatekey-project/gatekey/cmd/gatekey-admin/main.go:111.2,111.18 1 0
github.com/gatekey-project/gatekey/cmd/gatekey-admin/main.go:111.18,113.3 1 0
github.com/gatekey-project/gatekey/cmd/gatekey-admin/main.go:115.2,115.38 1 0
github.com/gatekey-project/gatekey/cmd/gatekey-admin/main.go:115.38,117.3 1 0
github.com/gatekey-project/gatekey/cmd/gatekey-admin/main.go:119.2,120.12 2 0
github.com/gatekey-project/gatekey/cmd/gatekey-admin/main.go:125.35,136.55 3 0
github.com/gatekey-project/gatekey/cmd/gatekey-admin/main.go:136.55,137.27 1 0
github.com/gatekey-project/gatekey/cmd/gatekey-admin/main.go:137.27,139.5 1 0
github.com/gatekey-project/gatekey/cmd/gatekey-admin/main.go:141.4,144.23 3 0
github.com/gatekey-project/gatekey/cmd/gatekey-admin/main.go:144.23,146.5 1 0
github.com/gatekey-project/gatekey/cmd/gatekey-admin/main.go:147.4,147.37 1 0
github.com/gatekey-project/gatekey/cmd/gatekey-admin/main.go:151.2,154.12 3 0
github.com/gatekey-project/gatekey/cmd/gatekey-admin/main.go:157.36,161.55 1 0
github.com/gatekey-project/gatekey/cmd/gatekey-admin/main.go:161.55,163.4 1 0
github.com/gatekey-project/gatekey/cmd/gatekey-admin/main.go:169.36,179.55 2 0
github.com/gatekey-project/gatekey/cmd/gatekey-admin/main.go:179.55,181.20 2 0
github.com/gatekey-project/gatekey/cmd/gatekey-admin/main.go:181.20,183.5 1 0
github.com/gatekey-project/gatekey/cmd/gatekey-admin/main.go:184.4,184.50 1 0
github.com/gatekey-project/gatekey/cmd/gatekey-admin/main.go:187.2,194.55 3 0
github.com/gatekey-project/gatekey/cmd/gatekey-admin/main.go:194.55,196.4 1 0
github.com/gatekey-project/gatekey/cmd/gatekey-admin/main.go:200.2,204.55 1 0
github.com/gatekey-project/gatekey/cmd/gatekey-admin/main.go:204.55,206.4 1 0
github.com/gatekey-project/gatekey/cmd/gatekey-admin/main.go:209.2,210.12 2 0
github.com/gatekey-project/gatekey/cmd/gatekey-admin/main.go:215.37,226.55 2 0
github.com/gatekey-project/gatekey/cmd/gatekey-admin/main.go:226.55,229.18 3 0
github.com/gatekey-project/gatekey/cmd/gatekey-admin/main.go:229.18,231.5 1 0
github.com/gatekey-project/gatekey/cmd/gatekey-admin/main.go:232.4,232.135 1 0
github.com/gatekey-project/gatekey/cmd/gatekey-admin/main.go:232.135,235.21 3 0
github.com/gatekey-project/gatekey/cmd/gatekey-admin/main.go:235.21,237.6 1 0
github.com/gatekey-project/gatekey/cmd/gatekey-admin/main.go:238.5,238.104 1 0
github.com/gatekey-project/gatekey/cmd/gatekey-admin/main.go:244.2,248.55 1 0
github.com/gatekey-project/gatekey/cmd/gatekey-admin/main.go:248.55,251.18 3 0
github.com/gatekey-project/gatekey/cmd/gatekey-admin/main.go:251.18,253.5 1 0
github.com/gatekey-project/gatekey/cmd/gatekey-admin/main.go:254.4,254.27 1 0
github.com/gatekey-project/gatekey/cmd/gatekey-admin/main.go:259.2,262.55 1 0
github.com/gatekey-project/gatekey/cmd/gatekey-admin/main.go:262.55,270.36 7 0
github.com/gatekey-project/gatekey/cmd/gatekey-admin/main.go:270.36,272.5 1 0
github.com/gatekey-project/gatekey/cmd/gatekey-admin/main.go:274.4,283.18 3 0
github.com/gatekey-project/gatekey/cmd/gatekey-admin/main.go:283.18,285.5 1 0
github.com/gatekey-project/gatekey/cmd/gatekey-admin/main.go:286.4,287.14 2 0
github.com/gatekey-project/gatekey/cmd/gatekey-admin/main.go:290.2,302.55 7 0
github.com/gatekey-project/gatekey/cmd/gatekey-admin/main.go:302.55,304.60 2 0
github.com/gatekey-project/gatekey/cmd/gatekey-admin/main.go:304.60,306.5 1 0
github.com/gatekey-project/gatekey/cmd/gatekey-admin/main.go:307.4,307.72 1 0
github.com/gatekey-project/gatekey/cmd/gatekey-admin/main.go:307.72,309.5 1 0
github.com/gatekey-project/gatekey/cmd/gatekey-admin/main.go:310.4,310.55 1 0
github.com/gatekey-project/gatekey/cmd/gatekey-admin/main.go:310.55,312.5 1 0
github.com/gatekey-project/gatekey/cmd/gatekey-admin/main.go:313.4,313.81 1 0
github.com/gatekey-project/gatekey/cmd/gatekey-admin/main.go:313.81,315.5 1 0
github.com/gatekey-project/gatekey/cmd/gatekey-admin/main.go:316.4,316.38 1 0
github.com/gatekey-project/gatekey/cmd/gatekey-admin/main.go:316.38,319.5 2 0
github.com/gatekey-project/gatekey/cmd/gatekey-admin/main.go:321.4,323.18 3 0
github.com/gatekey-project/gatekey/cmd/gatekey-admin/main.go:323.18,325.5 1 0
github.com/gatekey-project/gatekey/cmd/gatekey-admin/main.go:326.4,327.14 2 0
github.com/gatekey-project/gatekey/cmd/gatekey-admin/main.go:330.2,341.55 6 0
github.com/gatekey-project/gatekey/cmd/gatekey-admin/main.go:341.55,343.61 2 0
github.com/gatekey-project/gatekey/cmd/gatekey-admin/main.go:343.61,345.5 1 0
github.com/gatekey-project/gatekey/cmd/gatekey-admin/main.go:346.4,347.14 2 0
github.com/gatekey-project/gatekey/cmd/gatekey-admin/main.go:352.2,356.55 1 0
github.com/gatekey-project/gatekey/cmd/gatekey-admin/main.go:356.55,359.18 3 0
github.com/gatekey-project/gatekey/cmd/gatekey-admin/main.go:359.18,361.5 1 0
github.com/gatekey-project/gatekey/cmd/gatekey-admin/main.go:362.4,363.26 2 0
github.com/gatekey-project/gatekey/cmd/gatekey-admin/main.go:363.26,365.5 1 0
github.com/gatekey-project/gatekey/cmd/gatekey-admin/main.go:366.4,368.14 3 0
github.com/gatekey-project/gatekey/cmd/gatekey-admin/main.go:373.2,377.55 1 0
github.com/gatekey-project/gatekey/cmd/gatekey-admin/main.go:377.55,380.18 3 0
github.com/gatekey-project/gatekey/cmd/gatekey-admin/main.go:380.18,382.5 1 0
github.com/gatekey-project/gatekey/cmd/gatekey-admin/main.go:383.4,386.14 4 0
github.com/gatekey-project/gatekey/cmd/gatekey-admin/main.go:390.2,391.12 2 0
github.com/gatekey-project/gatekey/cmd/gatekey-admin/main.go:396.37,406.55 2 0
github.com/gatekey-project/gatekey/cmd/gatekey-admin/main.go:406.55,409.18 3 0
github.com/gatekey-project/gatekey/cmd/gatekey-admin/main.go:409.18,411.5 1 0
github.com/gatekey-project/gatekey/cmd/gatekey-admin/main.go:412.4,412.120 1 0
github.com/gatekey-project/gatekey/cmd/gatekey-admin/main.go:412.120,415.20 3 0
github.com/gatekey-project/gatekey/cmd/gatekey-admin/main.go:415.20,417.6 1 0
github.com/gatekey-project/gatekey/cmd/gatekey-admin/main.go:418.5,418.62 1 0
github.com/gatekey-project/gatekey/cmd/gatekey-admin/main.go:423.2,427.55 1 0
github.com/gatekey-project/gatekey/cmd/gatekey-admin/main.go:427.55,430.18 3 0
github.com/gatekey-project/gatekey/cmd/gatekey-admin/main.go:430.18,432.5 1 0
github.com/gatekey-project/gatekey/cmd/gatekey-admin/main.go:433.4,433.28 1 0
github.com/gatekey-project/gatekey/cmd/gatekey-admin/main.go:437.2,440.55 1 0
github.com/gatekey-project/gatekey/cmd/gatekey-admin/main.go:440.55,447.51 6 0
github.com/gatekey-project/gatekey/cmd/gatekey-admin/main.go:447.51,449.5 1 0
github.com/gatekey-project/gatekey/cmd/gatekey-admin/main.go:451.4,457.20 2 0
github.com/gatekey-project/gatekey/cmd/gatekey-admin/main.go:457.20,459.5 1 0
github.com/gatekey-project/gatekey/cmd/gatekey-admin/main.go:461.4,463.18 3 0
github.com/gatekey-project/gatekey/cmd/gatekey-admin/main.go:463.18,465.5 1 0
github.com/gatekey-project/gatekey/cmd/gatekey-admin/main.go:466.4,467.14 2 0
github.com/gatekey-project/gatekey/cmd/gatekey-admin/main.go:470.2,480.55 6 0
github.com/gatekey-project/gatekey/cmd/gatekey-admin/main.go:480.55,482.60 2 0
github.com/gatekey-project/gatekey/cmd/gatekey-admin/main.go:482.60,484.5 1 0
github.com/gatekey-project/gatekey/cmd/gatekey-admin/main.go:485.4,485.60 1 0
github.com/gatekey-project/gatekey/cmd/gatekey-admin/main.go:485.60,487.5 1 0
github.com/gatekey-project/gatekey/cmd/gatekey-admin/main.go:488.4,488.38 1 0
github.com/gatekey-project/gatekey/cmd/gatekey-admin/main.go:488.38,491.5 2 0
github.com/gatekey-project/gatekey/cmd/gatekey-admin/main.go:492.4,492.81 1 0
github.com/gatekey-project/gatekey/cmd/gatekey-admin/main.go:492.81,494.5 1 0
github.com/gatekey-project/gatekey/cmd/gatekey-admin/main.go:496.4,498.18 3 0
github.com/gatekey-project/gatekey/cmd/gatekey-admin/main.go:498.18,500.5 1 0
github.com/gatekey-project/gatekey/cmd/gatekey-admin/main.go:501.4,502.14 2 0
github.com/gatekey-project/gatekey/cmd/gatekey-admin/main.go:505.2,514.55 5 0
github.com/gatekey-project/gatekey/cmd/gatekey-admin/main.go:514.55,516.61 2 0
github.com/gatekey-project/gatekey/cmd/gatekey-admin/main.go:516.61,518.5 1 0
github.com/gatekey-project/gatekey/cmd/gatekey-admin/main.go:519.4,520.14 2 0
github.com/gatekey-project/gatekey/cmd/gatekey-admin/main.go:524.2,525.12 2 0
github.com/gatekey-project/gatekey/cmd/gatekey-admin/main.go:530.40,540.55 2 0
github.com/gatekey-project/gatekey/cmd/gatekey-admin/main.go:540.55,543.18 3 0
github.com/gatekey-project/gatekey/cmd/gatekey-admin/main.go:543.18,545.5 1 0
github.com/gatekey-project/gatekey/cmd/gatekey-admin/main.go:546.4,546.130 1 0
github.com/gatekey-project/gatekey/cmd/gatekey-admin/main.go:546.130,549.19 3 0
github.com/gatekey-project/gatekey/cmd/gatekey-admin/main.go:549.19,551.6 1 0
github.com/gatekey-project/gatekey/cmd/gatekey-admin/main.go:552.5,552.117 1 0
github.com/gatekey-project/gatekey/cmd/gatekey-admin/main.go:557.2,561.55 1 0
github.com/gatekey-project/gatekey/cmd/gatekey-admin/main.go:561.55,564.18 3 0
github.com/gatekey-project/gatekey/cmd/gatekey-admin/main.go:564.18,566.5 1 0
github.com/gatekey-project/gatekey/cmd/gatekey-admin/main.go:567.4,567.29 1 0
github.com/gatekey-project/gatekey/cmd/gatekey-admin/main.go:571.2,574.55 1 0
github.com/gatekey-project/gatekey/cmd/gatekey-admin/main.go:574.55,582.37 7 0
github.com/gatekey-project/gatekey/cmd/gatekey-admin/main.go:582.37,584.5 1 0
github.com/gatekey-project/gatekey/cmd/gatekey-admin/main.go:586.4,596.18 3 0
github.com/gatekey-project/gatekey/cmd/gatekey-admin/main.go:596.18,598.5 1 0
github.com/gatekey-project/gatekey/cmd/gatekey-admin/main.go:599.4,600.14 2 0
github.com/gatekey-project/gatekey/cmd/gatekey-admin/main.go:603.2,614.55 7 0
github.com/gatekey-project/gatekey/cmd/gatekey-admin/main.go:614.55,616.60 2 0
github.com/gatekey-project/gatekey/cmd/gatekey-admin/main.go:616.60,618.5 1 0
github.com/gatekey-project/gatekey/cmd/gatekey-admin/main.go:619.4,619.74 1 0
github.com/gatekey-project/gatekey/cmd/gatekey-admin/main.go:619.74,621.5 1 0
github.com/gatekey-project/gatekey/cmd/gatekey-admin/main.go:622.4,622.71 1 0
github.com/gatekey-project/gatekey/cmd/gatekey-admin/main.go:622.71,624.5 1 0
github.com/gatekey-project/gatekey/cmd/gatekey-admin/main.go:625.4,625.67 1 0
github.com/gatekey-project/gatekey/cmd/gatekey-admin/main.go:625.67,627.5 1 0
github.com/gatekey-project/gatekey/cmd/gatekey-admin/main.go:628.4,628.81 1 0
github.com/gatekey-project/gatekey/cmd/gatekey-admin/main.go:628.81,630.5 1 0
github.com/gatekey-project/gatekey/cmd/gatekey-admin/main.go:632.4,634.18 3 0
github.com/gatekey-project/gatekey/cmd/gatekey-admin/main.go:634.18,636.5 1 0
github.com/gatekey-project/gatekey/cmd/gatekey-admin/main.go:637.4,638.14 2 0
github.com/gatekey-project/gatekey/cmd/gatekey-admin/main.go:641.2,651.55 6 0
github.com/gatekey-project/gatekey/cmd/gatekey-admin/main.go:651.55,653.64 2 0
github.com/gatekey-project/gatekey/cmd/gatekey-admin/main.go:653.64,655.5 1 0
github.com/gatekey-project/gatekey/cmd/gatekey-admin/main.go:656.4,657.14 2 0
github.com/gatekey-project/gatekey/cmd/gatekey-admin/main.go:661.2,662.12 2 0
github.com/gatekey-project/gatekey/cmd/gatekey-admin/main.go:667.34,676.55 2 0
github.com/gatekey-project/gatekey/cmd/gatekey-admin/main.go:676.55,679.18 3 0
github.com/gatekey-project/gatekey/cmd/gatekey-admin/main.go:679.18,681.5 1 0
github.com/gatekey-project/gatekey/cmd/gatekey-admin/main.go:682.4,682.127 1 0
github.com/gatekey-project/gatekey/cmd/gatekey-admin/main.go:682.127,685.18 3 0
github.com/gatekey-project/gatekey/cmd/gatekey-admin/main.go:685.18,687.6 1 0
github.com/gatekey-project/gatekey/cmd/gatekey-admin/main.go:688.5,689.19 2 0
github.com/gatekey-project/gatekey/cmd/gatekey-admin/main.go:689.19,691.6 1 0
github.com/gatekey-project/gatekey/cmd/gatekey-admin/main.go:692.5,692.70 1 0
github.com/gatekey-project/gatekey/cmd/gatekey-admin/main.go:697.2,701.55 1 0
github.com/gatekey-project/gatekey/cmd/gatekey-admin/main.go:701.55,704.18 3 0
github.com/gatekey-project/gatekey/cmd/gatekey-admin/main.go:704.18,706.5 1 0
github.com/gatekey-project/gatekey/cmd/gatekey-admin/main.go:707.4,707.29 1 0
github.com/gatekey-project/gatekey/cmd/gatekey-admin/main.go:711.2,715.55 1 0
github.com/gatekey-project/gatekey/cmd/gatekey-admin/main.go:715.55,717.78 2 0
github.com/gatekey-project/gatekey/cmd/gatekey-admin/main.go:717.78,719.5 1 0
github.com/gatekey-project/gatekey/cmd/gatekey-admin/main.go:720.4,720.81 1 0
github.com/gatekey-project/gatekey/cmd/gatekey-admin/main.go:720.81,722.5 1 0
github.com/gatekey-project/gatekey/cmd/gatekey-admin/main.go:724.4,726.18 3 0
github.com/gatekey-project/gatekey/cmd/gatekey-admin/main.go:726.18,728.5 1 0
github.com/gatekey-project/gatekey/cmd/gatekey-admin/main.go:729.4,730.14 2 0
github.com/gatekey-project/gatekey/cmd/gatekey-admin/main.go:733.2,740.55 3 0
github.com/gatekey-project/gatekey/cmd/gatekey-admin/main.go:740.55,742.65 2 0
github.com/gatekey-project/gatekey/cmd/gatekey-admin/main.go:742.65,744.5 1 0
github.com/gatekey-project/gatekey/cmd/gatekey-admin/main.go:745.4,746.14 2 0
github.com/gatekey-project/gatekey/cmd/gatekey-admin/main.go:750.2,751.12 2 0
github.com/gatekey-project/gatekey/cmd/gatekey-admin/main.go:756.39,766.55 2 0
github.com/gatekey-project/gatekey/cmd/gatekey-admin/main.go:766.55,769.18 3 0
github.com/gatekey-project/gatekey/cmd/gatekey-admin/main.go:769.18,771.5 1 0
github.com/gatekey-project/gatekey/cmd/gatekey-admin/main.go:772.4,772.119 1 0
github.com/gatekey-project/gatekey/cmd/gatekey-admin/main.go:772.119,775.18 3 0
github.com/gatekey-project/gatekey/cmd/gatekey-admin/main.go:775.18,777.6 1 0
github.com/gatekey-project/gatekey/cmd/gatekey-admin/main.go:778.5,779.19 2 0
github.com/gatekey-project/gatekey/cmd/gatekey-admin/main.go:779.19,781.6 1 0
github.com/gatekey-project/gatekey/cmd/gatekey-admin/main.go:782.5,782.62 1 0
github.com/gatekey-project/gatekey/cmd/gatekey-admin/main.go:787.2,790.55 1 0
github.com/gatekey-project/gatekey/cmd/gatekey-admin/main.go:790.55,796.55 5 0
github.com/gatekey-project/gatekey/cmd/gatekey-admin/main.go:796.55,798.5 1 0
github.com/gatekey-project/gatekey/cmd/gatekey-admin/main.go:800.4,807.18 3 0
github.com/gatekey-project/gatekey/cmd/gatekey-admin/main.go:807.18,809.5 1 0
github.com/gatekey-project/gatekey/cmd/gatekey-admin/main.go:810.4,811.14 2 0
github.com/gatekey-project/gatekey/cmd/gatekey-admin/main.go:814.2,823.55 5 0
github.com/gatekey-project/gatekey/cmd/gatekey-admin/main.go:823.55,825.63 2 0
github.com/gatekey-project/gatekey/cmd/gatekey-admin/main.go:825.63,827.5 1 0
github.com/gatekey-project/gatekey/cmd/gatekey-admin/main.go:828.4,829.14 2 0
github.com/gatekey-project/gatekey/cmd/gatekey-admin/main.go:833.2,837.55 1 0
github.com/gatekey-project/gatekey/cmd/gatekey-admin/main.go:837.55,839.22 2 0
github.com/gatekey-project/gatekey/cmd/gatekey-admin/main.go:839.22,841.5 1 0
github.com/gatekey-project/gatekey/cmd/gatekey-admin/main.go:843.4,844.111 2 0
github.com/gatekey-project/gatekey/cmd/gatekey-admin/main.go:844.111,846.5 1 0
github.com/gatekey-project/gatekey/cmd/gatekey-admin/main.go:847.4,848.14 2 0
github.com/gatekey-project/gatekey/cmd/gatekey-admin/main.go:851.2,854.12 3 0
github.com/gatekey-project/gatekey/cmd/gatekey-admin/main.go:859.35,868.55 2 0
github.com/gatekey-project/gatekey/cmd/gatekey-admin/main.go:868.55,871.18 3 0
github.com/gatekey-project/gatekey/cmd/gatekey-admin/main.go:871.18,873.5 1 0
github.com/gatekey-project/gatekey/cmd/gatekey-admin/main.go:874.4,874.102 1 0
github.com/gatekey-project/gatekey/cmd/gatekey-admin/main.go:874.102,877.5 2 0
github.com/gatekey-project/gatekey/cmd/gatekey-admin/main.go:881.2,885.55 1 0
github.com/gatekey-project/gatekey/cmd/gatekey-admin/main.go:885.55,888.18 3 0
github.com/gatekey-project/gatekey/cmd/gatekey-admin/main.go:888.18,890.5 1 0
github.com/gatekey-project/gatekey/cmd/gatekey-admin/main.go:891.4,891.98 1 0
github.com/gatekey-project/gatekey/cmd/gatekey-admin/main.go:891.98,894.5 2 0
github.com/gatekey-project/gatekey/cmd/gatekey-admin/main.go:898.2,902.55 1 0
github.com/gatekey-project/gatekey/cmd/gatekey-admin/main.go:902.55,905.18 3 0
github.com/gatekey-project/gatekey/cmd/gatekey-admin/main.go:905.18,907.5 1 0
github.com/gatekey-project/gatekey/cmd/gatekey-admin/main.go:908.4,908.108 1 0
github.com/gatekey-project/gatekey/cmd/gatekey-admin/main.go:908.108,911.19 3 0
github.com/gatekey-project/gatekey/cmd/gatekey-admin/main.go:911.19,913.6 1 0
github.com/gatekey-project/gatekey/cmd/gatekey-admin/main.go:914.5,914.57 1 0
github.com/gatekey-project/gatekey/cmd/gatekey-admin/main.go:919.2,920.12 2 0
github.com/gatekey-project/gatekey/cmd/gatekey-admin/main.go:925.40,935.55 2 0
github.com/gatekey-project/gatekey/cmd/gatekey-admin/main.go:935.55,938.18 3 0
github.com/gatekey-project/gatekey/cmd/gatekey-admin/main.go:938.18,940.5 1 0
github.com/gatekey-project/gatekey/cmd/gatekey-admin/main.go:941.4,941.114 1 0
github.com/gatekey-project/gatekey/cmd/gatekey-admin/main.go:941.114,944.5 2 0
github.com/gatekey-project/gatekey/cmd/gatekey-admin/main.go:948.2,951.55 1 0
github.com/gatekey-project/gatekey/cmd/gatekey-admin/main.go:951.55,955.18 3 0
github.com/gatekey-project/gatekey/cmd/gatekey-admin/main.go:955.18,957.5 1 0
github.com/gatekey-project/gatekey/cmd/gatekey-admin/main.go:959.4,961.18 3 0
github.com/gatekey-project/gatekey/cmd/gatekey-admin/main.go:961.18,963.5 1 0
github.com/gatekey-project/gatekey/cmd/gatekey-admin/main.go:964.4,965.14 2 0
github.com/gatekey-project/gatekey/cmd/gatekey-admin/main.go:968.2,975.55 3 0
github.com/gatekey-project/gatekey/cmd/gatekey-admin/main.go:975.55,981.18 5 0
github.com/gatekey-project/gatekey/cmd/gatekey-admin/main.go:981.18,983.5 1 0
github.com/gatekey-project/gatekey/cmd/gatekey-admin/main.go:984.4,985.14 2 0
github.com/gatekey-project/gatekey/cmd/gatekey-admin/main.go:988.2,995.55 3 0
github.com/gatekey-project/gatekey/cmd/gatekey-admin/main.go:995.55,998.18 3 0
github.com/gatekey-project/gatekey/cmd/gatekey-admin/main.go:998.18,1000.5 1 0
github.com/gatekey-project/gatekey/cmd/gatekey-admin/main.go:1001.4,1002.14 2 0
github.com/gatekey-project/gatekey/cmd/gatekey-admin/main.go:1006.2,1010.55 1 0
github.com/gatekey-project/gatekey/cmd/gatekey-admin/main.go:1010.55,1013.18 3 0
github.com/gatekey-project/gatekey/cmd/gatekey-admin/main.go:1013.18,1015.5 1 0
github.com/gatekey-project/gatekey/cmd/gatekey-admin/main.go:1016.4,1016.111 1 0
github.com/gatekey-project/gatekey/cmd/gatekey-admin/main.go:1016.111,1019.5 2 0
github.com/gatekey-project/gatekey/cmd/gatekey-admin/main.go:1023.2,1027.55 1 0
github.com/gatekey-project/gatekey/cmd/gatekey-admin/main.go:1027.55,1029.52 2 0
github.com/gatekey-project/gatekey/cmd/gatekey-admin/main.go:1029.52,1031.5 1 0
github.com/gatekey-project/gatekey/cmd/gatekey-admin/main.go:1033.4,1035.18 3 0
github.com/gatekey-project/gatekey/cmd/gatekey-admin/main.go:1035.18,1037.5 1 0
github.com/gatekey-project/gatekey/cmd/gatekey-admin/main.go:1038.4,1039.14 2 0
github.com/gatekey-project/gatekey/cmd/gatekey-admin/main.go:1042.2,1048.55 2 0
github.com/gatekey-project/gatekey/cmd/gatekey-admin/main.go:1048.55,1050.52 2 0
github.com/gatekey-project/gatekey/cmd/gatekey-admin/main.go:1050.52,1052.5 1 0
github.com/gatekey-project/gatekey/cmd/gatekey-admin/main.go:1054.4,1056.18 3 0
github.com/gatekey-project/gatekey/cmd/gatekey-admin/main.go:1056.18,1058.5 1 0
github.com/gatekey-project/gatekey/cmd/gatekey-admin/main.go:1059.4,1060.14 2 0
github.com/gatekey-project/gatekey/cmd/gatekey-admin/main.go:1063.2,1066.12 3 0
github.com/gatekey-project/gatekey/cmd/gatekey-admin/main.go:1071.36,1081.55 2 0
github.com/gatekey-project/gatekey/cmd/gatekey-admin/main.go:1081.55,1088.20 5 0
github.com/gatekey-project/gatekey/cmd/gatekey-admin/main.go:1088.20,1090.5 1 0
github.com/gatekey-project/gatekey/cmd/gatekey-admin/main.go:1090.10,1092.5 1 0
github.com/gatekey-project/gatekey/cmd/gatekey-admin/main.go:1093.4,1093.18 1 0
github.com/gatekey-project/gatekey/cmd/gatekey-admin/main.go:1093.18,1095.5 1 0
github.com/gatekey-project/gatekey/cmd/gatekey-admin/main.go:1097.4,1097.138 1 0
github.com/gatekey-project/gatekey/cmd/gatekey-admin/main.go:1097.138,1100.28 3 0
github.com/gatekey-project/gatekey/cmd/gatekey-admin/main.go:1100.28,1102.6 1 0
github.com/gatekey-project/gatekey/cmd/gatekey-admin/main.go:1103.5,1104.20 2 0
github.com/gatekey-project/gatekey/cmd/gatekey-admin/main.go:1104.20,1106.6 1 0
github.com/gatekey-project/gatekey/cmd/gatekey-admin/main.go:1107.5,1107.108 1 0
github.com/gatekey-project/gatekey/cmd/gatekey-admin/main.go:1111.2,1117.55 2 0
github.com/gatekey-project/gatekey/cmd/gatekey-admin/main.go:1117.55,1129.21 6 0
github.com/gatekey-project/gatekey/cmd/gatekey-admin/main.go:1129.21,1131.19 2 0
github.com/gatekey-project/gatekey/cmd/gatekey-admin/main.go:1131.19,1133.6 1 0
github.com/gatekey-project/gatekey/cmd/gatekey-admin/main.go:1134.5,1134.70 1 0
github.com/gatekey-project/gatekey/cmd/gatekey-admin/main.go:1137.4,1141.20 4 0
github.com/gatekey-project/gatekey/cmd/gatekey-admin/main.go:1141.20,1143.5 1 0
github.com/gatekey-project/gatekey/cmd/gatekey-admin/main.go:1143.10,1145.5 1 0
github.com/gatekey-project/gatekey/cmd/gatekey-admin/main.go:1146.4,1146.18 1 0
github.com/gatekey-project/gatekey/cmd/gatekey-admin/main.go:1146.18,1148.5 1 0
github.com/gatekey-project/gatekey/cmd/gatekey-admin/main.go:1150.4,1158.14 9 0
github.com/gatekey-project/gatekey/cmd/gatekey-admin/main.go:1161.2,1170.55 5 0
github.com/gatekey-project/gatekey/cmd/gatekey-admin/main.go:1170.55,1173.68 3 0
github.com/gatekey-project/gatekey/cmd/gatekey-admin/main.go:1173.68,1175.5 1 0
github.com/gatekey-project/gatekey/cmd/gatekey-admin/main.go:1176.4,1177.14 2 0
github.com/gatekey-project/gatekey/cmd/gatekey-admin/main.go:1180.2,1185.55 2 0
github.com/gatekey-project/gatekey/cmd/gatekey-admin/main.go:1185.55,1189.20 3 0
github.com/gatekey-project/gatekey/cmd/gatekey-admin/main.go:1189.20,1191.5 1 0
github.com/gatekey-project/gatekey/cmd/gatekey-admin/main.go:1193.4,1194.72 2 0
github.com/gatekey-project/gatekey/cmd/gatekey-admin/main.go:1194.72,1196.5 1 0
github.com/gatekey-project/gatekey/cmd/gatekey-admin/main.go:1197.4,1198.14 2 0
github.com/gatekey-project/gatekey/cmd/gatekey-admin/main.go:1201.2,1205.12 4 0
github.com/gatekey-project/gatekey/cmd/gatekey-admin/main.go:1210.34,1225.55 3 0
github.com/gatekey-project/gatekey/cmd/gatekey-admin/main.go:1225.55,1228.18 3 0
github.com/gatekey-project/gatekey/cmd/gatekey-admin/main.go:1228.18,1230.5 1 0
github.com/gatekey-project/gatekey/cmd/gatekey-admin/main.go:1231.4,1231.129 1 0
github.com/gatekey-project/gatekey/cmd/gatekey-admin/main.go:1231.129,1234.24 3 0
github.com/gatekey-project/gatekey/cmd/gatekey-admin/main.go:1234.24,1236.6 1 0
github.com/gatekey-project/gatekey/cmd/gatekey-admin/main.go:1237.5,1237.99 1 0
github.com/gatekey-project/gatekey/cmd/gatekey-admin/main.go:1242.2,1245.55 1 0
github.com/gatekey-project/gatekey/cmd/gatekey-admin/main.go:1245.55,1251.40 5 0
github.com/gatekey-project/gatekey/cmd/gatekey-admin/main.go:1251.40,1253.5 1 0
github.com/gatekey-project/gatekey/cmd/gatekey-admin/main.go:1255.4,1260.23 2 0
github.com/gatekey-project/gatekey/cmd/gatekey-admin/main.go:1260.23,1262.5 1 0
github.com/gatekey-project/gatekey/cmd/gatekey-admin/main.go:1264.4,1266.18 3 0
github.com/gatekey-project/gatekey/cmd/gatekey-admin/main.go:1266.18,1268.5 1 0
github.com/gatekey-project/gatekey/cmd/gatekey-admin/main.go:1269.4,1270.14 2 0
github.com/gatekey-project/gatekey/cmd/gatekey-admin/main.go:1273.2,1282.55 5 0
github.com/gatekey-project/gatekey/cmd/gatekey-admin/main.go:1282.55,1284.38 2 0
github.com/gatekey-project/gatekey/cmd/gatekey-admin/main.go:1284.38,1287.5 2 0
github.com/gatekey-project/gatekey/cmd/gatekey-admin/main.go:1288.4,1288.41 1 0
github.com/gatekey-project/gatekey/cmd/gatekey-admin/main.go:1288.41,1291.5 2 0
github.com/gatekey-project/gatekey/cmd/gatekey-admin/main.go:1292.4,1292.21 1 0
github.com/gatekey-project/gatekey/cmd/gatekey-admin/main.go:1292.21,1294.5 1 0
github.com/gatekey-project/gatekey/cmd/gatekey-admin/main.go:1296.4,1298.18 3 0
github.com/gatekey-project/gatekey/cmd/gatekey-admin/main.go:1298.18,1300.5 1 0
github.com/gatekey-project/gatekey/cmd/gatekey-admin/main.go:1301.4,1302.14 2 0
github.com/gatekey-project/gatekey/cmd/gatekey-admin/main.go:1305.2,1312.55 3 0
github.com/gatekey-project/gatekey/cmd/gatekey-admin/main.go:1312.55,1314.61 2 0
github.com/gatekey-project/gatekey/cmd/gatekey-admin/main.go:1314.61,1316.5 1 0
github.com/gatekey-project/gatekey/cmd/gatekey-admin/main.go:1317.4,1318.14 2 0
github.com/gatekey-project/gatekey/cmd/gatekey-admin/main.go:1322.2,1326.55 1 0
github.com/gatekey-project/gatekey/cmd/gatekey-admin/main.go:1326.55,1329.18 3 0
github.com/gatekey-project/gatekey/cmd/gatekey-admin/main.go:1329.18,1331.5 1 0
github.com/gatekey-project/gatekey/cmd/gatekey-admin/main.go:1332.4,1335.14 4 0
github.com/gatekey-project/gatekey/cmd/gatekey-admin/main.go:1339.2,1350.55 3 0
github.com/gatekey-project/gatekey/cmd/gatekey-admin/main.go:1350.55,1353.18 3 0
github.com/gatekey-project/gatekey/cmd/gatekey-admin/main.go:1353.18,1355.5 1 0
github.com/gatekey-project/gatekey/cmd/gatekey-admin/main.go:1356.4,1356.143 1 0
github.com/gatekey-project/gatekey/cmd/gatekey-admin/main.go:1356.143,1359.24 3 0
github.com/gatekey-project/gatekey/cmd/gatekey-admin/main.go:1359.24,1361.6 1 0
github.com/gatekey-project/gatekey/cmd/gatekey-admin/main.go:1362.5,1363.22 2 0
github.com/gatekey-project/gatekey/cmd/gatekey-admin/main.go:1363.22,1365.6 1 0
github.com/gatekey-project/gatekey/cmd/gatekey-admin/main.go:1366.5,1366.80 1 0
github.com/gatekey-project/gatekey/cmd/gatekey-admin/main.go:1371.2,1374.55 1 0
github.com/gatekey-project/gatekey/cmd/gatekey-admin/main.go:1374.55,1381.55 6 0
github.com/gatekey-project/gatekey/cmd/gatekey-admin/main.go:1381.55,1383.5 1 0
github.com/gatekey-project/gatekey/cmd/gatekey-admin/main.go:1385.4,1391.23 2 0
github.com/gatekey-project/gatekey/cmd/gatekey-admin/main.go:1391.23,1393.5 1 0
github.com/gatekey-project/gatekey/cmd/gatekey-admin/main.go:1395.4,1397.18 3 0
github.com/gatekey-project/gatekey/cmd/gatekey-admin/main.go:1397.18,1399.5 1 0
github.com/gatekey-project/gatekey/cmd/gatekey-admin/main.go:1400.4,1401.14 2 0
github.com/gatekey-project/gatekey/cmd/gatekey-admin/main.go:1404.2,1414.55 6 0
github.com/gatekey-project/gatekey/cmd/gatekey-admin/main.go:1414.55,1416.38 2 0
github.com/gatekey-project/gatekey/cmd/gatekey-admin/main.go:1416.38,1419.5 2 0
github.com/gatekey-project/gatekey/cmd/gatekey-admin/main.go:1420.4,1420.41 1 0
github.com/gatekey-project/gatekey/cmd/gatekey-admin/main.go:1420.41,1423.5 2 0
github.com/gatekey-project/gatekey/cmd/gatekey-admin/main.go:1424.4,1424.21 1 0
github.com/gatekey-project/gatekey/cmd/gatekey-admin/main.go:1424.21,1426.5 1 0
github.com/gatekey-project/gatekey/cmd/gatekey-admin/main.go:1428.4,1430.18 3 0
github.com/gatekey-project/gatekey/cmd/gatekey-admin/main.go:1430.18,1432.5 1 0
github.com/gatekey-project/gatekey/cmd/gatekey-admin/main.go:1433.4,1434.14 2 0
github.com/gatekey-project/gatekey/cmd/gatekey-admin/main.go:1437.2,1444.55 3 0
github.com/gatekey-project/gatekey/cmd/gatekey-admin/main.go:1444.55,1446.63 2 0
github.com/gatekey-project/gatekey/cmd/gatekey-admin/main.go:1446.63,1448.5 1 0
github.com/gatekey-project/gatekey/cmd/gatekey-admin/main.go:1449.4,1450.14 2 0
github.com/gatekey-project/gatekey/cmd/gatekey-admin/main.go:1454.2,1458.55 1 0
github.com/gatekey-project/gatekey/cmd/gatekey-admin/main.go:1458.55,1461.18 3 0
github.com/gatekey-project/gatekey/cmd/gatekey-admin/main.go:1461.18,1463.5 1 0
github.com/gatekey-project/gatekey/cmd/gatekey-admin/main.go:1464.4,1467.14 4 0
github.com/gatekey-project/gatekey/cmd/gatekey-admin/main.go:1471.2,1474.12 3 0
github.com/gatekey-project/gatekey/cmd/gatekey-admin/main.go:1479.32,1488.55 2 0
github.com/gatekey-project/gatekey/cmd/gatekey-admin/main.go:1488.55,1491.18 3 0
github.com/gatekey-project/gatekey/cmd/gatekey-admin/main.go:1491.18,1493.5 1 0
github.com/gatekey-project/gatekey/cmd/gatekey-admin/main.go:1494.4,1494.27 1 0
github.com/gatekey-project/gatekey/cmd/gatekey-admin/main.go:1498.2,1501.55 1 0
github.com/gatekey-project/gatekey/cmd/gatekey-admin/main.go:1501.55,1504.18 3 0
github.com/gatekey-project/gatekey/cmd/gatekey-admin/main.go:1504.18,1506.5 1 0
github.com/gatekey-project/gatekey/cmd/gatekey-admin/main.go:1507.4,1507.131 1 0
github.com/gatekey-project/gatekey/cmd/gatekey-admin/main.go:1507.131,1510.20 3 0
github.com/gatekey-project/gatekey/cmd/gatekey-admin/main.go:1510.20,1512.6 1 0
github.com/gatekey-project/gatekey/cmd/gatekey-admin/main.go:1513.5,1514.21 2 0
github.com/gatekey-project/gatekey/cmd/gatekey-admin/main.go:1514.21,1516.6 1 0
github.com/gatekey-project/gatekey/cmd/gatekey-admin/main.go:1517.5,1517.104 1 0
github.com/gatekey-project/gatekey/cmd/gatekey-admin/main.go:1522.2,1525.55 1 0
github.com/gatekey-project/gatekey/cmd/gatekey-admin/main.go:1525.55,1530.18 4 0
github.com/gatekey-project/gatekey/cmd/gatekey-admin/main.go:1530.18,1532.5 1 0
github.com/gatekey-project/gatekey/cmd/gatekey-admin/main.go:1533.4,1533.17 1 0
github.com/gatekey-project/gatekey/cmd/gatekey-admin/main.go:1533.17,1535.5 1 0
github.com/gatekey-project/gatekey/cmd/gatekey-admin/main.go:1537.4,1539.18 3 0
github.com/gatekey-project/gatekey/cmd/gatekey-admin/main.go:1539.18,1541.5 1 0
github.com/gatekey-project/gatekey/cmd/gatekey-admin/main.go:1542.4,1544.14 3 0
github.com/gatekey-project/gatekey/cmd/gatekey-admin/main.go:1547.2,1554.55 3 0
github.com/gatekey-project/gatekey/cmd/gatekey-admin/main.go:1554.55,1556.58 2 0
github.com/gatekey-project/gatekey/cmd/gatekey-admin/main.go:1556.58,1558.5 1 0
github.com/gatekey-project/gatekey/cmd/gatekey-admin/main.go:1559.4,1560.14 2 0
github.com/gatekey-project/gatekey/cmd/gatekey-admin/main.go:1564.2,1568.55 1 0
github.com/gatekey-project/gatekey/cmd/gatekey-admin/main.go:1568.55,1570.56 2 0
github.com/gatekey-project/gatekey/cmd/gatekey-admin/main.go:1570.56,1572.5 1 0
github.com/gatekey-project/gatekey/cmd/gatekey-admin/main.go:1573.4,1574.14 2 0
github.com/gatekey-project/gatekey/cmd/gatekey-admin/main.go:1578.2,1579.12 2 0
github.com/gatekey-project/gatekey/cmd/gatekey-admin/main.go:1584.35,1593.55 2 0
github.com/gatekey-project/gatekey/cmd/gatekey-admin/main.go:1593.55,1598.18 4 0
github.com/gatekey-project/gatekey/cmd/gatekey-admin/main.go:1598.18,1600.5 1 0
github.com/gatekey-project/gatekey/cmd/gatekey-admin/main.go:1601.4,1601.116 1 0
github.com/gatekey-project/gatekey/cmd/gatekey-admin/main.go:1601.116,1604.5 2 0
github.com/gatekey-project/gatekey/cmd/gatekey-admin/main.go:1607.2,1610.12 3 0
github.com/gatekey-project/gatekey/cmd/gatekey-admin/main.go:1615.40,1625.55 2 0
github.com/gatekey-project/gatekey/cmd/gatekey-admin/main.go:1625.55,1628.18 3 0
github.com/gatekey-project/gatekey/cmd/gatekey-admin/main.go:1628.18,1630.5 1 0
github.com/gatekey-project/gatekey/cmd/gatekey-admin/main.go:1631.4,1631.134 1 0
github.com/gatekey-project/gatekey/cmd/gatekey-admin/main.go:1631.134,1634.5 2 0
github.com/gatekey-project/gatekey/cmd/gatekey-admin/main.go:1638.2,1642.55 1 0
github.com/gatekey-project/gatekey/cmd/gatekey-admin/main.go:1642.55,1644.62 2 0
github.com/gatekey-project/gatekey/cmd/gatekey-admin/main.go:1644.62,1646.5 1 0
github.com/gatekey-project/gatekey/cmd/gatekey-admin/main.go:1647.4,1648.14 2 0
github.com/gatekey-project/gatekey/cmd/gatekey-admin/main.go:1652.2,1653.12 2 0
github.com/gatekey-project/gatekey/cmd/gatekey-admin/main.go:1658.42,1680.55 2 0
github.com/gatekey-project/gatekey/cmd/gatekey-admin/main.go:1680.55,1685.17 4 0
github.com/gatekey-project/gatekey/cmd/gatekey-admin/main.go:1685.17,1687.5 1 0
github.com/gatekey-project/gatekey/cmd/gatekey-admin/main.go:1689.4,1689.72 1 0
github.com/gatekey-project/gatekey/cmd/gatekey-admin/main.go:1692.2,1700.55 3 0
github.com/gatekey-project/gatekey/cmd/gatekey-admin/main.go:1700.55,1703.4 2 0
github.com/gatekey-project/gatekey/cmd/gatekey-admin/main.go:1705.2,1713.55 2 0
github.com/gatekey-project/gatekey/cmd/gatekey-admin/main.go:1713.55,1716.4 2 0
github.com/gatekey-project/gatekey/cmd/gatekey-admin/main.go:1718.2,1726.55 2 0
github.com/gatekey-project/gatekey/cmd/gatekey-admin/main.go:1726.55,1730.17 3 0
github.com/gatekey-project/gatekey/cmd/gatekey-admin/main.go:1730.17,1732.5 1 0
github.com/gatekey-project/gatekey/cmd/gatekey-admin/main.go:1734.4,1734.69 1 0
github.com/gatekey-project/gatekey/cmd/gatekey-admin/main.go:1737.2,1746.55 4 0
github.com/gatekey-project/gatekey/cmd/gatekey-admin/main.go:1746.55,1751.4 3 0
github.com/gatekey-project/gatekey/cmd/gatekey-admin/main.go:1753.2,1760.55 3 0
github.com/gatekey-project/gatekey/cmd/gatekey-admin/main.go:1760.55,1763.18 3 0
github.com/gatekey-project/gatekey/cmd/gatekey-admin/main.go:1763.18,1765.5 1 0
github.com/gatekey-project/gatekey/cmd/gatekey-admin/main.go:1767.4,1768.36 2 0
github.com/gatekey-project/gatekey/cmd/gatekey-admin/main.go:1768.36,1770.5 1 0
github.com/gatekey-project/gatekey/cmd/gatekey-admin/main.go:1772.4,1773.39 2 0
github.com/gatekey-project/gatekey/cmd/gatekey-admin/main.go:1773.39,1775.5 1 0
github.com/gatekey-project/gatekey/cmd/gatekey-admin/main.go:1777.4,1777.14 1 0
github.com/gatekey-project/gatekey/cmd/gatekey-admin/main.go:1781.2,1782.12 2 0
github.com/gatekey-project/gatekey/cmd/gatekey-admin/main.go:1785.113,1789.14 3 0
github.com/gatekey-project/gatekey/cmd/gatekey-admin/main.go:1789.14,1791.3 1 0
github.com/gatekey-project/gatekey/cmd/gatekey-admin/main.go:1792.2,1792.51 1 0
github.com/gatekey-project/gatekey/cmd/gatekey-admin/main.go:1792.51,1794.3 1 0
github.com/gatekey-project/gatekey/cmd/gatekey-admin/main.go:1795.2,1806.16 4 0
github.com/gatekey-project/gatekey/cmd/gatekey-admin/main.go:1806.16,1808.3 1 0
github.com/gatekey-project/gatekey/cmd/gatekey-admin/main.go:1811.2,1811.25 1 0
github.com/gatekey-project/gatekey/cmd/gatekey-admin/main.go:1811.25,1813.3 1 0
github.com/gatekey-project/gatekey/cmd/gatekey-admin/main.go:1816.2,1820.24 4 0
github.com/gatekey-project/gatekey/cmd/gatekey-admin/main.go:1820.24,1822.3 1 0
github.com/gatekey-project/gatekey/cmd/gatekey-admin/main.go:1824.2,1824.12 1 0
github.com/gatekey-project/gatekey/cmd/gatekey-admin/main.go:1829.38,1838.55 2 0
github.com/gatekey-project/gatekey/cmd/gatekey-admin/main.go:1838.55,1841.18 3 0
github.com/gatekey-project/gatekey/cmd/gatekey-admin/main.go:1841.18,1843.5 1 0
github.com/gatekey-project/gatekey/cmd/gatekey-admin/main.go:1845.4,1850.37 4 0
github.com/gatekey-project/gatekey/cmd/gatekey-admin/main.go:1850.37,1852.20 2 0
github.com/gatekey-project/gatekey/cmd/gatekey-admin/main.go:1852.20,1854.6 1 0
github.com/gatekey-project/gatekey/cmd/gatekey-admin/main.go:1855.5,1855.94 1 0
github.com/gatekey-project/gatekey/cmd/gatekey-admin/main.go:1858.4,1862.38 3 0
github.com/gatekey-project/gatekey/cmd/gatekey-admin/main.go:1862.38,1865.5 1 0
github.com/gatekey-project/gatekey/cmd/gatekey-admin/main.go:1867.4,1871.42 3 0
github.com/gatekey-project/gatekey/cmd/gatekey-admin/main.go:1871.42,1874.37 2 0
github.com/gatekey-project/gatekey/cmd/gatekey-admin/main.go:1874.37,1876.6 1 0
github.com/gatekey-project/gatekey/cmd/gatekey-admin/main.go:1879.4,1883.42 3 0
github.com/gatekey-project/gatekey/cmd/gatekey-admin/main.go:1883.42,1885.5 1 0
github.com/gatekey-project/gatekey/cmd/gatekey-admin/main.go:1887.4,1887.14 1 0
github.com/gatekey-project/gatekey/cmd/gatekey-admin/main.go:1891.2,1892.12 2 0
github.com/gatekey-project/gatekey/cmd/gatekey-admin/main.go:1897.37,1918.55 2 0
github.com/gatekey-project/gatekey/cmd/gatekey-admin/main.go:1918.55,1921.18 3 0
github.com/gatekey-project/gatekey/cmd/gatekey-admin/main.go:1921.18,1923.5 1 0
github.com/gatekey-project/gatekey/cmd/gatekey-admin/main.go:1925.4,1925.24 1 0
github.com/gatekey-project/gatekey/cmd/gatekey-admin/main.go:1925.24,1928.5 2 0
github.com/gatekey-project/gatekey/cmd/gatekey-admin/main.go:1930.4,1930.120 1 0
github.com/gatekey-project/gatekey/cmd/gatekey-admin/main.go:1930.120,1933.5 2 0
github.com/gatekey-project/gatekey/cmd/gatekey-admin/main.go:1938.2,1942.55 1 0
github.com/gatekey-project/gatekey/cmd/gatekey-admin/main.go:1942.55,1947.4 3 0
github.com/gatekey-project/gatekey/cmd/gatekey-admin/main.go:1951.2,1955.55 1 0
github.com/gatekey-project/gatekey/cmd/gatekey-admin/main.go:1955.55,1958.4 2 0
github.com/gatekey-project/gatekey/cmd/gatekey-admin/main.go:1961.2,1962.12 2 0
github.com/gatekey-project/gatekey/cmd/gatekey-admin/main.go:1988.58,1990.16 2 0
github.com/gatekey-project/gatekey/cmd/gatekey-admin/main.go:1990.16,1992.3 1 0
github.com/gatekey-project/gatekey/cmd/gatekey-admin/main.go:1995.2,1996.16 2 0
github.com/gatekey-project/gatekey/cmd/gatekey-admin/main.go:1996.16,1998.3 1 0
github.com/gatekey-project/gatekey/cmd/gatekey-admin/main.go:2001.2,2008.45 5 0
github.com/gatekey-project/gatekey/cmd/gatekey-admin/main.go:2008.45,2010.3 1 0
github.com/gatekey-project/gatekey/cmd/gatekey-admin/main.go:2011.2,2011.16 1 0
github.com/gatekey-project/gatekey/cmd/gatekey-admin/main.go:2011.16,2013.3 1 0
github.com/gatekey-project/gatekey/cmd/gatekey-admin/main.go:2014.2,2018.51 3 0
github.com/gatekey-project/gatekey/cmd/gatekey-admin/main.go:2018.51,2020.3 1 0
github.com/gatekey-project/gatekey/cmd/gatekey-admin/main.go:2024.2,2030.44 3 0
github.com/gatekey-project/gatekey/cmd/gatekey-admin/main.go:2030.44,2032.3 1 0
github.com/gatekey-project/gatekey/cmd/gatekey-admin/main.go:2035.2,2036.45 2 0
github.com/gatekey-project/gatekey/cmd/gatekey-admin/main.go:2036.45,2038.3 1 0
github.com/gatekey-project/gatekey/cmd/gatekey-admin/main.go:2039.2,2039.26 1 0
github.com/gatekey-project/gatekey/cmd/gatekey-admin/main.go:2039.26,2045.3 3 0
github.com/gatekey-project/gatekey/cmd/gatekey-admin/main.go:2046.2,2046.36 1 0
github.com/gatekey-project/gatekey/cmd/gatekey-admin/main.go:2046.36,2048.3 1 0
github.com/gatekey-project/gatekey/cmd/gatekey-admin/main.go:2051.2,2057.47 3 0
github.com/gatekey-project/gatekey/cmd/gatekey-admin/main.go:2057.47,2059.3 1 0
github.com/gatekey-project/gatekey/cmd/gatekey-admin/main.go:2062.2,2062.6 1 0
github.com/gatekey-project/gatekey/cmd/gatekey-admin/main.go:2062.6,2064.48 2 0
github.com/gatekey-project/gatekey/cmd/gatekey-admin/main.go:2064.48,2066.4 1 0
github.com/gatekey-project/gatekey/cmd/gatekey-admin/main.go:2068.3,2068.30 1 0
github.com/gatekey-project/gatekey/cmd/gatekey-admin/main.go:2068.30,2070.63 2 0
github.com/gatekey-project/gatekey/cmd/gatekey-admin/main.go:2070.63,2071.13 1 0
github.com/gatekey-project/gatekey/cmd/gatekey-admin/main.go:2074.4,2074.24 1 0
github.com/gatekey-project/gatekey/cmd/gatekey-admin/main.go:2074.24,2075.21 1 0
github.com/gatekey-project/gatekey/cmd/gatekey-admin/main.go:2075.21,2077.6 1 0
github.com/gatekey-project/gatekey/cmd/gatekey-admin/main.go:2077.11,2079.6 1 0
github.com/gatekey-project/gatekey/cmd/gatekey-admin/main.go:2082.4,2082.16 1 0
github.com/gatekey-project/gatekey/cmd/gatekey-admin/main.go:2082.16,2083.50 1 0
github.com/gatekey-project/gatekey/cmd/gatekey-admin/main.go:2083.50,2085.6 1 0
github.com/gatekey-project/gatekey/cmd/gatekey-admin/main.go:2086.5,2086.15 1 0
github.com/gatekey-project/gatekey/cmd/gatekey-admin/main.go:2088.9,2088.36 1 0
github.com/gatekey-project/gatekey/cmd/gatekey-admin/main.go:2088.36,2094.4 3 0
github.com/gatekey-project/gatekey/cmd/gatekey-admin/main.go:2098.52,2100.16 2 0
github.com/gatekey-project/gatekey/cmd/gatekey-admin/main.go:2100.16,2102.3 1 0
github.com/gatekey-project/gatekey/cmd/gatekey-admin/main.go:2105.2,2106.16 2 0
github.com/gatekey-project/gatekey/cmd/gatekey-admin/main.go:2106.16,2108.3 1 0
github.com/gatekey-project/gatekey/cmd/gatekey-admin/main.go:2111.2,2118.45 5 0
github.com/gatekey-project/gatekey/cmd/gatekey-admin/main.go:2118.45,2120.3 1 0
github.com/gatekey-project/gatekey/cmd/gatekey-admin/main.go:2121.2,2121.16 1 0
github.com/gatekey-project/gatekey/cmd/gatekey-admin/main.go:2121.16,2123.3 1 0
github.com/gatekey-project/gatekey/cmd/gatekey-admin/main.go:2124.2,2128.51 3 0
github.com/gatekey-project/gatekey/cmd/gatekey-admin/main.go:2128.51,2130.3 1 0
github.com/gatekey-project/gatekey/cmd/gatekey-admin/main.go:2134.2,2140.44 3 0
github.com/gatekey-project/gatekey/cmd/gatekey-admin/main.go:2140.44,2142.3 1 0
github.com/gatekey-project/gatekey/cmd/gatekey-admin/main.go:2145.2,2146.45 2 0
github.com/gatekey-project/gatekey/cmd/gatekey-admin/main.go:2146.45,2148.3 1 0
github.com/gatekey-project/gatekey/cmd/gatekey-admin/main.go:2149.2,2149.26 1 0
github.com/gatekey-project/gatekey/cmd/gatekey-admin/main.go:2149.26,2155.3 3 0
github.com/gatekey-project/gatekey/cmd/gatekey-admin/main.go:2156.2,2156.36 1 0
github.com/gatekey-project/gatekey/cmd/gatekey-admin/main.go:2156.36,2158.3 1 0
github.com/gatekey-project/gatekey/cmd/gatekey-admin/main.go:2160.2,2168.12 5 0
github.com/gatekey-project/gatekey/cmd/gatekey-admin/main.go:2168.12,2170.7 2 0
github.com/gatekey-project/gatekey/cmd/gatekey-admin/main.go:2170.7,2172.49 2 0
github.com/gatekey-project/gatekey/cmd/gatekey-admin/main.go:2172.49,2174.5 1 0
github.com/gatekey-project/gatekey/cmd/gatekey-admin/main.go:2176.4,2176.31 1 0
github.com/gatekey-project/gatekey/cmd/gatekey-admin/main.go:2176.31,2178.64 2 0
github.com/gatekey-project/gatekey/cmd/gatekey-admin/main.go:2178.64,2179.14 1 0
github.com/gatekey-project/gatekey/cmd/gatekey-admin/main.go:2182.5,2182.25 1 0
github.com/gatekey-project/gatekey/cmd/gatekey-admin/main.go:2182.25,2183.22 1 0
github.com/gatekey-project/gatekey/cmd/gatekey-admin/main.go:2183.22,2185.7 1 0
github.com/gatekey-project/gatekey/cmd/gatekey-admin/main.go:2185.12,2187.7 1 0
github.com/gatekey-project/gatekey/cmd/gatekey-admin/main.go:2190.5,2190.40 1 0
github.com/gatekey-project/gatekey/cmd/gatekey-admin/main.go:2190.40,2192.6 1 0
github.com/gatekey-project/gatekey/cmd/gatekey-admin/main.go:2193.10,2193.37 1 0
github.com/gatekey-project/gatekey/cmd/gatekey-admin/main.go:2193.37,2199.5 3 0
github.com/gatekey-project/gatekey/cmd/gatekey-admin/main.go:2204.2,2205.6 2 0
github.com/gatekey-project/gatekey/cmd/gatekey-admin/main.go:2205.6,2206.10 1 0
github.com/gatekey-project/gatekey/cmd/gatekey-admin/main.go:2207.18,2214.14 4 0
github.com/gatekey-project/gatekey/cmd/gatekey-admin/main.go:2215.21,2216.42 1 0
github.com/gatekey-project/gatekey/cmd/gatekey-admin/main.go:2217.11,2217.11 0 0
github.com/gatekey-project/gatekey/cmd/gatekey-admin/main.go:2220.3,2222.17 3 0
github.com/gatekey-project/gatekey/cmd/gatekey-admin/main.go:2222.17,2223.9 1 0
github.com/gatekey-project/gatekey/cmd/gatekey-admin/main.go:2226.3,2227.20 2 0
github.com/gatekey-project/gatekey/cmd/gatekey-admin/main.go:2227.20,2228.12 1 0
github.com/gatekey-project/gatekey/cmd/gatekey-admin/main.go:2231.3,2231.45 1 0
github.com/gatekey-project/gatekey/cmd/gatekey-admin/main.go:2231.45,2239.4 4 0
github.com/gatekey-project/gatekey/cmd/gatekey-admin/main.go:2242.3,2248.48 3 0
github.com/gatekey-project/gatekey/cmd/gatekey-admin/main.go:2248.48,2250.4 1 0
github.com/gatekey-project/gatekey/cmd/gatekey-admin/main.go:2253.3,2253.37 1 0
github.com/gatekey-project/gatekey/cmd/gatekey-admin/main.go:2256.2,2256.12 1 0
github.com/gatekey-project/gatekey/cmd/gatekey-admin/main.go:2261.38,2269.2 3 0
github.com/gatekey-project/gatekey/cmd/gatekey-admin/main.go:2271.42,2281.55 2 0
github.com/gatekey-project/gatekey/cmd/gatekey-admin/main.go:2281.55,2284.18 3 0
github.com/gatekey-project/gatekey/cmd/gatekey-admin/main.go:2284.18,2286.5 1 0
github.com/gatekey-project/gatekey/cmd/gatekey-admin/main.go:2287.4,2287.135 1 0
github.com/gatekey-project/gatekey/cmd/gatekey-admin/main.go:2287.135,2290.18 3 0
github.com/gatekey-project/gatekey/cmd/gatekey-admin/main.go:2290.18,2292.6 1 0
github.com/gatekey-project/gatekey/cmd/gatekey-admin/main.go:2293.5,2293.74 1 0
github.com/gatekey-project/gatekey/cmd/gatekey-admin/main.go:2299.2,2303.55 1 0
github.com/gatekey-project/gatekey/cmd/gatekey-admin/main.go:2303.55,2306.18 3 0
github.com/gatekey-project/gatekey/cmd/gatekey-admin/main.go:2306.18,2308.5 1 0
github.com/gatekey-project/gatekey/cmd/gatekey-admin/main.go:2309.4,2309.33 1 0
github.com/gatekey-project/gatekey/cmd/gatekey-admin/main.go:2314.2,2317.55 1 0
github.com/gatekey-project/gatekey/cmd/gatekey-admin/main.go:2317.55,2335.74 15 0
github.com/gatekey-project/gatekey/cmd/gatekey-admin/main.go:2335.74,2337.5 1 0
github.com/gatekey-project/gatekey/cmd/gatekey-admin/main.go:2339.4,2339.25 1 0
github.com/gatekey-project/gatekey/cmd/gatekey-admin/main.go:2339.25,2341.5 1 0
github.com/gatekey-project/gatekey/cmd/gatekey-admin/main.go:2343.4,2343.24 1 0
github.com/gatekey-project/gatekey/cmd/gatekey-admin/main.go:2343.24,2345.5 1 0
github.com/gatekey-project/gatekey/cmd/gatekey-admin/main.go:2347.4,2368.18 4 0
github.com/gatekey-project/gatekey/cmd/gatekey-admin/main.go:2368.18,2370.5 1 0
github.com/gatekey-project/gatekey/cmd/gatekey-admin/main.go:2371.4,2372.14 2 0
github.com/gatekey-project/gatekey/cmd/gatekey-admin/main.go:2375.2,2395.55 15 0
github.com/gatekey-project/gatekey/cmd/gatekey-admin/main.go:2395.55,2398.82 2 0
github.com/gatekey-project/gatekey/cmd/gatekey-admin/main.go:2398.82,2400.5 1 0
github.com/gatekey-project/gatekey/cmd/gatekey-admin/main.go:2401.4,2401.66 1 0
github.com/gatekey-project/gatekey/cmd/gatekey-admin/main.go:2401.66,2403.5 1 0
github.com/gatekey-project/gatekey/cmd/gatekey-admin/main.go:2404.4,2404.73 1 0
github.com/gatekey-project/gatekey/cmd/gatekey-admin/main.go:2404.73,2406.5 1 0
github.com/gatekey-project/gatekey/cmd/gatekey-admin/main.go:2407.4,2407.85 1 0
github.com/gatekey-project/gatekey/cmd/gatekey-admin/main.go:2407.85,2409.5 1 0
github.com/gatekey-project/gatekey/cmd/gatekey-admin/main.go:2410.4,2410.82 1 0
github.com/gatekey-project/gatekey/cmd/gatekey-admin/main.go:2410.82,2412.5 1 0
github.com/gatekey-project/gatekey/cmd/gatekey-admin/main.go:2413.4,2413.74 1 0
github.com/gatekey-project/gatekey/cmd/gatekey-admin/main.go:2413.74,2415.5 1 0
github.com/gatekey-project/gatekey/cmd/gatekey-admin/main.go:2416.4,2416.97 1 0
github.com/gatekey-project/gatekey/cmd/gatekey-admin/main.go:2416.97,2418.5 1 0
github.com/gatekey-project/gatekey/cmd/gatekey-admin/main.go:2419.4,2419.38 1 0
github.com/gatekey-project/gatekey/cmd/gatekey-admin/main.go:2419.38,2422.5 2 0
github.com/gatekey-project/gatekey/cmd/gatekey-admin/main.go:2425.4,2426.42 2 0
github.com/gatekey-project/gatekey/cmd/gatekey-admin/main.go:2426.42,2429.5 2 0
github.com/gatekey-project/gatekey/cmd/gatekey-admin/main.go:2430.4,2430.41 1 0
github.com/gatekey-project/gatekey/cmd/gatekey-admin/main.go:2430.41,2433.5 2 0
github.com/gatekey-project/gatekey/cmd/gatekey-admin/main.go:2434.4,2434.47 1 0
github.com/gatekey-project/gatekey/cmd/gatekey-admin/main.go:2434.47,2437.5 2 0
github.com/gatekey-project/gatekey/cmd/gatekey-admin/main.go:2438.4,2438.48 1 0
github.com/gatekey-project/gatekey/cmd/gatekey-admin/main.go:2438.48,2441.5 2 0
github.com/gatekey-project/gatekey/cmd/gatekey-admin/main.go:2442.4,2442.43 1 0
github.com/gatekey-project/gatekey/cmd/gatekey-admin/main.go:2442.43,2445.5 2 0
github.com/gatekey-project/gatekey/cmd/gatekey-admin/main.go:2446.4,2446.30 1 0
github.com/gatekey-project/gatekey/cmd/gatekey-admin/main.go:2446.30,2448.5 1 0
github.com/gatekey-project/gatekey/cmd/gatekey-admin/main.go:2450.4,2452.18 3 0
github.com/gatekey-project/gatekey/cmd/gatekey-admin/main.go:2452.18,2454.5 1 0
github.com/gatekey-project/gatekey/cmd/gatekey-admin/main.go:2455.4,2456.14 2 0
github.com/gatekey-project/gatekey/cmd/gatekey-admin/main.go:2459.2,2478.55 14 0
github.com/gatekey-project/gatekey/cmd/gatekey-admin/main.go:2478.55,2480.66 2 0
github.com/gatekey-project/gatekey/cmd/gatekey-admin/main.go:2480.66,2482.5 1 0
github.com/gatekey-project/gatekey/cmd/gatekey-admin/main.go:2483.4,2484.14 2 0
github.com/gatekey-project/gatekey/cmd/gatekey-admin/main.go:2488.2,2489.12 2 0
github.com/gatekey-project/gatekey/cmd/gatekey-admin/main.go:2492.42,2502.55 2 0
github.com/gatekey-project/gatekey/cmd/gatekey-admin/main.go:2502.55,2505.18 3 0
github.com/gatekey-project/gatekey/cmd/gatekey-admin/main.go:2505.18,2507.5 1 0
github.com/gatekey-project/gatekey/cmd/gatekey-admin/main.go:2508.4,2508.145 1 0
github.com/gatekey-project/gatekey/cmd/gatekey-admin/main.go:2508.145,2511.18 3 0
github.com/gatekey-project/gatekey/cmd/gatekey-admin/main.go:2511.18,2513.6 1 0
github.com/gatekey-project/gatekey/cmd/gatekey-admin/main.go:2514.5,2514.82 1 0
github.com/gatekey-project/gatekey/cmd/gatekey-admin/main.go:2520.2,2524.55 1 0
github.com/gatekey-project/gatekey/cmd/gatekey-admin/main.go:2524.55,2527.18 3 0
github.com/gatekey-project/gatekey/cmd/gatekey-admin/main.go:2527.18,2529.5 1 0
github.com/gatekey-project/gatekey/cmd/gatekey-admin/main.go:2530.4,2530.33 1 0
github.com/gatekey-project/gatekey/cmd/gatekey-admin/main.go:2535.2,2538.55 1 0
github.com/gatekey-project/gatekey/cmd/gatekey-admin/main.go:2538.55,2554.60 13 0
github.com/gatekey-project/gatekey/cmd/gatekey-admin/main.go:2554.60,2556.5 1 0
github.com/gatekey-project/gatekey/cmd/gatekey-admin/main.go:2558.4,2558.25 1 0
github.com/gatekey-project/gatekey/cmd/gatekey-admin/main.go:2558.25,2560.5 1 0
github.com/gatekey-project/gatekey/cmd/gatekey-admin/main.go:2562.4,2581.18 4 0
github.com/gatekey-project/gatekey/cmd/gatekey-admin/main.go:2581.18,2583.5 1 0
github.com/gatekey-project/gatekey/cmd/gatekey-admin/main.go:2584.4,2585.14 2 0
github.com/gatekey-project/gatekey/cmd/gatekey-admin/main.go:2588.2,2606.55 13 0
github.com/gatekey-project/gatekey/cmd/gatekey-admin/main.go:2606.55,2609.82 2 0
github.com/gatekey-project/gatekey/cmd/gatekey-admin/main.go:2609.82,2611.5 1 0
github.com/gatekey-project/gatekey/cmd/gatekey-admin/main.go:2612.4,2612.92 1 0
github.com/gatekey-project/gatekey/cmd/gatekey-admin/main.go:2612.92,2614.5 1 0
github.com/gatekey-project/gatekey/cmd/gatekey-admin/main.go:2615.4,2615.73 1 0
github.com/gatekey-project/gatekey/cmd/gatekey-admin/main.go:2615.73,2617.5 1 0
github.com/gatekey-project/gatekey/cmd/gatekey-admin/main.go:2618.4,2618.67 1 0
github.com/gatekey-project/gatekey/cmd/gatekey-admin/main.go:2618.67,2620.5 1 0
github.com/gatekey-project/gatekey/cmd/gatekey-admin/main.go:2621.4,2621.97 1 0
github.com/gatekey-project/gatekey/cmd/gatekey-admin/main.go:2621.97,2623.5 1 0
github.com/gatekey-project/gatekey/cmd/gatekey-admin/main.go:2624.4,2624.38 1 0
github.com/gatekey-project/gatekey/cmd/gatekey-admin/main.go:2624.38,2627.5 2 0
github.com/gatekey-project/gatekey/cmd/gatekey-admin/main.go:2630.4,2631.41 2 0
github.com/gatekey-project/gatekey/cmd/gatekey-admin/main.go:2631.41,2634.5 2 0
github.com/gatekey-project/gatekey/cmd/gatekey-admin/main.go:2635.4,2635.40 1 0
github.com/gatekey-project/gatekey/cmd/gatekey-admin/main.go:2635.40,2638.5 2 0
github.com/gatekey-project/gatekey/cmd/gatekey-admin/main.go:2639.4,2639.46 1 0
github.com/gatekey-project/gatekey/cmd/gatekey-admin/main.go:2639.46,2642.5 2 0
github.com/gatekey-project/gatekey/cmd/gatekey-admin/main.go:2643.4,2643.47 1 0
github.com/gatekey-project/gatekey/cmd/gatekey-admin/main.go:2643.47,2646.5 2 0
github.com/gatekey-project/gatekey/cmd/gatekey-admin/main.go:2647.4,2647.42 1 0
github.com/gatekey-project/gatekey/cmd/gatekey-admin/main.go:2647.42,2650.5 2 0
github.com/gatekey-project/gatekey/cmd/gatekey-admin/main.go:2651.4,2651.29 1 0
github.com/gatekey-project/gatekey/cmd/gatekey-admin/main.go:2651.29,2653.5 1 0
github.com/gatekey-project/gatekey/cmd/gatekey-admin/main.go:2655.4,2657.18 3 0
github.com/gatekey-project/gatekey/cmd/gatekey-admin/main.go:2657.18,2659.5 1 0
github.com/gatekey-project/gatekey/cmd/gatekey-admin/main.go:2660.4,2661.14 2 0
github.com/gatekey-project/gatekey/cmd/gatekey-admin/main.go:2664.2,2681.55 12 0
github.com/gatekey-project/gatekey/cmd/gatekey-admin/main.go:2681.55,2683.66 2 0
github.com/gatekey-project/gatekey/cmd/gatekey-admin/main.go:2683.66,2685.5 1 0
github.com/gatekey-project/gatekey/cmd/gatekey-admin/main.go:2686.4,2687.14 2 0
github.com/gatekey-project/gatekey/cmd/gatekey-admin/main.go:2691.2,2692.12 2 0
github.com/gatekey-project/gatekey/cmd/gatekey-admin/main.go:2697.37,2701.48 1 0
github.com/gatekey-project/gatekey/cmd/gatekey-admin/main.go:2701.48,2706.4 4 0
github.com/gatekey-project/gatekey/cmd/gatekey-admin/main.go:2712.97,2713.22 1 0
github.com/gatekey-project/gatekey/cmd/gatekey-admin/main.go:2714.14,2715.50 1 0
github.com/gatekey-project/gatekey/cmd/gatekey-admin/main.go:2716.14,2717.50 1 0
github.com/gatekey-project/gatekey/cmd/gatekey-admin/main.go:2718.10,2721.30 3 0
github.com/gatekey-project/gatekey/cmd/gatekey-admin/main.go:2721.30,2723.4 1 0
github.com/gatekey-project/gatekey/cmd/gatekey-admin/main.go:2724.3,2724.19 1 0
github.com/gatekey-project/gatekey/cmd/gatekey-admin/main.go:2728.43,2729.22 1 0
github.com/gatekey-project/gatekey/cmd/gatekey-admin/main.go:2730.14,2733.26 3 0
github.com/gatekey-project/gatekey/cmd/gatekey-admin/main.go:2734.14,2735.49 1 0
github.com/gatekey-project/gatekey/cmd/gatekey-admin/main.go:2736.10,2739.26 3 0
github.com/gatekey-project/gatekey/cmd/gatekey-admin/main.go:2743.53,2745.16 1 0
github.com/gatekey-project/gatekey/cmd/gatekey-admin/main.go:2745.16,2747.3 1 0
github.com/gatekey-project/gatekey/cmd/gatekey-admin/main.go:2749.2,2753.14 4 0
github.com/gatekey-project/gatekey/cmd/gatekey-admin/main.go:2754.11,2755.30 1 0
github.com/gatekey-project/gatekey/cmd/gatekey-admin/main.go:2756.11,2757.34 1 0
github.com/gatekey-project/gatekey/cmd/gatekey-admin/main.go:2758.11,2759.35 1 0
github.com/gatekey-project/gatekey/cmd/gatekey-admin/main.go:2760.11,2761.36 1 0
github.com/gatekey-project/gatekey/cmd/gatekey-admin/main.go:2762.10,2764.31 1 0
github.com/gatekey-project/gatekey/cmd/gatekey-admin/main.go:2767.2,2768.57 2 0
github.com/gatekey-project/gatekey/cmd/gatekey-admin/main.go:2768.57,2770.3 1 0
github.com/gatekey-project/gatekey/cmd/gatekey-admin/main.go:2772.2,2772.45 1 0
github.com/gatekey-project/gatekey/cmd/gatekey-gateway/main.go:43.33,45.16 2 0
github.com/gatekey-project/gatekey/cmd/gatekey-gateway/main.go:45.16,47.3 1 0
github.com/gatekey-project/gatekey/cmd/gatekey-gateway/main.go:48.2,48.40 1 0
github.com/gatekey-project/gatekey/cmd/gatekey-gateway/main.go:52.46,54.2 1 0
github.com/gatekey-project/gatekey/cmd/gatekey-gateway/main.go:56.13,85.42 7 0
github.com/gatekey-project/gatekey/cmd/gatekey-gateway/main.go:85.42,88.3 2 0
github.com/gatekey-project/gatekey/cmd/gatekey-gateway/main.go:129.43,140.41 9 0
github.com/gatekey-project/gatekey/cmd/gatekey-gateway/main.go:140.41,142.3 1 0
github.com/gatekey-project/gatekey/cmd/gatekey-gateway/main.go:144.2,148.42 4 0
github.com/gatekey-project/gatekey/cmd/gatekey-gateway/main.go:148.42,150.3 1 0
github.com/gatekey-project/gatekey/cmd/gatekey-gateway/main.go:152.2,152.18 1 0
github.com/gatekey-project/gatekey/cmd/gatekey-gateway/main.go:155.52,157.22 2 0
github.com/gatekey-project/gatekey/cmd/gatekey-gateway/main.go:157.22,159.3 1 0
github.com/gatekey-project/gatekey/cmd/gatekey-gateway/main.go:160.2,160.20 1 0
github.com/gatekey-project/gatekey/cmd/gatekey-gateway/main.go:163.56,165.16 2 0
github.com/gatekey-project/gatekey/cmd/gatekey-gateway/main.go:165.16,167.3 1 0
github.com/gatekey-project/gatekey/cmd/gatekey-gateway/main.go:169.2,170.16 2 0
github.com/gatekey-project/gatekey/cmd/gatekey-gateway/main.go:170.16,172.3 1 0
github.com/gatekey-project/gatekey/cmd/gatekey-gateway/main.go:173.2,187.16 5 0
github.com/gatekey-project/gatekey/cmd/gatekey-gateway/main.go:187.16,189.3 1 0
github.com/gatekey-project/gatekey/cmd/gatekey-gateway/main.go:189.8,192.53 3 0
github.com/gatekey-project/gatekey/cmd/gatekey-gateway/main.go:192.53,195.4 2 0
github.com/gatekey-project/gatekey/cmd/gatekey-gateway/main.go:195.9,197.4 1 0
github.com/gatekey-project/gatekey/cmd/gatekey-gateway/main.go:200.2,206.20 5 0
github.com/gatekey-project/gatekey/cmd/gatekey-gateway/main.go:206.20,208.42 1 0
github.com/gatekey-project/gatekey/cmd/gatekey-gateway/main.go:208.42,210.4 1 0
github.com/gatekey-project/gatekey/cmd/gatekey-gateway/main.go:210.9,212.4 1 0
github.com/gatekey-project/gatekey/cmd/gatekey-gateway/main.go:214.2,214.22 1 0
github.com/gatekey-project/gatekey/cmd/gatekey-gateway/main.go:214.22,222.13 2 0
github.com/gatekey-project/gatekey/cmd/gatekey-gateway/main.go:222.13,225.77 2 0
github.com/gatekey-project/gatekey/cmd/gatekey-gateway/main.go:225.77,227.5 1 0
github.com/gatekey-project/gatekey/cmd/gatekey-gateway/main.go:232.2,233.24 2 0
github.com/gatekey-project/gatekey/cmd/gatekey-gateway/main.go:233.24,244.3 3 0
github.com/gatekey-project/gatekey/cmd/gatekey-gateway/main.go:247.2,263.24 8 0
github.com/gatekey-project/gatekey/cmd/gatekey-gateway/main.go:263.24,266.59 3 0
github.com/gatekey-project/gatekey/cmd/gatekey-gateway/main.go:266.59,268.4 1 0
github.com/gatekey-project/gatekey/cmd/gatekey-gateway/main.go:272.2,272.26 1 0
github.com/gatekey-project/gatekey/cmd/gatekey-gateway/main.go:272.26,274.3 1 0
github.com/gatekey-project/gatekey/cmd/gatekey-gateway/main.go:277.2,277.24 1 0
github.com/gatekey-project/gatekey/cmd/gatekey-gateway/main.go:277.24,278.67 1 0
github.com/gatekey-project/gatekey/cmd/gatekey-gateway/main.go:278.67,280.4 1 0
github.com/gatekey-project/gatekey/cmd/gatekey-gateway/main.go:283.2,283.12 1 0
github.com/gatekey-project/gatekey/cmd/gatekey-gateway/main.go:286.61,293.28 5 0
github.com/gatekey-project/gatekey/cmd/gatekey-gateway/main.go:293.28,295.3 1 0
github.com/gatekey-project/gatekey/cmd/gatekey-gateway/main.go:298.2,302.16 3 0
github.com/gatekey-project/gatekey/cmd/gatekey-gateway/main.go:302.16,304.3 1 0
github.com/gatekey-project/gatekey/cmd/gatekey-gateway/main.go:304.8,309.57 2 0
github.com/gatekey-project/gatekey/cmd/gatekey-gateway/main.go:309.57,312.62 2 0
github.com/gatekey-project/gatekey/cmd/gatekey-gateway/main.go:312.62,314.5 1 0
github.com/gatekey-project/gatekey/cmd/gatekey-gateway/main.go:314.10,316.63 2 0
github.com/gatekey-project/gatekey/cmd/gatekey-gateway/main.go:316.63,318.6 1 0
github.com/gatekey-project/gatekey/cmd/gatekey-gateway/main.go:319.5,320.53 1 0
github.com/gatekey-project/gatekey/cmd/gatekey-gateway/main.go:325.2,325.6 1 0
github.com/gatekey-project/gatekey/cmd/gatekey-gateway/main.go:325.6,326.10 1 0
github.com/gatekey-project/gatekey/cmd/gatekey-gateway/main.go:327.21,328.10 1 0
github.com/gatekey-project/gatekey/cmd/gatekey-gateway/main.go:329.19,335.18 4 0
github.com/gatekey-project/gatekey/cmd/gatekey-gateway/main.go:335.18,337.13 2 0
github.com/gatekey-project/gatekey/cmd/gatekey-gateway/main.go:341.4,341.29 1 0
github.com/gatekey-project/gatekey/cmd/gatekey-gateway/main.go:341.29,346.63 2 0
github.com/gatekey-project/gatekey/cmd/gatekey-gateway/main.go:346.63,348.6 1 0
github.com/gatekey-project/gatekey/cmd/gatekey-gateway/main.go:348.11,351.64 2 0
github.com/gatekey-project/gatekey/cmd/gatekey-gateway/main.go:351.64,353.7 1 0
github.com/gatekey-project/gatekey/cmd/gatekey-gateway/main.go:354.6,355.58 1 0
github.com/gatekey-project/gatekey/cmd/gatekey-gateway/main.go:363.99,368.16 3 0
github.com/gatekey-project/gatekey/cmd/gatekey-gateway/main.go:368.16,370.3 1 0
github.com/gatekey-project/gatekey/cmd/gatekey-gateway/main.go:374.2,375.90 2 0
github.com/gatekey-project/gatekey/cmd/gatekey-gateway/main.go:375.90,377.3 1 0
github.com/gatekey-project/gatekey/cmd/gatekey-gateway/main.go:378.2,378.98 1 0
github.com/gatekey-project/gatekey/cmd/gatekey-gateway/main.go:378.98,380.3 1 0
github.com/gatekey-project/gatekey/cmd/gatekey-gateway/main.go:381.2,381.97 1 0
github.com/gatekey-project/gatekey/cmd/gatekey-gateway/main.go:381.97,383.3 1 0
github.com/gatekey-project/gatekey/cmd/gatekey-gateway/main.go:386.2,386.58 1 0
github.com/gatekey-project/gatekey/cmd/gatekey-gateway/main.go:386.58,387.95 1 0
github.com/gatekey-project/gatekey/cmd/gatekey-gateway/main.go:387.95,389.4 1 0
github.com/gatekey-project/gatekey/cmd/gatekey-gateway/main.go:392.2,395.41 2 0
github.com/gatekey-project/gatekey/cmd/gatekey-gateway/main.go:395.41,397.3 1 0
github.com/gatekey-project/gatekey/cmd/gatekey-gateway/main.go:399.2,399.12 1 0
github.com/gatekey-project/gatekey/cmd/gatekey-gateway/main.go:403.29,406.34 2 0
github.com/gatekey-project/gatekey/cmd/gatekey-gateway/main.go:406.34,409.35 2 0
github.com/gatekey-project/gatekey/cmd/gatekey-gateway/main.go:409.35,411.4 1 0
github.com/gatekey-project/gatekey/cmd/gatekey-gateway/main.go:413.2,413.12 1 0
github.com/gatekey-project/gatekey/cmd/gatekey-gateway/main.go:417.27,419.44 1 0
github.com/gatekey-project/gatekey/cmd/gatekey-gateway/main.go:419.44,421.3 1 0
github.com/gatekey-project/gatekey/cmd/gatekey-gateway/main.go:423.2,423.11 1 0
github.com/gatekey-project/gatekey/cmd/gatekey-gateway/main.go:427.30,429.62 1 0
github.com/gatekey-project/gatekey/cmd/gatekey-gateway/main.go:429.62,431.3 1 0
github.com/gatekey-project/gatekey/cmd/gatekey-gateway/main.go:432.2,432.66 1 0
github.com/gatekey-project/gatekey/cmd/gatekey-gateway/main.go:432.66,434.3 1 0
github.com/gatekey-project/gatekey/cmd/gatekey-gateway/main.go:435.2,435.14 1 0
github.com/gatekey-project/gatekey/cmd/gatekey-gateway/main.go:439.33,443.2 1 0
github.com/gatekey-project/gatekey/cmd/gatekey-gateway/main.go:446.63,455.6 5 0
github.com/gatekey-project/gatekey/cmd/gatekey-gateway/main.go:455.6,456.10 1 0
github.com/gatekey-project/gatekey/cmd/gatekey-gateway/main.go:457.21,458.10 1 0
github.com/gatekey-project/gatekey/cmd/gatekey-gateway/main.go:459.19,464.30 2 0
github.com/gatekey-project/gatekey/cmd/gatekey-gateway/main.go:470.48,471.24 1 0
github.com/gatekey-project/gatekey/cmd/gatekey-gateway/main.go:471.24,473.3 1 0
github.com/gatekey-project/gatekey/cmd/gatekey-gateway/main.go:475.2,475.44 1 0
github.com/gatekey-project/gatekey/cmd/gatekey-gateway/main.go:475.44,477.17 2 0
github.com/gatekey-project/gatekey/cmd/gatekey-gateway/main.go:477.17,481.12 2 0
github.com/gatekey-project/gatekey/cmd/gatekey-gateway/main.go:485.3,485.78 1 0
github.com/gatekey-project/gatekey/cmd/gatekey-gateway/main.go:485.78,489.4 1 0
github.com/gatekey-project/gatekey/cmd/gatekey-gateway/main.go:494.137,510.16 3 0
github.com/gatekey-project/gatekey/cmd/gatekey-gateway/main.go:510.16,512.3 1 0
github.com/gatekey-project/gatekey/cmd/gatekey-gateway/main.go:514.2,516.16 3 0
github.com/gatekey-project/gatekey/cmd/gatekey-gateway/main.go:516.16,518.3 1 0
github.com/gatekey-project/gatekey/cmd/gatekey-gateway/main.go:519.2,521.38 2 0
github.com/gatekey-project/gatekey/cmd/gatekey-gateway/main.go:521.38,524.3 2 0
github.com/gatekey-project/gatekey/cmd/gatekey-gateway/main.go:526.2,527.67 2 0
github.com/gatekey-project/gatekey/cmd/gatekey-gateway/main.go:527.67,529.3 1 0
github.com/gatekey-project/gatekey/cmd/gatekey-gateway/main.go:531.2,531.21 1 0
github.com/gatekey-project/gatekey/cmd/gatekey-gateway/main.go:535.104,536.24 1 0
github.com/gatekey-project/gatekey/cmd/gatekey-gateway/main.go:536.24,538.3 1 0
github.com/gatekey-project/gatekey/cmd/gatekey-gateway/main.go:541.2,544.37 3 0
github.com/gatekey-project/gatekey/cmd/gatekey-gateway/main.go:544.37,545.20 1 0
github.com/gatekey-project/gatekey/cmd/gatekey-gateway/main.go:546.13,549.17 2 0
github.com/gatekey-project/gatekey/cmd/gatekey-gateway/main.go:549.17,554.5 1 0
github.com/gatekey-project/gatekey/cmd/gatekey-gateway/main.go:555.15,557.34 2 0
github.com/gatekey-project/gatekey/cmd/gatekey-gateway/main.go:557.34,559.5 1 0
github.com/gatekey-project/gatekey/cmd/gatekey-gateway/main.go:560.40,563.18 2 0
github.com/gatekey-project/gatekey/cmd/gatekey-gateway/main.go:563.18,564.28 1 0
github.com/gatekey-project/gatekey/cmd/gatekey-gateway/main.go:564.28,565.37 1 0
github.com/gatekey-project/gatekey/cmd/gatekey-gateway/main.go:565.37,570.7 1 0
github.com/gatekey-project/gatekey/cmd/gatekey-gateway/main.go:576.3,576.42 1 0
github.com/gatekey-project/gatekey/cmd/gatekey-gateway/main.go:576.42,578.25 2 0
github.com/gatekey-project/gatekey/cmd/gatekey-gateway/main.go:579.15,580.36 1 0
github.com/gatekey-project/gatekey/cmd/gatekey-gateway/main.go:581.15,582.36 1 0
github.com/gatekey-project/gatekey/cmd/gatekey-gateway/main.go:585.4,585.40 1 0
github.com/gatekey-project/gatekey/cmd/gatekey-gateway/main.go:585.40,588.24 2 0
github.com/gatekey-project/gatekey/cmd/gatekey-gateway/main.go:588.24,596.6 3 0
github.com/gatekey-project/gatekey/cmd/gatekey-gateway/main.go:597.10,599.17 2 0
github.com/gatekey-project/gatekey/cmd/gatekey-gateway/main.go:599.17,604.6 1 0
github.com/gatekey-project/gatekey/cmd/gatekey-gateway/main.go:610.2,611.21 2 0
github.com/gatekey-project/gatekey/cmd/gatekey-gateway/main.go:611.21,613.3 1 0
github.com/gatekey-project/gatekey/cmd/gatekey-gateway/main.go:616.2,617.16 2 0
github.com/gatekey-project/gatekey/cmd/gatekey-gateway/main.go:617.16,619.3 1 0
github.com/gatekey-project/gatekey/cmd/gatekey-gateway/main.go:622.2,626.82 3 0
github.com/gatekey-project/gatekey/cmd/gatekey-gateway/main.go:630.49,631.24 1 0
github.com/gatekey-project/gatekey/cmd/gatekey-gateway/main.go:631.24,633.3 1 0
github.com/gatekey-project/gatekey/cmd/gatekey-gateway/main.go:635.2,636.68 2 0
github.com/gatekey-project/gatekey/cmd/gatekey-gateway/main.go:639.58,641.16 2 0
github.com/gatekey-project/gatekey/cmd/gatekey-gateway/main.go:641.16,643.3 1 0
github.com/gatekey-project/gatekey/cmd/gatekey-gateway/main.go:645.2,646.20 2 0
github.com/gatekey-project/gatekey/cmd/gatekey-gateway/main.go:646.20,648.3 1 0
github.com/gatekey-project/gatekey/cmd/gatekey-gateway/main.go:650.2,650.20 1 0
github.com/gatekey-project/gatekey/cmd/gatekey-gateway/main.go:650.20,652.3 1 0
github.com/gatekey-project/gatekey/cmd/gatekey-gateway/main.go:654.2,658.58 3 0
github.com/gatekey-project/gatekey/cmd/gatekey-gateway/main.go:658.58,660.17 2 0
github.com/gatekey-project/gatekey/cmd/gatekey-gateway/main.go:660.17,661.26 1 0
github.com/gatekey-project/gatekey/cmd/gatekey-gateway/main.go:661.26,663.5 1 0
github.com/gatekey-project/gatekey/cmd/gatekey-gateway/main.go:664.4,664.43 1 0
github.com/gatekey-project/gatekey/cmd/gatekey-gateway/main.go:664.43,666.5 1 0
github.com/gatekey-project/gatekey/cmd/gatekey-gateway/main.go:670.2,670.36 1 0
github.com/gatekey-project/gatekey/cmd/gatekey-gateway/main.go:671.61,673.17 2 0
github.com/gatekey-project/gatekey/cmd/gatekey-gateway/main.go:673.17,676.4 2 0
github.com/gatekey-project/gatekey/cmd/gatekey-gateway/main.go:677.3,677.18 1 0
github.com/gatekey-project/gatekey/cmd/gatekey-gateway/main.go:677.18,680.4 2 0
github.com/gatekey-project/gatekey/cmd/gatekey-gateway/main.go:681.3,682.13 2 0
github.com/gatekey-project/gatekey/cmd/gatekey-gateway/main.go:684.33,688.41 2 0
github.com/gatekey-project/gatekey/cmd/gatekey-gateway/main.go:688.41,691.4 2 0
github.com/gatekey-project/gatekey/cmd/gatekey-gateway/main.go:693.3,694.17 2 0
github.com/gatekey-project/gatekey/cmd/gatekey-gateway/main.go:694.17,697.4 2 0
github.com/gatekey-project/gatekey/cmd/gatekey-gateway/main.go:700.3,700.50 1 0
github.com/gatekey-project/gatekey/cmd/gatekey-gateway/main.go:700.50,701.80 1 0
github.com/gatekey-project/gatekey/cmd/gatekey-gateway/main.go:701.80,703.5 1 0
github.com/gatekey-project/gatekey/cmd/gatekey-gateway/main.go:707.3,708.18 2 0
github.com/gatekey-project/gatekey/cmd/gatekey-gateway/main.go:708.18,715.61 2 0
github.com/gatekey-project/gatekey/cmd/gatekey-gateway/main.go:715.61,717.5 1 0
github.com/gatekey-project/gatekey/cmd/gatekey-gateway/main.go:719.3,719.13 1 0
github.com/gatekey-project/gatekey/cmd/gatekey-gateway/main.go:721.36,722.48 1 0
github.com/gatekey-project/gatekey/cmd/gatekey-gateway/main.go:722.48,725.4 1 0
github.com/gatekey-project/gatekey/cmd/gatekey-gateway/main.go:728.3,729.18 2 0
github.com/gatekey-project/gatekey/cmd/gatekey-gateway/main.go:729.18,731.4 1 0
github.com/gatekey-project/gatekey/cmd/gatekey-gateway/main.go:732.3,732.13 1 0
github.com/gatekey-project/gatekey/cmd/gatekey-gateway/main.go:734.10,735.55 1 0
github.com/gatekey-project/gatekey/cmd/gatekey-gateway/main.go:738.2,738.12 1 0
github.com/gatekey-project/gatekey/cmd/gatekey-gateway/main.go:742.31,745.2 2 0
github.com/gatekey-project/gatekey/cmd/gatekey-gateway/main.go:750.66,751.54 1 0
github.com/gatekey-project/gatekey/cmd/gatekey-gateway/main.go:751.54,753.3 1 0
github.com/gatekey-project/gatekey/cmd/gatekey-gateway/main.go:755.2,756.16 2 0
github.com/gatekey-project/gatekey/cmd/gatekey-gateway/main.go:756.16,758.3 1 0
github.com/gatekey-project/gatekey/cmd/gatekey-gateway/main.go:760.2,761.43 2 0
github.com/gatekey-project/gatekey/cmd/gatekey-gateway/main.go:765.37,768.2 2 0
github.com/gatekey-project/gatekey/cmd/gatekey-gateway/main.go:771.48,774.16 3 0
github.com/gatekey-project/gatekey/cmd/gatekey-gateway/main.go:774.16,777.17 2 0
github.com/gatekey-project/gatekey/cmd/gatekey-gateway/main.go:777.17,780.4 1 0
github.com/gatekey-project/gatekey/cmd/gatekey-gateway/main.go:783.2,786.29 3 0
github.com/gatekey-project/gatekey/cmd/gatekey-gateway/main.go:786.29,787.47 1 0
github.com/gatekey-project/gatekey/cmd/gatekey-gateway/main.go:787.47,789.4 1 0
github.com/gatekey-project/gatekey/cmd/gatekey-gateway/main.go:790.3,790.46 1 0
github.com/gatekey-project/gatekey/cmd/gatekey-gateway/main.go:790.46,792.12 2 0
github.com/gatekey-project/gatekey/cmd/gatekey-gateway/main.go:794.3,794.33 1 0
github.com/gatekey-project/gatekey/cmd/gatekey-gateway/main.go:794.33,796.49 2 0
github.com/gatekey-project/gatekey/cmd/gatekey-gateway/main.go:796.49,798.5 1 0
github.com/gatekey-project/gatekey/cmd/gatekey-gateway/main.go:802.2,802.14 1 0
github.com/gatekey-project/gatekey/cmd/gatekey-gateway/main.go:806.56,810.16 3 0
github.com/gatekey-project/gatekey/cmd/gatekey-gateway/main.go:810.16,812.3 1 0
github.com/gatekey-project/gatekey/cmd/gatekey-gateway/main.go:814.2,814.32 1 0
github.com/gatekey-project/gatekey/cmd/gatekey-gateway/main.go:814.32,815.65 1 0
github.com/gatekey-project/gatekey/cmd/gatekey-gateway/main.go:815.65,818.18 3 0
github.com/gatekey-project/gatekey/cmd/gatekey-gateway/main.go:818.18,819.13 1 0
github.com/gatekey-project/gatekey/cmd/gatekey-gateway/main.go:822.4,823.56 2 0
github.com/gatekey-project/gatekey/cmd/gatekey-gateway/main.go:823.56,824.13 1 0
github.com/gatekey-project/gatekey/cmd/gatekey-gateway/main.go:827.4,827.34 1 0
github.com/gatekey-project/gatekey/cmd/gatekey-gateway/main.go:831.2,831.16 1 0
github.com/gatekey-project/gatekey/cmd/gatekey-gateway/main.go:835.47,839.41 2 0
github.com/gatekey-project/gatekey/cmd/gatekey-gateway/main.go:839.41,840.50 1 0
github.com/gatekey-project/gatekey/cmd/gatekey-gateway/main.go:840.50,849.18 4 0
github.com/gatekey-project/gatekey/cmd/gatekey-gateway/main.go:849.18,853.13 2 0
github.com/gatekey-project/gatekey/cmd/gatekey-gateway/main.go:856.4,856.79 1 0
github.com/gatekey-project/gatekey/cmd/gatekey-gateway/main.go:856.79,860.5 1 0
github.com/gatekey-project/gatekey/cmd/gatekey-gateway/main.go:860.10,864.5 1 0
github.com/gatekey-project/gatekey/cmd/gatekey-gateway/main.go:869.2,869.36 1 0
github.com/gatekey-project/gatekey/cmd/gatekey-gateway/main.go:869.36,870.47 1 0
github.com/gatekey-project/gatekey/cmd/gatekey-gateway/main.go:870.47,876.53 2 0
github.com/gatekey-project/gatekey/cmd/gatekey-gateway/main.go:876.53,880.5 1 0
github.com/gatekey-project/gatekey/cmd/gatekey-gateway/main.go:882.4,882.33 1 0
github.com/gatekey-project/gatekey/cmd/gatekey-gateway/main.go:900.67,905.6 3 0
github.com/gatekey-project/gatekey/cmd/gatekey-gateway/main.go:905.6,906.10 1 0
github.com/gatekey-project/gatekey/cmd/gatekey-gateway/main.go:907.21,908.10 1 0
github.com/gatekey-project/gatekey/cmd/gatekey-gateway/main.go:909.19,910.29 1 0
github.com/gatekey-project/gatekey/cmd/gatekey-gateway/main.go:916.63,922.44 2 0
github.com/gatekey-project/gatekey/cmd/gatekey-gateway/main.go:922.44,924.24 2 0
github.com/gatekey-project/gatekey/cmd/gatekey-gateway/main.go:924.24,925.34 1 0
github.com/gatekey-project/gatekey/cmd/gatekey-gateway/main.go:925.34,927.55 1 0
github.com/gatekey-project/gatekey/cmd/gatekey-gateway/main.go:927.55,929.6 1 0
github.com/gatekey-project/gatekey/cmd/gatekey-gateway/main.go:930.5,931.10 2 0
github.com/gatekey-project/gatekey/cmd/gatekey-gateway/main.go:934.3,934.39 1 0
github.com/gatekey-project/gatekey/cmd/gatekey-gateway/main.go:934.39,941.4 1 0
github.com/gatekey-project/gatekey/cmd/gatekey-gateway/main.go:944.2,953.16 3 0
github.com/gatekey-project/gatekey/cmd/gatekey-gateway/main.go:953.16,956.3 2 0
github.com/gatekey-project/gatekey/cmd/gatekey-gateway/main.go:958.2,960.16 3 0
github.com/gatekey-project/gatekey/cmd/gatekey-gateway/main.go:960.16,963.3 2 0
github.com/gatekey-project/gatekey/cmd/gatekey-gateway/main.go:964.2,966.38 2 0
github.com/gatekey-project/gatekey/cmd/gatekey-gateway/main.go:966.38,971.3 2 0
github.com/gatekey-project/gatekey/cmd/gatekey-gateway/main.go:985.47,996.35 4 0
github.com/gatekey-project/gatekey/cmd/gatekey-gateway/main.go:996.35,997.42 1 0
github.com/gatekey-project/gatekey/cmd/gatekey-gateway/main.go:997.42,999.9 2 0
github.com/gatekey-project/gatekey/cmd/gatekey-gateway/main.go:1002.2,1002.22 1 0
github.com/gatekey-project/gatekey/cmd/gatekey-gateway/main.go:1002.22,1004.3 1 0
github.com/gatekey-project/gatekey/cmd/gatekey-gateway/main.go:1006.2,1007.16 2 0
github.com/gatekey-project/gatekey/cmd/gatekey-gateway/main.go:1007.16,1009.3 1 0
github.com/gatekey-project/gatekey/cmd/gatekey-gateway/main.go:1011.2,1026.29 4 0
github.com/gatekey-project/gatekey/cmd/gatekey-gateway/main.go:1026.29,1028.46 1 0
github.com/gatekey-project/gatekey/cmd/gatekey-gateway/main.go:1028.46,1030.23 2 0
github.com/gatekey-project/gatekey/cmd/gatekey-gateway/main.go:1030.23,1040.57 8 0
github.com/gatekey-project/gatekey/cmd/gatekey-gateway/main.go:1040.57,1042.6 1 0
github.com/gatekey-project/gatekey/cmd/gatekey-gateway/main.go:1044.5,1051.6 1 0
github.com/gatekey-project/gatekey/cmd/gatekey-gateway/main.go:1053.4,1053.12 1 0
github.com/gatekey-project/gatekey/cmd/gatekey-gateway/main.go:1057.3,1057.48 1 0
github.com/gatekey-project/gatekey/cmd/gatekey-gateway/main.go:1057.48,1059.23 2 0
github.com/gatekey-project/gatekey/cmd/gatekey-gateway/main.go:1059.23,1064.71 3 0
github.com/gatekey-project/gatekey/cmd/gatekey-gateway/main.go:1064.71,1065.45 1 0
github.com/gatekey-project/gatekey/cmd/gatekey-gateway/main.go:1065.45,1067.7 1 0
github.com/gatekey-project/gatekey/cmd/gatekey-gateway/main.go:1070.4,1070.12 1 0
github.com/gatekey-project/gatekey/cmd/gatekey-gateway/main.go:1075.2,1077.29 3 0
github.com/gatekey-project/gatekey/cmd/gatekey-gateway/main.go:1077.29,1078.47 1 0
github.com/gatekey-project/gatekey/cmd/gatekey-gateway/main.go:1078.47,1081.12 3 0
github.com/gatekey-project/gatekey/cmd/gatekey-gateway/main.go:1083.3,1083.46 1 0
github.com/gatekey-project/gatekey/cmd/gatekey-gateway/main.go:1083.46,1084.9 1 0
github.com/gatekey-project/gatekey/cmd/gatekey-gateway/main.go:1086.3,1086.46 1 0
github.com/gatekey-project/gatekey/cmd/gatekey-gateway/main.go:1086.46,1088.12 2 0
github.com/gatekey-project/gatekey/cmd/gatekey-gateway/main.go:1090.3,1090.50 1 0
github.com/gatekey-project/gatekey/cmd/gatekey-gateway/main.go:1090.50,1091.12 1 0
github.com/gatekey-project/gatekey/cmd/gatekey-gateway/main.go:1095.3,1095.76 1 0
github.com/gatekey-project/gatekey/cmd/gatekey-gateway/main.go:1095.76,1097.23 2 0
github.com/gatekey-project/gatekey/cmd/gatekey-gateway/main.go:1097.23,1105.57 7 0
github.com/gatekey-project/gatekey/cmd/gatekey-gateway/main.go:1105.57,1107.6 1 0
github.com/gatekey-project/gatekey/cmd/gatekey-gateway/main.go:1109.5,1109.54 1 0
github.com/gatekey-project/gatekey/cmd/gatekey-gateway/main.go:1109.54,1117.6 1 0
github.com/gatekey-project/gatekey/cmd/gatekey-gateway/main.go:1122.3,1122.80 1 0
github.com/gatekey-project/gatekey/cmd/gatekey-gateway/main.go:1122.80,1124.23 2 0
github.com/gatekey-project/gatekey/cmd/gatekey-gateway/main.go:1124.23,1128.71 3 0
github.com/gatekey-project/gatekey/cmd/gatekey-gateway/main.go:1128.71,1129.45 1 0
github.com/gatekey-project/gatekey/cmd/gatekey-gateway/main.go:1129.45,1131.7 1 0
github.com/gatekey-project/gatekey/cmd/gatekey-gateway/main.go:1138.2,1138.35 1 0
github.com/gatekey-project/gatekey/cmd/gatekey-gateway/main.go:1138.35,1139.26 1 0
github.com/gatekey-project/gatekey/cmd/gatekey-gateway/main.go:1139.26,1148.4 1 0
github.com/gatekey-project/gatekey/cmd/gatekey-gateway/main.go:1151.2,1151.16 1 0
github.com/gatekey-project/gatekey/cmd/gatekey-gateway/main.go:1156.50,1159.28 3 0
github.com/gatekey-project/gatekey/cmd/gatekey-gateway/main.go:1159.28,1164.3 1 0
github.com/gatekey-project/gatekey/cmd/gatekey-gateway/main.go:1165.2,1165.14 1 0
github.com/gatekey-project/gatekey/cmd/gatekey-hub/main.go:42.13,87.42 8 0
github.com/gatekey-project/gatekey/cmd/gatekey-hub/main.go:87.42,90.3 2 0
github.com/gatekey-project/gatekey/cmd/gatekey-hub/main.go:129.39,141.41 10 0
github.com/gatekey-project/gatekey/cmd/gatekey-hub/main.go:141.41,143.3 1 0
github.com/gatekey-project/gatekey/cmd/gatekey-hub/main.go:145.2,149.42 4 0
github.com/gatekey-project/gatekey/cmd/gatekey-hub/main.go:149.42,151.3 1 0
github.com/gatekey-project/gatekey/cmd/gatekey-hub/main.go:153.2,153.18 1 0
github.com/gatekey-project/gatekey/cmd/gatekey-hub/main.go:156.52,158.22 2 0
github.com/gatekey-project/gatekey/cmd/gatekey-hub/main.go:158.22,160.3 1 0
github.com/gatekey-project/gatekey/cmd/gatekey-hub/main.go:161.2,161.20 1 0
github.com/gatekey-project/gatekey/cmd/gatekey-hub/main.go:164.33,166.16 2 0
github.com/gatekey-project/gatekey/cmd/gatekey-hub/main.go:166.16,168.3 1 0
github.com/gatekey-project/gatekey/cmd/gatekey-hub/main.go:169.2,169.40 1 0
github.com/gatekey-project/gatekey/cmd/gatekey-hub/main.go:172.46,174.2 1 0
github.com/gatekey-project/gatekey/cmd/gatekey-hub/main.go:176.54,178.16 2 0
github.com/gatekey-project/gatekey/cmd/gatekey-hub/main.go:178.16,180.3 1 0
github.com/gatekey-project/gatekey/cmd/gatekey-hub/main.go:182.2,183.16 2 0
github.com/gatekey-project/gatekey/cmd/gatekey-hub/main.go:183.16,185.3 1 0
github.com/gatekey-project/gatekey/cmd/gatekey-hub/main.go:186.2,201.28 6 0
github.com/gatekey-project/gatekey/cmd/gatekey-hub/main.go:201.28,203.47 2 0
github.com/gatekey-project/gatekey/cmd/gatekey-hub/main.go:203.47,206.4 2 0
github.com/gatekey-project/gatekey/cmd/gatekey-hub/main.go:210.2,214.16 2 0
github.com/gatekey-project/gatekey/cmd/gatekey-hub/main.go:214.16,216.3 1 0
github.com/gatekey-project/gatekey/cmd/gatekey-hub/main.go:216.8,218.53 2 0
github.com/gatekey-project/gatekey/cmd/gatekey-hub/main.go:218.53,221.4 2 0
github.com/gatekey-project/gatekey/cmd/gatekey-hub/main.go:221.9,223.4 1 0
github.com/gatekey-project/gatekey/cmd/gatekey-hub/main.go:227.2,227.25 1 0
github.com/gatekey-project/gatekey/cmd/gatekey-hub/main.go:227.25,229.40 2 0
github.com/gatekey-project/gatekey/cmd/gatekey-hub/main.go:229.40,231.4 1 0
github.com/gatekey-project/gatekey/cmd/gatekey-hub/main.go:235.2,236.22 2 0
github.com/gatekey-project/gatekey/cmd/gatekey-hub/main.go:236.22,244.13 2 0
github.com/gatekey-project/gatekey/cmd/gatekey-hub/main.go:244.13,247.77 2 0
github.com/gatekey-project/gatekey/cmd/gatekey-hub/main.go:247.77,249.5 1 0
github.com/gatekey-project/gatekey/cmd/gatekey-hub/main.go:254.2,255.24 2 0
github.com/gatekey-project/gatekey/cmd/gatekey-hub/main.go:255.24,266.3 3 0
github.com/gatekey-project/gatekey/cmd/gatekey-hub/main.go:269.2,288.24 9 0
github.com/gatekey-project/gatekey/cmd/gatekey-hub/main.go:288.24,291.59 3 0
github.com/gatekey-project/gatekey/cmd/gatekey-hub/main.go:291.59,293.4 1 0
github.com/gatekey-project/gatekey/cmd/gatekey-hub/main.go:297.2,297.26 1 0
github.com/gatekey-project/gatekey/cmd/gatekey-hub/main.go:297.26,299.3 1 0
github.com/gatekey-project/gatekey/cmd/gatekey-hub/main.go:302.2,302.24 1 0
github.com/gatekey-project/gatekey/cmd/gatekey-hub/main.go:302.24,303.67 1 0
github.com/gatekey-project/gatekey/cmd/gatekey-hub/main.go:303.67,305.4 1 0
github.com/gatekey-project/gatekey/cmd/gatekey-hub/main.go:308.2,308.12 1 0
github.com/gatekey-project/gatekey/cmd/gatekey-hub/main.go:311.57,318.6 4 0
github.com/gatekey-project/gatekey/cmd/gatekey-hub/main.go:318.6,319.10 1 0
github.com/gatekey-project/gatekey/cmd/gatekey-hub/main.go:320.21,321.10 1 0
github.com/gatekey-project/gatekey/cmd/gatekey-hub/main.go:322.19,324.18 2 0
github.com/gatekey-project/gatekey/cmd/gatekey-hub/main.go:324.18,326.13 2 0
github.com/gatekey-project/gatekey/cmd/gatekey-hub/main.go:329.4,329.29 1 0
github.com/gatekey-project/gatekey/cmd/gatekey-hub/main.go:329.29,334.49 2 0
github.com/gatekey-project/gatekey/cmd/gatekey-hub/main.go:334.49,336.6 1 0
github.com/gatekey-project/gatekey/cmd/gatekey-hub/main.go:336.11,338.64 2 0
github.com/gatekey-project/gatekey/cmd/gatekey-hub/main.go:338.64,340.7 1 0
github.com/gatekey-project/gatekey/cmd/gatekey-hub/main.go:341.6,344.45 2 0
github.com/gatekey-project/gatekey/cmd/gatekey-hub/main.go:344.45,346.7 1 0
github.com/gatekey-project/gatekey/cmd/gatekey-hub/main.go:353.85,369.16 3 0
github.com/gatekey-project/gatekey/cmd/gatekey-hub/main.go:369.16,371.3 1 0
github.com/gatekey-project/gatekey/cmd/gatekey-hub/main.go:373.2,375.16 3 0
github.com/gatekey-project/gatekey/cmd/gatekey-hub/main.go:375.16,377.3 1 0
github.com/gatekey-project/gatekey/cmd/gatekey-hub/main.go:378.2,380.38 2 0
github.com/gatekey-project/gatekey/cmd/gatekey-hub/main.go:380.38,383.3 2 0
github.com/gatekey-project/gatekey/cmd/gatekey-hub/main.go:385.2,386.67 2 0
github.com/gatekey-project/gatekey/cmd/gatekey-hub/main.go:386.67,388.3 1 0
github.com/gatekey-project/gatekey/cmd/gatekey-hub/main.go:390.2,390.21 1 0
github.com/gatekey-project/gatekey/cmd/gatekey-hub/main.go:393.60,395.16 2 0
github.com/gatekey-project/gatekey/cmd/gatekey-hub/main.go:395.16,397.3 1 0
github.com/gatekey-project/gatekey/cmd/gatekey-hub/main.go:399.2,400.16 2 0
github.com/gatekey-project/gatekey/cmd/gatekey-hub/main.go:400.16,402.3 1 0
github.com/gatekey-project/gatekey/cmd/gatekey-hub/main.go:403.2,406.30 3 0
github.com/gatekey-project/gatekey/cmd/gatekey-hub/main.go:409.61,419.16 4 0
github.com/gatekey-project/gatekey/cmd/gatekey-hub/main.go:419.16,421.3 1 0
github.com/gatekey-project/gatekey/cmd/gatekey-hub/main.go:423.2,425.16 3 0
github.com/gatekey-project/gatekey/cmd/gatekey-hub/main.go:425.16,427.3 1 0
github.com/gatekey-project/gatekey/cmd/gatekey-hub/main.go:428.2,430.38 2 0
github.com/gatekey-project/gatekey/cmd/gatekey-hub/main.go:430.38,433.3 2 0
github.com/gatekey-project/gatekey/cmd/gatekey-hub/main.go:435.2,436.69 2 0
github.com/gatekey-project/gatekey/cmd/gatekey-hub/main.go:436.69,438.3 1 0
github.com/gatekey-project/gatekey/cmd/gatekey-hub/main.go:441.2,442.54 2 0
github.com/gatekey-project/gatekey/cmd/gatekey-hub/main.go:442.54,444.3 1 0
github.com/gatekey-project/gatekey/cmd/gatekey-hub/main.go:447.2,447.90 1 0
github.com/gatekey-project/gatekey/cmd/gatekey-hub/main.go:447.90,449.3 1 0
github.com/gatekey-project/gatekey/cmd/gatekey-hub/main.go:450.2,450.98 1 0
github.com/gatekey-project/gatekey/cmd/gatekey-hub/main.go:450.98,452.3 1 0
github.com/gatekey-project/gatekey/cmd/gatekey-hub/main.go:453.2,453.97 1 0
github.com/gatekey-project/gatekey/cmd/gatekey-hub/main.go:453.97,455.3 1 0
github.com/gatekey-project/gatekey/cmd/gatekey-hub/main.go:458.2,459.51 2 0
github.com/gatekey-project/gatekey/cmd/gatekey-hub/main.go:459.51,462.35 3 0
github.com/gatekey-project/gatekey/cmd/gatekey-hub/main.go:462.35,464.4 1 0
github.com/gatekey-project/gatekey/cmd/gatekey-hub/main.go:468.2,468.58 1 0
github.com/gatekey-project/gatekey/cmd/gatekey-hub/main.go:468.58,469.95 1 0
github.com/gatekey-project/gatekey/cmd/gatekey-hub/main.go:469.95,471.4 1 0
github.com/gatekey-project/gatekey/cmd/gatekey-hub/main.go:475.2,476.89 2 0
github.com/gatekey-project/gatekey/cmd/gatekey-hub/main.go:476.89,478.3 1 0
github.com/gatekey-project/gatekey/cmd/gatekey-hub/main.go:481.2,482.60 2 0
github.com/gatekey-project/gatekey/cmd/gatekey-hub/main.go:482.60,484.3 1 0
github.com/gatekey-project/gatekey/cmd/gatekey-hub/main.go:486.2,492.12 2 0
github.com/gatekey-project/gatekey/cmd/gatekey-hub/main.go:495.58,511.25 12 0
github.com/gatekey-project/gatekey/cmd/gatekey-hub/main.go:511.25,514.3 2 0
github.com/gatekey-project/gatekey/cmd/gatekey-hub/main.go:517.2,518.18 2 0
github.com/gatekey-project/gatekey/cmd/gatekey-hub/main.go:518.18,520.3 1 0
github.com/gatekey-project/gatekey/cmd/gatekey-hub/main.go:522.2,523.21 2 0
github.com/gatekey-project/gatekey/cmd/gatekey-hub/main.go:523.21,527.23 3 0
github.com/gatekey-project/gatekey/cmd/gatekey-hub/main.go:527.23,529.4 1 0
github.com/gatekey-project/gatekey/cmd/gatekey-hub/main.go:530.3,530.65 1 0
github.com/gatekey-project/gatekey/cmd/gatekey-hub/main.go:533.2,543.28 7 0
github.com/gatekey-project/gatekey/cmd/gatekey-hub/main.go:544.14,549.111 5 0
github.com/gatekey-project/gatekey/cmd/gatekey-hub/main.go:550.20,554.34 4 0
github.com/gatekey-project/gatekey/cmd/gatekey-hub/main.go:555.10,559.34 4 0
github.com/gatekey-project/gatekey/cmd/gatekey-hub/main.go:561.2,577.20 13 0
github.com/gatekey-project/gatekey/cmd/gatekey-hub/main.go:580.62,589.6 5 0
github.com/gatekey-project/gatekey/cmd/gatekey-hub/main.go:589.6,590.10 1 0
github.com/gatekey-project/gatekey/cmd/gatekey-hub/main.go:591.21,592.10 1 0
github.com/gatekey-project/gatekey/cmd/gatekey-hub/main.go:593.19,595.33 1 0
github.com/gatekey-project/gatekey/cmd/gatekey-hub/main.go:600.63,603.16 3 0
github.com/gatekey-project/gatekey/cmd/gatekey-hub/main.go:603.16,606.3 2 0
github.com/gatekey-project/gatekey/cmd/gatekey-hub/main.go:607.2,609.38 2 0
github.com/gatekey-project/gatekey/cmd/gatekey-hub/main.go:609.38,612.3 2 0
github.com/gatekey-project/gatekey/cmd/gatekey-hub/main.go:614.2,623.67 2 0
github.com/gatekey-project/gatekey/cmd/gatekey-hub/main.go:623.67,626.3 2 0
github.com/gatekey-project/gatekey/cmd/gatekey-hub/main.go:629.2,635.38 4 0
github.com/gatekey-project/gatekey/cmd/gatekey-hub/main.go:635.38,636.27 1 0
github.com/gatekey-project/gatekey/cmd/gatekey-hub/main.go:636.27,638.12 2 0
github.com/gatekey-project/gatekey/cmd/gatekey-hub/main.go:642.3,645.47 4 0
github.com/gatekey-project/gatekey/cmd/gatekey-hub/main.go:645.47,647.33 2 0
github.com/gatekey-project/gatekey/cmd/gatekey-hub/main.go:647.33,649.5 1 0
github.com/gatekey-project/gatekey/cmd/gatekey-hub/main.go:652.3,659.62 4 0
github.com/gatekey-project/gatekey/cmd/gatekey-hub/main.go:659.62,660.74 1 0
github.com/gatekey-project/gatekey/cmd/gatekey-hub/main.go:660.74,662.5 1 0
github.com/gatekey-project/gatekey/cmd/gatekey-hub/main.go:662.10,665.64 2 0
github.com/gatekey-project/gatekey/cmd/gatekey-hub/main.go:665.64,667.6 1 0
github.com/gatekey-project/gatekey/cmd/gatekey-hub/main.go:672.3,672.47 1 0
github.com/gatekey-project/gatekey/cmd/gatekey-hub/main.go:672.47,674.4 1 0
github.com/gatekey-project/gatekey/cmd/gatekey-hub/main.go:678.2,678.18 1 0
github.com/gatekey-project/gatekey/cmd/gatekey-hub/main.go:678.18,680.42 2 0
github.com/gatekey-project/gatekey/cmd/gatekey-hub/main.go:680.42,682.4 1 0
github.com/gatekey-project/gatekey/cmd/gatekey-hub/main.go:687.50,689.21 2 0
github.com/gatekey-project/gatekey/cmd/gatekey-hub/main.go:689.21,691.3 1 0
github.com/gatekey-project/gatekey/cmd/gatekey-hub/main.go:692.2,725.9 5 0
github.com/gatekey-project/gatekey/cmd/gatekey-hub/main.go:725.9,727.3 1 0
github.com/gatekey-project/gatekey/cmd/gatekey-hub/main.go:728.2,728.20 1 0
github.com/gatekey-project/gatekey/cmd/gatekey-hub/main.go:732.46,736.66 3 0
github.com/gatekey-project/gatekey/cmd/gatekey-hub/main.go:736.66,739.3 1 0
github.com/gatekey-project/gatekey/cmd/gatekey-hub/main.go:742.2,743.34 2 0
github.com/gatekey-project/gatekey/cmd/gatekey-hub/main.go:743.34,748.3 1 0
github.com/gatekey-project/gatekey/cmd/gatekey-hub/main.go:748.8,752.3 1 0
github.com/gatekey-project/gatekey/cmd/gatekey-hub/main.go:755.58,757.16 2 0
github.com/gatekey-project/gatekey/cmd/gatekey-hub/main.go:757.16,759.3 1 0
github.com/gatekey-project/gatekey/cmd/gatekey-hub/main.go:761.2,771.12 10 0
github.com/gatekey-project/gatekey/cmd/gatekey-hub/main.go:776.58,778.16 2 0
github.com/gatekey-project/gatekey/cmd/gatekey-hub/main.go:778.16,780.3 1 0
github.com/gatekey-project/gatekey/cmd/gatekey-hub/main.go:782.2,792.52 7 0
github.com/gatekey-project/gatekey/cmd/gatekey-hub/main.go:792.52,794.3 1 0
github.com/gatekey-project/gatekey/cmd/gatekey-hub/main.go:796.2,799.18 3 0
github.com/gatekey-project/gatekey/cmd/gatekey-hub/main.go:800.17,811.4 2 0
github.com/gatekey-project/gatekey/cmd/gatekey-hub/main.go:812.20,822.4 4 0
github.com/gatekey-project/gatekey/cmd/gatekey-hub/main.go:823.10,824.55 1 0
github.com/gatekey-project/gatekey/cmd/gatekey-hub/main.go:828.2,829.16 2 0
github.com/gatekey-project/gatekey/cmd/gatekey-hub/main.go:829.16,831.3 1 0
github.com/gatekey-project/gatekey/cmd/gatekey-hub/main.go:833.2,835.16 3 0
github.com/gatekey-project/gatekey/cmd/gatekey-hub/main.go:835.16,839.3 2 0
github.com/gatekey-project/gatekey/cmd/gatekey-hub/main.go:840.2,842.38 2 0
github.com/gatekey-project/gatekey/cmd/gatekey-hub/main.go:842.38,845.3 2 0
github.com/gatekey-project/gatekey/cmd/gatekey-hub/main.go:847.2,847.12 1 0
github.com/gatekey-project/gatekey/cmd/gatekey-hub/main.go:850.30,851.62 1 0
github.com/gatekey-project/gatekey/cmd/gatekey-hub/main.go:851.62,853.3 1 0
github.com/gatekey-project/gatekey/cmd/gatekey-hub/main.go:854.2,854.66 1 0
github.com/gatekey-project/gatekey/cmd/gatekey-hub/main.go:854.66,856.3 1 0
github.com/gatekey-project/gatekey/cmd/gatekey-hub/main.go:857.2,857.14 1 0
github.com/gatekey-project/gatekey/cmd/gatekey-hub/main.go:860.27,862.34 2 0
github.com/gatekey-project/gatekey/cmd/gatekey-hub/main.go:862.34,865.3 2 0
github.com/gatekey-project/gatekey/cmd/gatekey-hub/main.go:866.2,866.12 1 0
github.com/gatekey-project/gatekey/cmd/gatekey-hub/main.go:869.29,871.34 2 0
github.com/gatekey-project/gatekey/cmd/gatekey-hub/main.go:871.34,874.3 2 0
github.com/gatekey-project/gatekey/cmd/gatekey-hub/main.go:875.2,875.12 1 0
github.com/gatekey-project/gatekey/cmd/gatekey-hub/main.go:878.37,882.2 1 0
github.com/gatekey-project/gatekey/cmd/gatekey-hub/main.go:884.36,889.2 3 0
github.com/gatekey-project/gatekey/cmd/gatekey-hub/main.go:891.42,894.16 3 0
github.com/gatekey-project/gatekey/cmd/gatekey-hub/main.go:894.16,896.3 1 0
github.com/gatekey-project/gatekey/cmd/gatekey-hub/main.go:898.2,902.29 4 0
github.com/gatekey-project/gatekey/cmd/gatekey-hub/main.go:902.29,903.47 1 0
github.com/gatekey-project/gatekey/cmd/gatekey-hub/main.go:903.47,905.4 1 0
github.com/gatekey-project/gatekey/cmd/gatekey-hub/main.go:906.3,906.46 1 0
github.com/gatekey-project/gatekey/cmd/gatekey-hub/main.go:906.46,908.12 2 0
github.com/gatekey-project/gatekey/cmd/gatekey-hub/main.go:910.3,910.33 1 0
github.com/gatekey-project/gatekey/cmd/gatekey-hub/main.go:910.33,912.23 2 0
github.com/gatekey-project/gatekey/cmd/gatekey-hub/main.go:912.23,914.54 2 0
github.com/gatekey-project/gatekey/cmd/gatekey-hub/main.go:914.54,916.6 1 0
github.com/gatekey-project/gatekey/cmd/gatekey-hub/main.go:921.2,921.14 1 0
github.com/gatekey-project/gatekey/cmd/gatekey-hub/main.go:925.48,928.16 3 0
github.com/gatekey-project/gatekey/cmd/gatekey-hub/main.go:928.16,931.3 1 0
github.com/gatekey-project/gatekey/cmd/gatekey-hub/main.go:933.2,936.29 3 0
github.com/gatekey-project/gatekey/cmd/gatekey-hub/main.go:936.29,937.47 1 0
github.com/gatekey-project/gatekey/cmd/gatekey-hub/main.go:937.47,939.4 1 0
github.com/gatekey-project/gatekey/cmd/gatekey-hub/main.go:940.3,940.46 1 0
github.com/gatekey-project/gatekey/cmd/gatekey-hub/main.go:940.46,942.12 2 0
github.com/gatekey-project/gatekey/cmd/gatekey-hub/main.go:944.3,944.33 1 0
github.com/gatekey-project/gatekey/cmd/gatekey-hub/main.go:944.33,946.49 2 0
github.com/gatekey-project/gatekey/cmd/gatekey-hub/main.go:946.49,948.5 1 0
github.com/gatekey-project/gatekey/cmd/gatekey-hub/main.go:952.2,952.14 1 0
github.com/gatekey-project/gatekey/cmd/gatekey-hub/main.go:987.67,988.24 1 0
github.com/gatekey-project/gatekey/cmd/gatekey-hub/main.go:988.24,991.3 2 0
github.com/gatekey-project/gatekey/cmd/gatekey-hub/main.go:993.2,999.6 4 0
github.com/gatekey-project/gatekey/cmd/gatekey-hub/main.go:999.6,1000.10 1 0
github.com/gatekey-project/gatekey/cmd/gatekey-hub/main.go:1001.21,1002.10 1 0
github.com/gatekey-project/gatekey/cmd/gatekey-hub/main.go:1003.19,1004.31 1 0
github.com/gatekey-project/gatekey/cmd/gatekey-hub/main.go:1011.46,1014.16 3 0
github.com/gatekey-project/gatekey/cmd/gatekey-hub/main.go:1014.16,1016.3 1 0
github.com/gatekey-project/gatekey/cmd/gatekey-hub/main.go:1018.2,1023.29 4 0
github.com/gatekey-project/gatekey/cmd/gatekey-hub/main.go:1023.29,1024.47 1 0
github.com/gatekey-project/gatekey/cmd/gatekey-hub/main.go:1024.47,1026.4 1 0
github.com/gatekey-project/gatekey/cmd/gatekey-hub/main.go:1027.3,1027.93 1 0
github.com/gatekey-project/gatekey/cmd/gatekey-hub/main.go:1027.93,1029.12 2 0
github.com/gatekey-project/gatekey/cmd/gatekey-hub/main.go:1031.3,1031.33 1 0
github.com/gatekey-project/gatekey/cmd/gatekey-hub/main.go:1031.33,1033.23 2 0
github.com/gatekey-project/gatekey/cmd/gatekey-hub/main.go:1033.23,1036.47 2 0
github.com/gatekey-project/gatekey/cmd/gatekey-hub/main.go:1036.47,1037.14 1 0
github.com/gatekey-project/gatekey/cmd/gatekey-hub/main.go:1039.5,1040.51 2 0
github.com/gatekey-project/gatekey/cmd/gatekey-hub/main.go:1040.51,1042.6 1 0
github.com/gatekey-project/gatekey/cmd/gatekey-hub/main.go:1044.5,1053.7 4 0
github.com/gatekey-project/gatekey/cmd/gatekey-hub/main.go:1059.2,1060.29 2 0
github.com/gatekey-project/gatekey/cmd/gatekey-hub/main.go:1060.29,1061.47 1 0
github.com/gatekey-project/gatekey/cmd/gatekey-hub/main.go:1061.47,1063.12 2 0
github.com/gatekey-project/gatekey/cmd/gatekey-hub/main.go:1065.3,1065.46 1 0
github.com/gatekey-project/gatekey/cmd/gatekey-hub/main.go:1065.46,1066.9 1 0
github.com/gatekey-project/gatekey/cmd/gatekey-hub/main.go:1068.3,1068.83 1 0
github.com/gatekey-project/gatekey/cmd/gatekey-hub/main.go:1068.83,1070.23 2 0
github.com/gatekey-project/gatekey/cmd/gatekey-hub/main.go:1070.23,1074.28 3 0
github.com/gatekey-project/gatekey/cmd/gatekey-hub/main.go:1074.28,1075.29 1 0
github.com/gatekey-project/gatekey/cmd/gatekey-hub/main.go:1075.29,1077.12 2 0
github.com/gatekey-project/gatekey/cmd/gatekey-hub/main.go:1084.2,1084.16 1 0
github.com/gatekey-project/gatekey/cmd/gatekey-hub/main.go:1087.61,1088.24 1 0
github.com/gatekey-project/gatekey/cmd/gatekey-hub/main.go:1088.24,1090.3 1 0
github.com/gatekey-project/gatekey/cmd/gatekey-hub/main.go:1092.2,1093.23 2 0
github.com/gatekey-project/gatekey/cmd/gatekey-hub/main.go:1093.23,1095.3 1 0
github.com/gatekey-project/gatekey/cmd/gatekey-hub/main.go:1098.2,1099.28 2 0
github.com/gatekey-project/gatekey/cmd/gatekey-hub/main.go:1099.28,1100.17 1 0
github.com/gatekey-project/gatekey/cmd/gatekey-hub/main.go:1100.17,1102.4 1 0
github.com/gatekey-project/gatekey/cmd/gatekey-hub/main.go:1106.2,1107.24 2 0
github.com/gatekey-project/gatekey/cmd/gatekey-hub/main.go:1107.24,1109.3 1 0
github.com/gatekey-project/gatekey/cmd/gatekey-hub/main.go:1111.2,1116.28 4 0
github.com/gatekey-project/gatekey/cmd/gatekey-hub/main.go:1116.28,1118.3 1 0
github.com/gatekey-project/gatekey/cmd/gatekey-hub/main.go:1121.2,1121.39 1 0
github.com/gatekey-project/gatekey/cmd/gatekey-hub/main.go:1121.39,1122.25 1 0
github.com/gatekey-project/gatekey/cmd/gatekey-hub/main.go:1122.25,1125.4 2 0
github.com/gatekey-project/gatekey/cmd/gatekey-hub/main.go:1129.2,1129.33 1 0
github.com/gatekey-project/gatekey/cmd/gatekey-hub/main.go:1129.33,1130.28 1 0
github.com/gatekey-project/gatekey/cmd/gatekey-hub/main.go:1130.28,1131.12 1 0
github.com/gatekey-project/gatekey/cmd/gatekey-hub/main.go:1134.3,1135.10 2 0
github.com/gatekey-project/gatekey/cmd/gatekey-hub/main.go:1135.10,1138.4 1 0
github.com/gatekey-project/gatekey/cmd/gatekey-hub/main.go:1140.3,1141.14 2 0
github.com/gatekey-project/gatekey/cmd/gatekey-hub/main.go:1141.14,1144.4 2 0
github.com/gatekey-project/gatekey/cmd/gatekey-hub/main.go:1147.3,1148.19 2 0
github.com/gatekey-project/gatekey/cmd/gatekey-hub/main.go:1148.19,1152.4 3 0
github.com/gatekey-project/gatekey/cmd/gatekey-hub/main.go:1156.101,1166.16 3 0
github.com/gatekey-project/gatekey/cmd/gatekey-hub/main.go:1166.16,1169.3 2 0
github.com/gatekey-project/gatekey/cmd/gatekey-hub/main.go:1171.2,1173.16 3 0
github.com/gatekey-project/gatekey/cmd/gatekey-hub/main.go:1173.16,1176.3 2 0
github.com/gatekey-project/gatekey/cmd/gatekey-hub/main.go:1177.2,1179.38 2 0
github.com/gatekey-project/gatekey/cmd/gatekey-hub/main.go:1179.38,1182.3 2 0
github.com/gatekey-project/gatekey/cmd/gatekey-hub/main.go:1184.2,1187.67 2 0
github.com/gatekey-project/gatekey/cmd/gatekey-hub/main.go:1187.67,1190.3 2 0
github.com/gatekey-project/gatekey/cmd/gatekey-hub/main.go:1192.2,1192.27 1 0
github.com/gatekey-project/gatekey/cmd/gatekey-hub/main.go:1195.41,1196.22 1 0
github.com/gatekey-project/gatekey/cmd/gatekey-hub/main.go:1196.22,1198.3 1 0
github.com/gatekey-project/gatekey/cmd/gatekey-hub/main.go:1199.2,1199.19 1 0
github.com/gatekey-project/gatekey/cmd/gatekey-hub/main.go:1199.19,1200.19 1 0
github.com/gatekey-project/gatekey/cmd/gatekey-hub/main.go:1200.19,1202.4 1 0
github.com/gatekey-project/gatekey/cmd/gatekey-hub/main.go:1204.2,1204.13 1 0
github.com/gatekey-project/gatekey/cmd/gatekey-hub/main.go:1207.96,1208.24 1 0
github.com/gatekey-project/gatekey/cmd/gatekey-hub/main.go:1208.24,1210.3 1 0
github.com/gatekey-project/gatekey/cmd/gatekey-hub/main.go:1213.2,1223.21 5 0
github.com/gatekey-project/gatekey/cmd/gatekey-hub/main.go:1223.21,1226.3 2 0
github.com/gatekey-project/gatekey/cmd/gatekey-hub/main.go:1229.2,1232.29 3 0
github.com/gatekey-project/gatekey/cmd/gatekey-hub/main.go:1232.29,1233.20 1 0
github.com/gatekey-project/gatekey/cmd/gatekey-hub/main.go:1234.13,1236.17 2 0
github.com/gatekey-project/gatekey/cmd/gatekey-hub/main.go:1236.17,1238.5 1 0
github.com/gatekey-project/gatekey/cmd/gatekey-hub/main.go:1239.15,1241.34 2 0
github.com/gatekey-project/gatekey/cmd/gatekey-hub/main.go:1241.34,1243.5 1 0
github.com/gatekey-project/gatekey/cmd/gatekey-hub/main.go:1244.40,1247.35 2 0
github.com/gatekey-project/gatekey/cmd/gatekey-hub/main.go:1247.35,1251.13 2 0
github.com/gatekey-project/gatekey/cmd/gatekey-hub/main.go:1254.4,1254.27 1 0
github.com/gatekey-project/gatekey/cmd/gatekey-hub/main.go:1254.27,1255.36 1 0
github.com/gatekey-project/gatekey/cmd/gatekey-hub/main.go:1255.36,1257.6 1 0
github.com/gatekey-project/gatekey/cmd/gatekey-hub/main.go:1262.3,1262.42 1 0
github.com/gatekey-project/gatekey/cmd/gatekey-hub/main.go:1262.42,1264.25 2 0
github.com/gatekey-project/gatekey/cmd/gatekey-hub/main.go:1265.15,1266.36 1 0
github.com/gatekey-project/gatekey/cmd/gatekey-hub/main.go:1267.15,1268.36 1 0
github.com/gatekey-project/gatekey/cmd/gatekey-hub/main.go:1271.4,1271.40 1 0
github.com/gatekey-project/gatekey/cmd/gatekey-hub/main.go:1271.40,1274.24 2 0
github.com/gatekey-project/gatekey/cmd/gatekey-hub/main.go:1274.24,1282.6 3 0
github.com/gatekey-project/gatekey/cmd/gatekey-hub/main.go:1283.10,1285.17 2 0
github.com/gatekey-project/gatekey/cmd/gatekey-hub/main.go:1285.17,1290.6 1 0
github.com/gatekey-project/gatekey/cmd/gatekey-hub/main.go:1297.2,1300.103 2 0
github.com/gatekey-project/gatekey/cmd/gatekey-hub/main.go:1300.103,1304.3 1 0
github.com/gatekey-project/gatekey/cmd/gatekey-hub/main.go:1307.64,1308.24 1 0
github.com/gatekey-project/gatekey/cmd/gatekey-hub/main.go:1308.24,1310.3 1 0
github.com/gatekey-project/gatekey/cmd/gatekey-hub/main.go:1313.2,1315.28 3 0
github.com/gatekey-project/gatekey/cmd/gatekey-hub/main.go:1315.28,1316.17 1 0
github.com/gatekey-project/gatekey/cmd/gatekey-hub/main.go:1316.17,1318.9 2 0
github.com/gatekey-project/gatekey/cmd/gatekey-hub/main.go:1321.2,1321.20 1 0
github.com/gatekey-project/gatekey/cmd/gatekey-hub/main.go:1321.20,1323.3 1 0
github.com/gatekey-project/gatekey/cmd/gatekey-hub/main.go:1325.2,1326.67 2 0
github.com/gatekey-project/gatekey/cmd/gatekey-hub/main.go:1326.67,1328.3 1 0
github.com/gatekey-project/gatekey/cmd/gatekey-hub/main.go:1345.63,1350.6 3 0
github.com/gatekey-project/gatekey/cmd/gatekey-hub/main.go:1350.6,1351.10 1 0
github.com/gatekey-project/gatekey/cmd/gatekey-hub/main.go:1352.21,1353.10 1 0
github.com/gatekey-project/gatekey/cmd/gatekey-hub/main.go:1354.19,1355.29 1 0
github.com/gatekey-project/gatekey/cmd/gatekey-hub/main.go:1361.59,1366.28 3 0
github.com/gatekey-project/gatekey/cmd/gatekey-hub/main.go:1366.28,1367.37 1 0
github.com/gatekey-project/gatekey/cmd/gatekey-hub/main.go:1367.37,1368.12 1 0
github.com/gatekey-project/gatekey/cmd/gatekey-hub/main.go:1370.3,1377.5 1 0
github.com/gatekey-project/gatekey/cmd/gatekey-hub/main.go:1380.2,1389.16 3 0
github.com/gatekey-project/gatekey/cmd/gatekey-hub/main.go:1389.16,1392.3 2 0
github.com/gatekey-project/gatekey/cmd/gatekey-hub/main.go:1394.2,1396.16 3 0
github.com/gatekey-project/gatekey/cmd/gatekey-hub/main.go:1396.16,1399.3 2 0
github.com/gatekey-project/gatekey/cmd/gatekey-hub/main.go:1400.2,1402.38 2 0
github.com/gatekey-project/gatekey/cmd/gatekey-hub/main.go:1402.38,1407.3 2 0
github.com/gatekey-project/gatekey/cmd/gatekey-mesh-gateway/main.go:39.13,75.42 7 0
github.com/gatekey-project/gatekey/cmd/gatekey-mesh-gateway/main.go:75.42,78.3 2 0
github.com/gatekey-project/gatekey/cmd/gatekey-mesh-gateway/main.go:117.43,125.41 6 0
github.com/gatekey-project/gatekey/cmd/gatekey-mesh-gateway/main.go:125.41,127.3 1 0
github.com/gatekey-project/gatekey/cmd/gatekey-mesh-gateway/main.go:129.2,133.42 4 0
github.com/gatekey-project/gatekey/cmd/gatekey-mesh-gateway/main.go:133.42,135.3 1 0
github.com/gatekey-project/gatekey/cmd/gatekey-mesh-gateway/main.go:137.2,137.18 1 0
github.com/gatekey-project/gatekey/cmd/gatekey-mesh-gateway/main.go:140.52,142.22 2 0
github.com/gatekey-project/gatekey/cmd/gatekey-mesh-gateway/main.go:142.22,144.3 1 0
github.com/gatekey-project/gatekey/cmd/gatekey-mesh-gateway/main.go:145.2,145.20 1 0
github.com/gatekey-project/gatekey/cmd/gatekey-mesh-gateway/main.go:148.33,150.16 2 0
github.com/gatekey-project/gatekey/cmd/gatekey-mesh-gateway/main.go:150.16,152.3 1 0
github.com/gatekey-project/gatekey/cmd/gatekey-mesh-gateway/main.go:153.2,153.40 1 0
github.com/gatekey-project/gatekey/cmd/gatekey-mesh-gateway/main.go:156.46,158.2 1 0
github.com/gatekey-project/gatekey/cmd/gatekey-mesh-gateway/main.go:160.31,162.16 2 0
github.com/gatekey-project/gatekey/cmd/gatekey-mesh-gateway/main.go:162.16,164.3 1 0
github.com/gatekey-project/gatekey/cmd/gatekey-mesh-gateway/main.go:165.2,165.40 1 0
github.com/gatekey-project/gatekey/cmd/gatekey-mesh-gateway/main.go:168.41,170.2 1 0
github.com/gatekey-project/gatekey/cmd/gatekey-mesh-gateway/main.go:172.58,174.16 2 0
github.com/gatekey-project/gatekey/cmd/gatekey-mesh-gateway/main.go:174.16,176.3 1 0
github.com/gatekey-project/gatekey/cmd/gatekey-mesh-gateway/main.go:178.2,179.16 2 0
github.com/gatekey-project/gatekey/cmd/gatekey-mesh-gateway/main.go:179.16,181.3 1 0
github.com/gatekey-project/gatekey/cmd/gatekey-mesh-gateway/main.go:182.2,198.28 7 0
github.com/gatekey-project/gatekey/cmd/gatekey-mesh-gateway/main.go:198.28,200.47 2 0
github.com/gatekey-project/gatekey/cmd/gatekey-mesh-gateway/main.go:200.47,203.4 2 0
github.com/gatekey-project/gatekey/cmd/gatekey-mesh-gateway/main.go:205.3,205.38 1 0
github.com/gatekey-project/gatekey/cmd/gatekey-mesh-gateway/main.go:209.2,210.25 2 0
github.com/gatekey-project/gatekey/cmd/gatekey-mesh-gateway/main.go:210.25,212.3 1 0
github.com/gatekey-project/gatekey/cmd/gatekey-mesh-gateway/main.go:213.2,213.25 1 0
github.com/gatekey-project/gatekey/cmd/gatekey-mesh-gateway/main.go:213.25,215.3 1 0
github.com/gatekey-project/gatekey/cmd/gatekey-mesh-gateway/main.go:218.2,218.25 1 0
github.com/gatekey-project/gatekey/cmd/gatekey-mesh-gateway/main.go:218.25,220.40 2 0
github.com/gatekey-project/gatekey/cmd/gatekey-mesh-gateway/main.go:220.40,222.4 1 0
github.com/gatekey-project/gatekey/cmd/gatekey-mesh-gateway/main.go:226.2,226.38 1 0
github.com/gatekey-project/gatekey/cmd/gatekey-mesh-gateway/main.go:226.38,228.3 1 0
github.com/gatekey-project/gatekey/cmd/gatekey-mesh-gateway/main.go:231.2,232.47 2 0
github.com/gatekey-project/gatekey/cmd/gatekey-mesh-gateway/main.go:232.47,243.3 3 0
github.com/gatekey-project/gatekey/cmd/gatekey-mesh-gateway/main.go:243.8,243.32 1 0
github.com/gatekey-project/gatekey/cmd/gatekey-mesh-gateway/main.go:243.32,245.3 1 0
github.com/gatekey-project/gatekey/cmd/gatekey-mesh-gateway/main.go:248.2,261.26 7 0
github.com/gatekey-project/gatekey/cmd/gatekey-mesh-gateway/main.go:261.26,263.3 1 0
github.com/gatekey-project/gatekey/cmd/gatekey-mesh-gateway/main.go:265.2,265.12 1 0
github.com/gatekey-project/gatekey/cmd/gatekey-mesh-gateway/main.go:268.61,275.6 4 0
github.com/gatekey-project/gatekey/cmd/gatekey-mesh-gateway/main.go:275.6,276.10 1 0
github.com/gatekey-project/gatekey/cmd/gatekey-mesh-gateway/main.go:277.21,278.10 1 0
github.com/gatekey-project/gatekey/cmd/gatekey-mesh-gateway/main.go:279.19,280.27 1 0
github.com/gatekey-project/gatekey/cmd/gatekey-mesh-gateway/main.go:293.61,295.26 2 0
github.com/gatekey-project/gatekey/cmd/gatekey-mesh-gateway/main.go:295.26,297.3 1 0
github.com/gatekey-project/gatekey/cmd/gatekey-mesh-gateway/main.go:299.2,316.16 3 0
github.com/gatekey-project/gatekey/cmd/gatekey-mesh-gateway/main.go:316.16,319.3 2 0
github.com/gatekey-project/gatekey/cmd/gatekey-mesh-gateway/main.go:321.2,323.16 3 0
github.com/gatekey-project/gatekey/cmd/gatekey-mesh-gateway/main.go:323.16,326.3 2 0
github.com/gatekey-project/gatekey/cmd/gatekey-mesh-gateway/main.go:327.2,329.38 2 0
github.com/gatekey-project/gatekey/cmd/gatekey-mesh-gateway/main.go:329.38,335.3 3 0
github.com/gatekey-project/gatekey/cmd/gatekey-mesh-gateway/main.go:338.2,339.67 2 0
github.com/gatekey-project/gatekey/cmd/gatekey-mesh-gateway/main.go:339.67,342.3 2 0
github.com/gatekey-project/gatekey/cmd/gatekey-mesh-gateway/main.go:345.2,345.29 1 0
github.com/gatekey-project/gatekey/cmd/gatekey-mesh-gateway/main.go:345.29,351.47 2 0
github.com/gatekey-project/gatekey/cmd/gatekey-mesh-gateway/main.go:351.47,354.4 2 0
github.com/gatekey-project/gatekey/cmd/gatekey-mesh-gateway/main.go:357.3,358.61 2 0
github.com/gatekey-project/gatekey/cmd/gatekey-mesh-gateway/main.go:358.61,360.4 1 0
github.com/gatekey-project/gatekey/cmd/gatekey-mesh-gateway/main.go:363.3,364.42 2 0
github.com/gatekey-project/gatekey/cmd/gatekey-mesh-gateway/main.go:364.42,366.4 1 0
github.com/gatekey-project/gatekey/cmd/gatekey-mesh-gateway/main.go:366.9,368.4 1 0
github.com/gatekey-project/gatekey/cmd/gatekey-mesh-gateway/main.go:372.49,376.6 3 0
github.com/gatekey-project/gatekey/cmd/gatekey-mesh-gateway/main.go:376.6,377.10 1 0
github.com/gatekey-project/gatekey/cmd/gatekey-mesh-gateway/main.go:378.21,379.10 1 0
github.com/gatekey-project/gatekey/cmd/gatekey-mesh-gateway/main.go:380.19,382.51 1 0
github.com/gatekey-project/gatekey/cmd/gatekey-mesh-gateway/main.go:382.51,384.5 1 0
github.com/gatekey-project/gatekey/cmd/gatekey-mesh-gateway/main.go:389.64,391.16 2 0
github.com/gatekey-project/gatekey/cmd/gatekey-mesh-gateway/main.go:391.16,393.3 1 0
github.com/gatekey-project/gatekey/cmd/gatekey-mesh-gateway/main.go:395.2,396.16 2 0
github.com/gatekey-project/gatekey/cmd/gatekey-mesh-gateway/main.go:396.16,398.3 1 0
github.com/gatekey-project/gatekey/cmd/gatekey-mesh-gateway/main.go:399.2,402.30 3 0
github.com/gatekey-project/gatekey/cmd/gatekey-mesh-gateway/main.go:405.65,415.16 4 0
github.com/gatekey-project/gatekey/cmd/gatekey-mesh-gateway/main.go:415.16,417.3 1 0
github.com/gatekey-project/gatekey/cmd/gatekey-mesh-gateway/main.go:419.2,421.16 3 0
github.com/gatekey-project/gatekey/cmd/gatekey-mesh-gateway/main.go:421.16,423.3 1 0
github.com/gatekey-project/gatekey/cmd/gatekey-mesh-gateway/main.go:424.2,426.38 2 0
github.com/gatekey-project/gatekey/cmd/gatekey-mesh-gateway/main.go:426.38,429.3 2 0
github.com/gatekey-project/gatekey/cmd/gatekey-mesh-gateway/main.go:431.2,432.69 2 0
github.com/gatekey-project/gatekey/cmd/gatekey-mesh-gateway/main.go:432.69,434.3 1 0
github.com/gatekey-project/gatekey/cmd/gatekey-mesh-gateway/main.go:437.2,438.54 2 0
github.com/gatekey-project/gatekey/cmd/gatekey-mesh-gateway/main.go:438.54,440.3 1 0
github.com/gatekey-project/gatekey/cmd/gatekey-mesh-gateway/main.go:443.2,443.90 1 0
github.com/gatekey-project/gatekey/cmd/gatekey-mesh-gateway/main.go:443.90,445.3 1 0
github.com/gatekey-project/gatekey/cmd/gatekey-mesh-gateway/main.go:446.2,446.98 1 0
github.com/gatekey-project/gatekey/cmd/gatekey-mesh-gateway/main.go:446.98,448.3 1 0
github.com/gatekey-project/gatekey/cmd/gatekey-mesh-gateway/main.go:449.2,449.97 1 0
github.com/gatekey-project/gatekey/cmd/gatekey-mesh-gateway/main.go:449.97,451.3 1 0
github.com/gatekey-project/gatekey/cmd/gatekey-mesh-gateway/main.go:454.2,454.58 1 0
github.com/gatekey-project/gatekey/cmd/gatekey-mesh-gateway/main.go:454.58,455.95 1 0
github.com/gatekey-project/gatekey/cmd/gatekey-mesh-gateway/main.go:455.95,457.4 1 0
github.com/gatekey-project/gatekey/cmd/gatekey-mesh-gateway/main.go:461.2,462.23 2 0
github.com/gatekey-project/gatekey/cmd/gatekey-mesh-gateway/main.go:462.23,464.3 1 0
github.com/gatekey-project/gatekey/cmd/gatekey-mesh-gateway/main.go:467.2,468.94 2 0
github.com/gatekey-project/gatekey/cmd/gatekey-mesh-gateway/main.go:468.94,470.3 1 0
github.com/gatekey-project/gatekey/cmd/gatekey-mesh-gateway/main.go:473.2,474.28 2 0
github.com/gatekey-project/gatekey/cmd/gatekey-mesh-gateway/main.go:474.28,477.3 1 0
github.com/gatekey-project/gatekey/cmd/gatekey-mesh-gateway/main.go:478.2,478.60 1 0
github.com/gatekey-project/gatekey/cmd/gatekey-mesh-gateway/main.go:478.60,480.3 1 0
github.com/gatekey-project/gatekey/cmd/gatekey-mesh-gateway/main.go:483.2,483.32 1 0
github.com/gatekey-project/gatekey/cmd/gatekey-mesh-gateway/main.go:483.32,485.63 2 0
github.com/gatekey-project/gatekey/cmd/gatekey-mesh-gateway/main.go:485.63,487.4 1 0
github.com/gatekey-project/gatekey/cmd/gatekey-mesh-gateway/main.go:488.3,488.96 1 0
github.com/gatekey-project/gatekey/cmd/gatekey-mesh-gateway/main.go:492.2,504.12 4 0
github.com/gatekey-project/gatekey/cmd/gatekey-mesh-gateway/main.go:507.78,521.40 10 0
github.com/gatekey-project/gatekey/cmd/gatekey-mesh-gateway/main.go:521.40,524.21 3 0
github.com/gatekey-project/gatekey/cmd/gatekey-mesh-gateway/main.go:524.21,526.4 1 0
github.com/gatekey-project/gatekey/cmd/gatekey-mesh-gateway/main.go:528.2,535.25 6 0
github.com/gatekey-project/gatekey/cmd/gatekey-mesh-gateway/main.go:535.25,538.3 2 0
github.com/gatekey-project/gatekey/cmd/gatekey-mesh-gateway/main.go:542.2,544.28 2 0
github.com/gatekey-project/gatekey/cmd/gatekey-mesh-gateway/main.go:545.14,548.21 3 0
github.com/gatekey-project/gatekey/cmd/gatekey-mesh-gateway/main.go:548.21,550.4 1 0
github.com/gatekey-project/gatekey/cmd/gatekey-mesh-gateway/main.go:550.9,552.4 1 0
github.com/gatekey-project/gatekey/cmd/gatekey-mesh-gateway/main.go:553.3,554.111 2 0
github.com/gatekey-project/gatekey/cmd/gatekey-mesh-gateway/main.go:555.20,558.21 3 0
github.com/gatekey-project/gatekey/cmd/gatekey-mesh-gateway/main.go:558.21,560.4 1 0
github.com/gatekey-project/gatekey/cmd/gatekey-mesh-gateway/main.go:560.9,562.4 1 0
github.com/gatekey-project/gatekey/cmd/gatekey-mesh-gateway/main.go:563.3,563.34 1 0
github.com/gatekey-project/gatekey/cmd/gatekey-mesh-gateway/main.go:564.10,567.21 3 0
github.com/gatekey-project/gatekey/cmd/gatekey-mesh-gateway/main.go:567.21,569.4 1 0
github.com/gatekey-project/gatekey/cmd/gatekey-mesh-gateway/main.go:569.9,571.4 1 0
github.com/gatekey-project/gatekey/cmd/gatekey-mesh-gateway/main.go:572.3,572.34 1 0
github.com/gatekey-project/gatekey/cmd/gatekey-mesh-gateway/main.go:574.2,594.20 15 0
github.com/gatekey-project/gatekey/cmd/gatekey-mesh-gateway/main.go:597.58,599.16 2 0
github.com/gatekey-project/gatekey/cmd/gatekey-mesh-gateway/main.go:599.16,601.3 1 0
github.com/gatekey-project/gatekey/cmd/gatekey-mesh-gateway/main.go:603.2,613.12 10 0
github.com/gatekey-project/gatekey/cmd/gatekey-mesh-gateway/main.go:616.30,619.2 2 0
github.com/gatekey-project/gatekey/cmd/gatekey-mesh-gateway/main.go:621.32,625.16 3 0
github.com/gatekey-project/gatekey/cmd/gatekey-mesh-gateway/main.go:625.16,627.3 1 0
github.com/gatekey-project/gatekey/cmd/gatekey-mesh-gateway/main.go:628.2,628.50 1 0
github.com/gatekey-project/gatekey/cmd/gatekey-mesh-gateway/main.go:631.27,633.34 2 0
github.com/gatekey-project/gatekey/cmd/gatekey-mesh-gateway/main.go:633.34,637.3 2 0
github.com/gatekey-project/gatekey/cmd/gatekey-mesh-gateway/main.go:638.2,638.12 1 0
github.com/gatekey-project/gatekey/cmd/gatekey-mesh-gateway/main.go:641.29,644.34 2 0
github.com/gatekey-project/gatekey/cmd/gatekey-mesh-gateway/main.go:644.34,655.3 5 0
github.com/gatekey-project/gatekey/cmd/gatekey-mesh-gateway/main.go:656.2,656.12 1 0
github.com/gatekey-project/gatekey/cmd/gatekey-mesh-gateway/main.go:659.27,660.44 1 0
github.com/gatekey-project/gatekey/cmd/gatekey-mesh-gateway/main.go:660.44,662.3 1 0
github.com/gatekey-project/gatekey/cmd/gatekey-mesh-gateway/main.go:664.2,664.11 1 0
github.com/gatekey-project/gatekey/cmd/gatekey-mesh-gateway/main.go:667.27,670.2 1 0
github.com/gatekey-project/gatekey/cmd/gatekey-mesh-gateway/main.go:672.31,675.2 1 0
github.com/gatekey-project/gatekey/cmd/gatekey-mesh-gateway/main.go:679.32,682.16 3 0
github.com/gatekey-project/gatekey/cmd/gatekey-mesh-gateway/main.go:682.16,685.3 1 0
github.com/gatekey-project/gatekey/cmd/gatekey-mesh-gateway/main.go:688.2,692.46 2 0
github.com/gatekey-project/gatekey/cmd/gatekey-mesh-gateway/main.go:692.46,694.3 1 0
github.com/gatekey-project/gatekey/cmd/gatekey-mesh-gateway/main.go:696.2,696.14 1 0
github.com/gatekey-project/gatekey/cmd/gatekey-mesh-gateway/main.go:703.42,704.48 1 0
github.com/gatekey-project/gatekey/cmd/gatekey-mesh-gateway/main.go:704.48,707.3 2 0
github.com/gatekey-project/gatekey/cmd/gatekey-mesh-gateway/main.go:710.2,711.20 2 0
github.com/gatekey-project/gatekey/cmd/gatekey-mesh-gateway/main.go:711.20,713.3 1 0
github.com/gatekey-project/gatekey/cmd/gatekey-mesh-gateway/main.go:716.2,717.22 2 0
github.com/gatekey-project/gatekey/cmd/gatekey-mesh-gateway/main.go:717.22,719.3 1 0
github.com/gatekey-project/gatekey/cmd/gatekey-mesh-gateway/main.go:722.2,722.24 1 0
github.com/gatekey-project/gatekey/cmd/gatekey-mesh-gateway/main.go:722.24,728.71 2 0
github.com/gatekey-project/gatekey/cmd/gatekey-mesh-gateway/main.go:728.71,731.72 2 0
github.com/gatekey-project/gatekey/cmd/gatekey-mesh-gateway/main.go:731.72,736.5 2 0
github.com/gatekey-project/gatekey/cmd/gatekey-mesh-gateway/main.go:741.2,741.26 1 0
github.com/gatekey-project/gatekey/cmd/gatekey-mesh-gateway/main.go:741.26,747.77 2 0
github.com/gatekey-project/gatekey/cmd/gatekey-mesh-gateway/main.go:747.77,750.77 2 0
github.com/gatekey-project/gatekey/cmd/gatekey-mesh-gateway/main.go:750.77,755.5 2 0
github.com/gatekey-project/gatekey/cmd/gatekey-mesh-gateway/main.go:759.2,759.12 1 0
github.com/gatekey-project/gatekey/cmd/gatekey-mesh-gateway/main.go:762.78,775.53 6 0
github.com/gatekey-project/gatekey/cmd/gatekey-mesh-gateway/main.go:775.53,777.3 1 0
github.com/gatekey-project/gatekey/cmd/gatekey-mesh-gateway/main.go:779.2,782.12 2 0
github.com/gatekey-project/gatekey/cmd/gatekey-mesh-gateway/main.go:785.78,789.27 2 0
github.com/gatekey-project/gatekey/cmd/gatekey-mesh-gateway/main.go:789.27,792.3 1 0
github.com/gatekey-project/gatekey/cmd/gatekey-mesh-gateway/main.go:795.2,797.53 2 0
github.com/gatekey-project/gatekey/cmd/gatekey-mesh-gateway/main.go:797.53,799.3 1 0
github.com/gatekey-project/gatekey/cmd/gatekey-mesh-gateway/main.go:801.2,804.12 2 0
github.com/gatekey-project/gatekey/cmd/gatekey-mesh-gateway/main.go:807.40,810.16 3 0
github.com/gatekey-project/gatekey/cmd/gatekey-mesh-gateway/main.go:810.16,812.3 1 0
github.com/gatekey-project/gatekey/cmd/gatekey-mesh-gateway/main.go:815.2,816.31 2 0
github.com/gatekey-project/gatekey/cmd/gatekey-mesh-gateway/main.go:816.31,817.42 1 0
github.com/gatekey-project/gatekey/cmd/gatekey-mesh-gateway/main.go:817.42,819.4 1 0
github.com/gatekey-project/gatekey/cmd/gatekey-mesh-gateway/main.go:821.2,821.11 1 0
github.com/gatekey-project/gatekey/cmd/gatekey-mesh-gateway/main.go:824.42,827.16 3 0
github.com/gatekey-project/gatekey/cmd/gatekey-mesh-gateway/main.go:827.16,829.3 1 0
github.com/gatekey-project/gatekey/cmd/gatekey-mesh-gateway/main.go:832.2,833.31 2 0
github.com/gatekey-project/gatekey/cmd/gatekey-mesh-gateway/main.go:833.31,834.42 1 0
github.com/gatekey-project/gatekey/cmd/gatekey-mesh-gateway/main.go:834.42,836.4 1 0
github.com/gatekey-project/gatekey/cmd/gatekey-mesh-gateway/main.go:838.2,838.11 1 0
github.com/gatekey-project/gatekey/cmd/gatekey-mesh-gateway/main.go:841.80,854.53 6 0
github.com/gatekey-project/gatekey/cmd/gatekey-mesh-gateway/main.go:854.53,856.3 1 0
github.com/gatekey-project/gatekey/cmd/gatekey-mesh-gateway/main.go:858.2,861.12 2 0
github.com/gatekey-project/gatekey/cmd/gatekey-mesh-gateway/main.go:864.79,868.27 2 0
github.com/gatekey-project/gatekey/cmd/gatekey-mesh-gateway/main.go:868.27,871.3 1 0
github.com/gatekey-project/gatekey/cmd/gatekey-mesh-gateway/main.go:874.2,876.53 2 0
github.com/gatekey-project/gatekey/cmd/gatekey-mesh-gateway/main.go:876.53,878.3 1 0
github.com/gatekey-project/gatekey/cmd/gatekey-mesh-gateway/main.go:880.2,883.12 2 0
github.com/gatekey-project/gatekey/cmd/gatekey-wireguard-mesh-gateway/main.go:42.13,79.42 7 0
github.com/gatekey-project/gatekey/cmd/gatekey-wireguard-mesh-gateway/main.go:79.42,82.3 2 0
github.com/gatekey-project/gatekey/cmd/gatekey-wireguard-mesh-gateway/main.go:131.43,140.41 7 0
github.com/gatekey-project/gatekey/cmd/gatekey-wireguard-mesh-gateway/main.go:140.41,142.3 1 0
github.com/gatekey-project/gatekey/cmd/gatekey-wireguard-mesh-gateway/main.go:144.2,148.42 4 0
github.com/gatekey-project/gatekey/cmd/gatekey-wireguard-mesh-gateway/main.go:148.42,150.3 1 0
github.com/gatekey-project/gatekey/cmd/gatekey-wireguard-mesh-gateway/main.go:152.2,152.18 1 0
github.com/gatekey-project/gatekey/cmd/gatekey-wireguard-mesh-gateway/main.go:155.52,157.22 2 0
github.com/gatekey-project/gatekey/cmd/gatekey-wireguard-mesh-gateway/main.go:157.22,159.3 1 0
github.com/gatekey-project/gatekey/cmd/gatekey-wireguard-mesh-gateway/main.go:160.2,160.20 1 0
github.com/gatekey-project/gatekey/cmd/gatekey-wireguard-mesh-gateway/main.go:163.33,165.16 2 0
github.com/gatekey-project/gatekey/cmd/gatekey-wireguard-mesh-gateway/main.go:165.16,167.3 1 0
github.com/gatekey-project/gatekey/cmd/gatekey-wireguard-mesh-gateway/main.go:168.2,168.40 1 0
github.com/gatekey-project/gatekey/cmd/gatekey-wireguard-mesh-gateway/main.go:171.46,173.47 2 0
github.com/gatekey-project/gatekey/cmd/gatekey-wireguard-mesh-gateway/main.go:173.47,175.3 1 0
github.com/gatekey-project/gatekey/cmd/gatekey-wireguard-mesh-gateway/main.go:176.2,176.63 1 0
github.com/gatekey-project/gatekey/cmd/gatekey-wireguard-mesh-gateway/main.go:179.31,181.16 2 0
github.com/gatekey-project/gatekey/cmd/gatekey-wireguard-mesh-gateway/main.go:181.16,183.3 1 0
github.com/gatekey-project/gatekey/cmd/gatekey-wireguard-mesh-gateway/main.go:184.2,184.40 1 0
github.com/gatekey-project/gatekey/cmd/gatekey-wireguard-mesh-gateway/main.go:187.41,189.47 2 0
github.com/gatekey-project/gatekey/cmd/gatekey-wireguard-mesh-gateway/main.go:189.47,191.3 1 0
github.com/gatekey-project/gatekey/cmd/gatekey-wireguard-mesh-gateway/main.go:192.2,192.58 1 0
github.com/gatekey-project/gatekey/cmd/gatekey-wireguard-mesh-gateway/main.go:195.58,197.16 2 0
github.com/gatekey-project/gatekey/cmd/gatekey-wireguard-mesh-gateway/main.go:197.16,199.3 1 0
github.com/gatekey-project/gatekey/cmd/gatekey-wireguard-mesh-gateway/main.go:201.2,202.16 2 0
github.com/gatekey-project/gatekey/cmd/gatekey-wireguard-mesh-gateway/main.go:202.16,204.3 1 0
github.com/gatekey-project/gatekey/cmd/gatekey-wireguard-mesh-gateway/main.go:205.2,214.25 4 0
github.com/gatekey-project/gatekey/cmd/gatekey-wireguard-mesh-gateway/main.go:214.25,216.3 1 0
github.com/gatekey-project/gatekey/cmd/gatekey-wireguard-mesh-gateway/main.go:219.2,226.28 5 0
github.com/gatekey-project/gatekey/cmd/gatekey-wireguard-mesh-gateway/main.go:226.28,228.47 2 0
github.com/gatekey-project/gatekey/cmd/gatekey-wireguard-mesh-gateway/main.go:228.47,231.4 2 0
github.com/gatekey-project/gatekey/cmd/gatekey-wireguard-mesh-gateway/main.go:233.3,233.38 1 0
github.com/gatekey-project/gatekey/cmd/gatekey-wireguard-mesh-gateway/main.go:237.2,238.25 2 0
github.com/gatekey-project/gatekey/cmd/gatekey-wireguard-mesh-gateway/main.go:238.25,240.3 1 0
github.com/gatekey-project/gatekey/cmd/gatekey-wireguard-mesh-gateway/main.go:241.2,241.25 1 0
github.com/gatekey-project/gatekey/cmd/gatekey-wireguard-mesh-gateway/main.go:241.25,243.3 1 0
github.com/gatekey-project/gatekey/cmd/gatekey-wireguard-mesh-gateway/main.go:246.2,246.44 1 0
github.com/gatekey-project/gatekey/cmd/gatekey-wireguard-mesh-gateway/main.go:246.44,249.3 2 0
github.com/gatekey-project/gatekey/cmd/gatekey-wireguard-mesh-gateway/main.go:252.2,253.47 2 0
github.com/gatekey-project/gatekey/cmd/gatekey-wireguard-mesh-gateway/main.go:253.47,264.3 3 0
github.com/gatekey-project/gatekey/cmd/gatekey-wireguard-mesh-gateway/main.go:264.8,264.32 1 0
github.com/gatekey-project/gatekey/cmd/gatekey-wireguard-mesh-gateway/main.go:264.32,266.3 1 0
github.com/gatekey-project/gatekey/cmd/gatekey-wireguard-mesh-gateway/main.go:269.2,282.26 7 0
github.com/gatekey-project/gatekey/cmd/gatekey-wireguard-mesh-gateway/main.go:282.26,284.3 1 0
github.com/gatekey-project/gatekey/cmd/gatekey-wireguard-mesh-gateway/main.go:287.2,287.25 1 0
github.com/gatekey-project/gatekey/cmd/gatekey-wireguard-mesh-gateway/main.go:287.25,288.69 1 0
github.com/gatekey-project/gatekey/cmd/gatekey-wireguard-mesh-gateway/main.go:288.69,290.4 1 0
github.com/gatekey-project/gatekey/cmd/gatekey-wireguard-mesh-gateway/main.go:293.2,293.12 1 0
github.com/gatekey-project/gatekey/cmd/gatekey-wireguard-mesh-gateway/main.go:303.61,310.6 4 0
github.com/gatekey-project/gatekey/cmd/gatekey-wireguard-mesh-gateway/main.go:310.6,311.10 1 0
github.com/gatekey-project/gatekey/cmd/gatekey-wireguard-mesh-gateway/main.go:312.21,313.10 1 0
github.com/gatekey-project/gatekey/cmd/gatekey-wireguard-mesh-gateway/main.go:314.19,315.27 1 0
github.com/gatekey-project/gatekey/cmd/gatekey-wireguard-mesh-gateway/main.go:320.61,322.28 2 0
github.com/gatekey-project/gatekey/cmd/gatekey-wireguard-mesh-gateway/main.go:322.28,324.3 1 0
github.com/gatekey-project/gatekey/cmd/gatekey-wireguard-mesh-gateway/main.go:327.2,346.16 4 0
github.com/gatekey-project/gatekey/cmd/gatekey-wireguard-mesh-gateway/main.go:346.16,349.3 2 0
github.com/gatekey-project/gatekey/cmd/gatekey-wireguard-mesh-gateway/main.go:351.2,353.16 3 0
github.com/gatekey-project/gatekey/cmd/gatekey-wireguard-mesh-gateway/main.go:353.16,356.3 2 0
github.com/gatekey-project/gatekey/cmd/gatekey-wireguard-mesh-gateway/main.go:357.2,359.38 2 0
github.com/gatekey-project/gatekey/cmd/gatekey-wireguard-mesh-gateway/main.go:359.38,365.3 3 0
github.com/gatekey-project/gatekey/cmd/gatekey-wireguard-mesh-gateway/main.go:368.2,369.67 2 0
github.com/gatekey-project/gatekey/cmd/gatekey-wireguard-mesh-gateway/main.go:369.67,372.3 2 0
github.com/gatekey-project/gatekey/cmd/gatekey-wireguard-mesh-gateway/main.go:375.2,375.29 1 0
github.com/gatekey-project/gatekey/cmd/gatekey-wireguard-mesh-gateway/main.go:375.29,381.47 2 0
github.com/gatekey-project/gatekey/cmd/gatekey-wireguard-mesh-gateway/main.go:381.47,384.4 2 0
github.com/gatekey-project/gatekey/cmd/gatekey-wireguard-mesh-gateway/main.go:387.3,388.61 2 0
github.com/gatekey-project/gatekey/cmd/gatekey-wireguard-mesh-gateway/main.go:388.61,390.4 1 0
github.com/gatekey-project/gatekey/cmd/gatekey-wireguard-mesh-gateway/main.go:393.3,394.26 2 0
github.com/gatekey-project/gatekey/cmd/gatekey-wireguard-mesh-gateway/main.go:394.26,396.53 1 0
github.com/gatekey-project/gatekey/cmd/gatekey-wireguard-mesh-gateway/main.go:396.53,398.5 1 0
github.com/gatekey-project/gatekey/cmd/gatekey-wireguard-mesh-gateway/main.go:402.3,402.45 1 0
github.com/gatekey-project/gatekey/cmd/gatekey-wireguard-mesh-gateway/main.go:402.45,404.4 1 0
github.com/gatekey-project/gatekey/cmd/gatekey-wireguard-mesh-gateway/main.go:404.9,406.4 1 0
github.com/gatekey-project/gatekey/cmd/gatekey-wireguard-mesh-gateway/main.go:410.49,414.6 3 0
github.com/gatekey-project/gatekey/cmd/gatekey-wireguard-mesh-gateway/main.go:414.6,415.10 1 0
github.com/gatekey-project/gatekey/cmd/gatekey-wireguard-mesh-gateway/main.go:416.21,417.10 1 0
github.com/gatekey-project/gatekey/cmd/gatekey-wireguard-mesh-gateway/main.go:418.19,420.31 1 0
github.com/gatekey-project/gatekey/cmd/gatekey-wireguard-mesh-gateway/main.go:420.31,422.5 1 0
github.com/gatekey-project/gatekey/cmd/gatekey-wireguard-mesh-gateway/main.go:427.64,429.16 2 0
github.com/gatekey-project/gatekey/cmd/gatekey-wireguard-mesh-gateway/main.go:429.16,431.3 1 0
github.com/gatekey-project/gatekey/cmd/gatekey-wireguard-mesh-gateway/main.go:433.2,434.16 2 0
github.com/gatekey-project/gatekey/cmd/gatekey-wireguard-mesh-gateway/main.go:434.16,436.3 1 0
github.com/gatekey-project/gatekey/cmd/gatekey-wireguard-mesh-gateway/main.go:437.2,440.30 3 0
github.com/gatekey-project/gatekey/cmd/gatekey-wireguard-mesh-gateway/main.go:443.65,453.16 4 0
github.com/gatekey-project/gatekey/cmd/gatekey-wireguard-mesh-gateway/main.go:453.16,455.3 1 0
github.com/gatekey-project/gatekey/cmd/gatekey-wireguard-mesh-gateway/main.go:457.2,459.16 3 0
github.com/gatekey-project/gatekey/cmd/gatekey-wireguard-mesh-gateway/main.go:459.16,461.3 1 0
github.com/gatekey-project/gatekey/cmd/gatekey-wireguard-mesh-gateway/main.go:462.2,464.38 2 0
github.com/gatekey-project/gatekey/cmd/gatekey-wireguard-mesh-gateway/main.go:464.38,467.3 2 0
github.com/gatekey-project/gatekey/cmd/gatekey-wireguard-mesh-gateway/main.go:469.2,470.69 2 0
github.com/gatekey-project/gatekey/cmd/gatekey-wireguard-mesh-gateway/main.go:470.69,472.3 1 0
github.com/gatekey-project/gatekey/cmd/gatekey-wireguard-mesh-gateway/main.go:475.2,486.23 12 0
github.com/gatekey-project/gatekey/cmd/gatekey-wireguard-mesh-gateway/main.go:486.23,488.3 1 0
github.com/gatekey-project/gatekey/cmd/gatekey-wireguard-mesh-gateway/main.go:491.2,492.28 2 0
github.com/gatekey-project/gatekey/cmd/gatekey-wireguard-mesh-gateway/main.go:492.28,494.3 1 0
github.com/gatekey-project/gatekey/cmd/gatekey-wireguard-mesh-gateway/main.go:495.2,495.60 1 0
github.com/gatekey-project/gatekey/cmd/gatekey-wireguard-mesh-gateway/main.go:495.60,497.3 1 0
github.com/gatekey-project/gatekey/cmd/gatekey-wireguard-mesh-gateway/main.go:500.2,500.30 1 0
github.com/gatekey-project/gatekey/cmd/gatekey-wireguard-mesh-gateway/main.go:500.30,502.61 2 0
github.com/gatekey-project/gatekey/cmd/gatekey-wireguard-mesh-gateway/main.go:502.61,504.4 1 0
github.com/gatekey-project/gatekey/cmd/gatekey-wireguard-mesh-gateway/main.go:505.3,505.94 1 0
github.com/gatekey-project/gatekey/cmd/gatekey-wireguard-mesh-gateway/main.go:508.2,517.12 2 0
github.com/gatekey-project/gatekey/cmd/gatekey-wireguard-mesh-gateway/main.go:520.48,531.40 4 0
github.com/gatekey-project/gatekey/cmd/gatekey-wireguard-mesh-gateway/main.go:531.40,533.3 1 0
github.com/gatekey-project/gatekey/cmd/gatekey-wireguard-mesh-gateway/main.go:536.2,542.56 2 0
github.com/gatekey-project/gatekey/cmd/gatekey-wireguard-mesh-gateway/main.go:542.56,544.3 1 0
github.com/gatekey-project/gatekey/cmd/gatekey-wireguard-mesh-gateway/main.go:547.2,555.62 2 0
github.com/gatekey-project/gatekey/cmd/gatekey-wireguard-mesh-gateway/main.go:555.62,557.3 1 0
github.com/gatekey-project/gatekey/cmd/gatekey-wireguard-mesh-gateway/main.go:560.2,560.41 1 0
github.com/gatekey-project/gatekey/cmd/gatekey-wireguard-mesh-gateway/main.go:560.41,562.3 1 0
github.com/gatekey-project/gatekey/cmd/gatekey-wireguard-mesh-gateway/main.go:565.2,565.38 1 0
github.com/gatekey-project/gatekey/cmd/gatekey-wireguard-mesh-gateway/main.go:565.38,567.3 1 0
github.com/gatekey-project/gatekey/cmd/gatekey-wireguard-mesh-gateway/main.go:569.2,574.12 2 0
github.com/gatekey-project/gatekey/cmd/gatekey-wireguard-mesh-gateway/main.go:577.45,579.40 1 0
github.com/gatekey-project/gatekey/cmd/gatekey-wireguard-mesh-gateway/main.go:579.40,581.29 1 0
github.com/gatekey-project/gatekey/cmd/gatekey-wireguard-mesh-gateway/main.go:581.29,582.12 1 0
github.com/gatekey-project/gatekey/cmd/gatekey-wireguard-mesh-gateway/main.go:586.3,587.35 2 0
github.com/gatekey-project/gatekey/cmd/gatekey-wireguard-mesh-gateway/main.go:587.35,589.53 1 0
github.com/gatekey-project/gatekey/cmd/gatekey-wireguard-mesh-gateway/main.go:589.53,593.5 1 0
github.com/gatekey-project/gatekey/cmd/gatekey-wireguard-mesh-gateway/main.go:597.2,597.12 1 0
github.com/gatekey-project/gatekey/cmd/gatekey-wireguard-mesh-gateway/main.go:604.42,607.20 2 0
github.com/gatekey-project/gatekey/cmd/gatekey-wireguard-mesh-gateway/main.go:607.20,609.3 1 0
github.com/gatekey-project/gatekey/cmd/gatekey-wireguard-mesh-gateway/main.go:612.2,613.22 2 0
github.com/gatekey-project/gatekey/cmd/gatekey-wireguard-mesh-gateway/main.go:613.22,615.3 1 0
github.com/gatekey-project/gatekey/cmd/gatekey-wireguard-mesh-gateway/main.go:617.2,623.42 2 0
github.com/gatekey-project/gatekey/cmd/gatekey-wireguard-mesh-gateway/main.go:623.42,625.54 1 0
github.com/gatekey-project/gatekey/cmd/gatekey-wireguard-mesh-gateway/main.go:625.54,626.12 1 0
github.com/gatekey-project/gatekey/cmd/gatekey-wireguard-mesh-gateway/main.go:630.3,630.39 1 0
github.com/gatekey-project/gatekey/cmd/gatekey-wireguard-mesh-gateway/main.go:630.39,632.73 1 0
github.com/gatekey-project/gatekey/cmd/gatekey-wireguard-mesh-gateway/main.go:632.73,634.73 2 0
github.com/gatekey-project/gatekey/cmd/gatekey-wireguard-mesh-gateway/main.go:634.73,638.6 1 0
github.com/gatekey-project/gatekey/cmd/gatekey-wireguard-mesh-gateway/main.go:640.9,642.69 1 0
github.com/gatekey-project/gatekey/cmd/gatekey-wireguard-mesh-gateway/main.go:642.69,644.70 2 0
github.com/gatekey-project/gatekey/cmd/gatekey-wireguard-mesh-gateway/main.go:644.70,648.6 1 0
github.com/gatekey-project/gatekey/cmd/gatekey-wireguard-mesh-gateway/main.go:653.2,653.12 1 0
github.com/gatekey-project/gatekey/cmd/gatekey-wireguard-mesh-gateway/main.go:656.78,669.53 6 0
github.com/gatekey-project/gatekey/cmd/gatekey-wireguard-mesh-gateway/main.go:669.53,671.3 1 0
github.com/gatekey-project/gatekey/cmd/gatekey-wireguard-mesh-gateway/main.go:673.2,676.12 2 0
github.com/gatekey-project/gatekey/cmd/gatekey-wireguard-mesh-gateway/main.go:679.78,683.27 2 0
github.com/gatekey-project/gatekey/cmd/gatekey-wireguard-mesh-gateway/main.go:683.27,686.3 1 0
github.com/gatekey-project/gatekey/cmd/gatekey-wireguard-mesh-gateway/main.go:689.2,691.53 2 0
github.com/gatekey-project/gatekey/cmd/gatekey-wireguard-mesh-gateway/main.go:691.53,693.3 1 0
github.com/gatekey-project/gatekey/cmd/gatekey-wireguard-mesh-gateway/main.go:695.2,698.12 2 0
github.com/gatekey-project/gatekey/cmd/gatekey-wireguard-mesh-gateway/main.go:701.40,704.16 3 0
github.com/gatekey-project/gatekey/cmd/gatekey-wireguard-mesh-gateway/main.go:704.16,706.3 1 0
github.com/gatekey-project/gatekey/cmd/gatekey-wireguard-mesh-gateway/main.go:709.2,710.31 2 0
github.com/gatekey-project/gatekey/cmd/gatekey-wireguard-mesh-gateway/main.go:710.31,711.42 1 0
github.com/gatekey-project/gatekey/cmd/gatekey-wireguard-mesh-gateway/main.go:711.42,713.4 1 0
github.com/gatekey-project/gatekey/cmd/gatekey-wireguard-mesh-gateway/main.go:715.2,715.11 1 0
github.com/gatekey-project/gatekey/cmd/gatekey-wireguard-mesh-gateway/main.go:718.42,721.16 3 0
github.com/gatekey-project/gatekey/cmd/gatekey-wireguard-mesh-gateway/main.go:721.16,723.3 1 0
github.com/gatekey-project/gatekey/cmd/gatekey-wireguard-mesh-gateway/main.go:726.2,727.31 2 0
github.com/gatekey-project/gatekey/cmd/gatekey-wireguard-mesh-gateway/main.go:727.31,728.42 1 0
github.com/gatekey-project/gatekey/cmd/gatekey-wireguard-mesh-gateway/main.go:728.42,730.4 1 0
github.com/gatekey-project/gatekey/cmd/gatekey-wireguard-mesh-gateway/main.go:732.2,732.11 1 0
github.com/gatekey-project/gatekey/cmd/gatekey-wireguard-mesh-gateway/main.go:735.80,748.53 6 0
github.com/gatekey-project/gatekey/cmd/gatekey-wireguard-mesh-gateway/main.go:748.53,750.3 1 0
github.com/gatekey-project/gatekey/cmd/gatekey-wireguard-mesh-gateway/main.go:752.2,755.12 2 0
github.com/gatekey-project/gatekey/cmd/gatekey-wireguard-mesh-gateway/main.go:758.79,762.27 2 0
github.com/gatekey-project/gatekey/cmd/gatekey-wireguard-mesh-gateway/main.go:762.27,765.3 1 0
github.com/gatekey-project/gatekey/cmd/gatekey-wireguard-mesh-gateway/main.go:768.2,770.53 2 0
github.com/gatekey-project/gatekey/cmd/gatekey-wireguard-mesh-gateway/main.go:770.53,772.3 1 0
github.com/gatekey-project/gatekey/cmd/gatekey-wireguard-mesh-gateway/main.go:774.2,777.12 2 0
github.com/gatekey-project/gatekey/cmd/gatekey-wireguard-mesh-gateway/main.go:780.58,782.16 2 0
github.com/gatekey-project/gatekey/cmd/gatekey-wireguard-mesh-gateway/main.go:782.16,784.3 1 0
github.com/gatekey-project/gatekey/cmd/gatekey-wireguard-mesh-gateway/main.go:786.2,794.18 8 0
github.com/gatekey-project/gatekey/cmd/gatekey-wireguard-mesh-gateway/main.go:794.18,796.3 1 0
github.com/gatekey-project/gatekey/cmd/gatekey-wireguard-mesh-gateway/main.go:799.2,800.16 2 0
github.com/gatekey-project/gatekey/cmd/gatekey-wireguard-mesh-gateway/main.go:800.16,803.3 2 0
github.com/gatekey-project/gatekey/cmd/gatekey-wireguard-mesh-gateway/main.go:805.2,809.12 4 0
github.com/gatekey-project/gatekey/cmd/gatekey-wireguard-mesh-gateway/main.go:813.34,814.24 1 0
github.com/gatekey-project/gatekey/cmd/gatekey-wireguard-mesh-gateway/main.go:814.24,816.3 1 0
github.com/gatekey-project/gatekey/cmd/gatekey-wireguard-mesh-gateway/main.go:819.2,821.16 3 0
github.com/gatekey-project/gatekey/cmd/gatekey-wireguard-mesh-gateway/main.go:821.16,823.3 1 0
github.com/gatekey-project/gatekey/cmd/gatekey-wireguard-mesh-gateway/main.go:825.2,826.29 2 0
github.com/gatekey-project/gatekey/cmd/gatekey-wireguard-mesh-gateway/main.go:826.29,827.27 1 0
github.com/gatekey-project/gatekey/cmd/gatekey-wireguard-mesh-gateway/main.go:827.27,828.12 1 0
github.com/gatekey-project/gatekey/cmd/gatekey-wireguard-mesh-gateway/main.go:831.3,832.22 2 0
github.com/gatekey-project/gatekey/cmd/gatekey-wireguard-mesh-gateway/main.go:832.22,833.12 1 0
github.com/gatekey-project/gatekey/cmd/gatekey-wireguard-mesh-gateway/main.go:836.3,837.29 2 0
github.com/gatekey-project/gatekey/cmd/gatekey-wireguard-mesh-gateway/main.go:837.29,840.25 2 0
github.com/gatekey-project/gatekey/cmd/gatekey-wireguard-mesh-gateway/main.go:840.25,844.5 2 0
github.com/gatekey-project/gatekey/cmd/gatekey-wireguard-mesh-gateway/main.go:848.2,848.14 1 0
github.com/gatekey-project/gatekey/cmd/gatekey-wireguard-mesh-gateway/main.go:852.39,853.24 1 0
github.com/gatekey-project/gatekey/cmd/gatekey-wireguard-mesh-gateway/main.go:853.24,855.3 1 0
github.com/gatekey-project/gatekey/cmd/gatekey-wireguard-mesh-gateway/main.go:857.2,859.16 3 0
github.com/gatekey-project/gatekey/cmd/gatekey-wireguard-mesh-gateway/main.go:859.16,861.3 1 0
github.com/gatekey-project/gatekey/cmd/gatekey-wireguard-mesh-gateway/main.go:863.2,864.29 2 0
github.com/gatekey-project/gatekey/cmd/gatekey-wireguard-mesh-gateway/main.go:864.29,865.27 1 0
github.com/gatekey-project/gatekey/cmd/gatekey-wireguard-mesh-gateway/main.go:865.27,866.12 1 0
github.com/gatekey-project/gatekey/cmd/gatekey-wireguard-mesh-gateway/main.go:869.3,870.22 2 0
github.com/gatekey-project/gatekey/cmd/gatekey-wireguard-mesh-gateway/main.go:870.22,871.12 1 0
github.com/gatekey-project/gatekey/cmd/gatekey-wireguard-mesh-gateway/main.go:874.3,875.29 2 0
github.com/gatekey-project/gatekey/cmd/gatekey-wireguard-mesh-gateway/main.go:875.29,879.4 3 0
github.com/gatekey-project/gatekey/cmd/gatekey-wireguard-mesh-gateway/main.go:882.2,882.13 1 0
github.com/gatekey-project/gatekey/cmd/gatekey-wireguard-mesh-gateway/main.go:885.27,886.44 1 0
github.com/gatekey-project/gatekey/cmd/gatekey-wireguard-mesh-gateway/main.go:886.44,888.3 1 0
github.com/gatekey-project/gatekey/cmd/gatekey-wireguard-mesh-gateway/main.go:891.2,892.16 2 0
github.com/gatekey-project/gatekey/cmd/gatekey-wireguard-mesh-gateway/main.go:892.16,894.3 1 0
github.com/gatekey-project/gatekey/cmd/gatekey-wireguard-mesh-gateway/main.go:896.2,896.31 1 0
github.com/gatekey-project/gatekey/cmd/gatekey-wireguard-mesh-gateway/main.go:896.31,897.71 1 0
github.com/gatekey-project/gatekey/cmd/gatekey-wireguard-mesh-gateway/main.go:897.71,898.12 1 0
github.com/gatekey-project/gatekey/cmd/gatekey-wireguard-mesh-gateway/main.go:901.3,902.17 2 0
github.com/gatekey-project/gatekey/cmd/gatekey-wireguard-mesh-gateway/main.go:902.17,903.12 1 0
github.com/gatekey-project/gatekey/cmd/gatekey-wireguard-mesh-gateway/main.go:906.3,906.30 1 0
github.com/gatekey-project/gatekey/cmd/gatekey-wireguard-mesh-gateway/main.go:906.30,908.11 2 0
github.com/gatekey-project/gatekey/cmd/gatekey-wireguard-mesh-gateway/main.go:908.11,909.13 1 0
github.com/gatekey-project/gatekey/cmd/gatekey-wireguard-mesh-gateway/main.go:912.4,913.54 2 0
github.com/gatekey-project/gatekey/cmd/gatekey-wireguard-mesh-gateway/main.go:913.54,914.13 1 0
github.com/gatekey-project/gatekey/cmd/gatekey-wireguard-mesh-gateway/main.go:917.4,917.22 1 0
github.com/gatekey-project/gatekey/cmd/gatekey-wireguard-mesh-gateway/main.go:921.2,921.11 1 0
github.com/gatekey-project/gatekey/internal/adminclient/auth.go:33.50,35.2 1 0
github.com/gatekey-project/gatekey/internal/adminclient/auth.go:38.77,39.30 1 0
github.com/gatekey-project/gatekey/internal/adminclient/auth.go:39.30,41.3 1 0
github.com/gatekey-project/gatekey/internal/adminclient/auth.go:44.2,45.16 2 0
github.com/gatekey-project/gatekey/internal/adminclient/auth.go:45.16,47.3 1 0
github.com/gatekey-project/gatekey/internal/adminclient/auth.go:48.2,52.16 4 0
github.com/gatekey-project/gatekey/internal/adminclient/auth.go:52.16,54.3 1 0
github.com/gatekey-project/gatekey/internal/adminclient/auth.go:55.2,58.16 3 0
github.com/gatekey-project/gatekey/internal/adminclient/auth.go:58.16,60.3 1 0
github.com/gatekey-project/gatekey/internal/adminclient/auth.go:61.2,63.48 2 0
github.com/gatekey-project/gatekey/internal/adminclient/auth.go:63.48,65.3 1 0
github.com/gatekey-project/gatekey/internal/adminclient/auth.go:66.2,66.38 1 0
github.com/gatekey-project/gatekey/internal/adminclient/auth.go:66.38,68.3 1 0
github.com/gatekey-project/gatekey/internal/adminclient/auth.go:71.2,82.67 2 0
github.com/gatekey-project/gatekey/internal/adminclient/auth.go:82.67,84.3 1 0
github.com/gatekey-project/gatekey/internal/adminclient/auth.go:86.2,86.21 1 0
github.com/gatekey-project/gatekey/internal/adminclient/auth.go:86.21,88.3 1 0
github.com/gatekey-project/gatekey/internal/adminclient/auth.go:91.2,92.40 2 0
github.com/gatekey-project/gatekey/internal/adminclient/auth.go:92.40,94.3 1 0
github.com/gatekey-project/gatekey/internal/adminclient/auth.go:97.2,102.12 5 0
github.com/gatekey-project/gatekey/internal/adminclient/auth.go:106.72,107.30 1 0
github.com/gatekey-project/gatekey/internal/adminclient/auth.go:107.30,109.3 1 0
github.com/gatekey-project/gatekey/internal/adminclient/auth.go:112.2,113.16 2 0
github.com/gatekey-project/gatekey/internal/adminclient/auth.go:113.16,115.3 1 0
github.com/gatekey-project/gatekey/internal/adminclient/auth.go:116.2,125.74 5 0
github.com/gatekey-project/gatekey/internal/adminclient/auth.go:125.74,127.4 1 0
github.com/gatekey-project/gatekey/internal/adminclient/auth.go:131.2,131.12 1 0
github.com/gatekey-project/gatekey/internal/adminclient/auth.go:131.12,132.65 1 0
github.com/gatekey-project/gatekey/internal/adminclient/auth.go:132.65,134.4 1 0
github.com/gatekey-project/gatekey/internal/adminclient/auth.go:137.2,137.15 1 0
github.com/gatekey-project/gatekey/internal/adminclient/auth.go:137.15,141.3 3 0
github.com/gatekey-project/gatekey/internal/adminclient/auth.go:144.2,145.16 2 0
github.com/gatekey-project/gatekey/internal/adminclient/auth.go:145.16,147.3 1 0
github.com/gatekey-project/gatekey/internal/adminclient/auth.go:148.2,156.15 7 0
github.com/gatekey-project/gatekey/internal/adminclient/auth.go:156.15,159.3 2 0
github.com/gatekey-project/gatekey/internal/adminclient/auth.go:159.8,161.56 2 0
github.com/gatekey-project/gatekey/internal/adminclient/auth.go:161.56,165.4 3 0
github.com/gatekey-project/gatekey/internal/adminclient/auth.go:168.2,171.9 2 0
github.com/gatekey-project/gatekey/internal/adminclient/auth.go:172.28,173.21 1 0
github.com/gatekey-project/gatekey/internal/adminclient/auth.go:173.21,175.4 1 0
github.com/gatekey-project/gatekey/internal/adminclient/auth.go:176.3,176.44 1 0
github.com/gatekey-project/gatekey/internal/adminclient/auth.go:176.44,178.4 1 0
github.com/gatekey-project/gatekey/internal/adminclient/auth.go:180.3,184.28 4 0
github.com/gatekey-project/gatekey/internal/adminclient/auth.go:184.28,186.4 1 0
github.com/gatekey-project/gatekey/internal/adminclient/auth.go:187.3,187.13 1 0
github.com/gatekey-project/gatekey/internal/adminclient/auth.go:189.24,190.13 1 0
github.com/gatekey-project/gatekey/internal/adminclient/auth.go:192.20,193.19 1 0
github.com/gatekey-project/gatekey/internal/adminclient/auth.go:195.37,196.48 1 0
github.com/gatekey-project/gatekey/internal/adminclient/auth.go:201.129,202.31 1 0
github.com/gatekey-project/gatekey/internal/adminclient/auth.go:202.31,205.3 2 0
github.com/gatekey-project/gatekey/internal/adminclient/auth.go:208.2,208.56 1 0
github.com/gatekey-project/gatekey/internal/adminclient/auth.go:208.56,210.20 2 0
github.com/gatekey-project/gatekey/internal/adminclient/auth.go:210.20,212.4 1 0
github.com/gatekey-project/gatekey/internal/adminclient/auth.go:213.3,215.9 3 0
github.com/gatekey-project/gatekey/internal/adminclient/auth.go:219.2,221.33 2 0
github.com/gatekey-project/gatekey/internal/adminclient/auth.go:221.33,222.64 1 0
github.com/gatekey-project/gatekey/internal/adminclient/auth.go:222.64,226.4 3 0
github.com/gatekey-project/gatekey/internal/adminclient/auth.go:227.8,234.68 6 0
github.com/gatekey-project/gatekey/internal/adminclient/auth.go:234.68,238.4 3 0
github.com/gatekey-project/gatekey/internal/adminclient/auth.go:241.2,241.29 1 0
github.com/gatekey-project/gatekey/internal/adminclient/auth.go:241.29,245.3 3 0
github.com/gatekey-project/gatekey/internal/adminclient/auth.go:247.2,248.21 2 0
github.com/gatekey-project/gatekey/internal/adminclient/auth.go:252.93,256.13 3 0
github.com/gatekey-project/gatekey/internal/adminclient/auth.go:256.13,280.3 1 0
github.com/gatekey-project/gatekey/internal/adminclient/auth.go:280.8,306.3 1 0
github.com/gatekey-project/gatekey/internal/adminclient/auth.go:308.2,308.23 1 0
github.com/gatekey-project/gatekey/internal/adminclient/auth.go:312.38,315.68 2 0
github.com/gatekey-project/gatekey/internal/adminclient/auth.go:315.68,317.3 1 0
github.com/gatekey-project/gatekey/internal/adminclient/auth.go:320.2,320.27 1 0
github.com/gatekey-project/gatekey/internal/adminclient/auth.go:320.27,322.41 2 0
github.com/gatekey-project/gatekey/internal/adminclient/auth.go:322.41,324.4 1 0
github.com/gatekey-project/gatekey/internal/adminclient/auth.go:327.2,328.12 2 0
github.com/gatekey-project/gatekey/internal/adminclient/auth.go:332.54,336.16 3 0
github.com/gatekey-project/gatekey/internal/adminclient/auth.go:336.16,337.25 1 0
github.com/gatekey-project/gatekey/internal/adminclient/auth.go:337.25,339.4 1 0
github.com/gatekey-project/gatekey/internal/adminclient/auth.go:340.3,340.58 1 0
github.com/gatekey-project/gatekey/internal/adminclient/auth.go:343.2,344.53 2 0
github.com/gatekey-project/gatekey/internal/adminclient/auth.go:344.53,346.3 1 0
github.com/gatekey-project/gatekey/internal/adminclient/auth.go:349.2,349.68 1 0
github.com/gatekey-project/gatekey/internal/adminclient/auth.go:349.68,351.3 1 0
github.com/gatekey-project/gatekey/internal/adminclient/auth.go:353.2,353.20 1 0
github.com/gatekey-project/gatekey/internal/adminclient/auth.go:357.57,359.16 2 0
github.com/gatekey-project/gatekey/internal/adminclient/auth.go:359.16,361.3 1 0
github.com/gatekey-project/gatekey/internal/adminclient/auth.go:363.2,364.60 2 0
github.com/gatekey-project/gatekey/internal/adminclient/auth.go:364.60,366.3 1 0
github.com/gatekey-project/gatekey/internal/adminclient/auth.go:368.2,368.12 1 0
github.com/gatekey-project/gatekey/internal/adminclient/auth.go:373.55,375.27 1 0
github.com/gatekey-project/gatekey/internal/adminclient/auth.go:375.27,377.3 1 0
github.com/gatekey-project/gatekey/internal/adminclient/auth.go:380.2,381.16 2 0
github.com/gatekey-project/gatekey/internal/adminclient/auth.go:381.16,383.3 1 0
github.com/gatekey-project/gatekey/internal/adminclient/auth.go:384.2,384.18 1 0
github.com/gatekey-project/gatekey/internal/adminclient/auth.go:384.18,386.3 1 0
github.com/gatekey-project/gatekey/internal/adminclient/auth.go:388.2,388.43 1 0
github.com/gatekey-project/gatekey/internal/adminclient/auth.go:392.41,393.27 1 0
github.com/gatekey-project/gatekey/internal/adminclient/auth.go:393.27,395.3 1 0
github.com/gatekey-project/gatekey/internal/adminclient/auth.go:396.2,397.35 2 0
github.com/gatekey-project/gatekey/internal/adminclient/auth.go:401.67,402.27 1 0
github.com/gatekey-project/gatekey/internal/adminclient/auth.go:402.27,404.3 1 0
github.com/gatekey-project/gatekey/internal/adminclient/auth.go:405.2,406.32 2 0
github.com/gatekey-project/gatekey/internal/adminclient/auth.go:406.32,408.3 1 0
github.com/gatekey-project/gatekey/internal/adminclient/auth.go:409.2,409.15 1 0
github.com/gatekey-project/gatekey/internal/adminclient/auth.go:413.63,415.16 2 0
github.com/gatekey-project/gatekey/internal/adminclient/auth.go:415.16,417.3 1 0
github.com/gatekey-project/gatekey/internal/adminclient/auth.go:418.2,418.18 1 0
github.com/gatekey-project/gatekey/internal/adminclient/auth.go:418.18,420.3 1 0
github.com/gatekey-project/gatekey/internal/adminclient/auth.go:422.2,422.30 1 0
github.com/gatekey-project/gatekey/internal/adminclient/auth.go:422.30,424.3 1 0
github.com/gatekey-project/gatekey/internal/adminclient/auth.go:427.2,428.16 2 0
github.com/gatekey-project/gatekey/internal/adminclient/auth.go:428.16,430.3 1 0
github.com/gatekey-project/gatekey/internal/adminclient/auth.go:431.2,437.16 4 0
github.com/gatekey-project/gatekey/internal/adminclient/auth.go:437.16,439.3 1 0
github.com/gatekey-project/gatekey/internal/adminclient/auth.go:440.2,443.16 3 0
github.com/gatekey-project/gatekey/internal/adminclient/auth.go:443.16,445.3 1 0
github.com/gatekey-project/gatekey/internal/adminclient/auth.go:446.2,448.38 2 0
github.com/gatekey-project/gatekey/internal/adminclient/auth.go:448.38,450.3 1 0
github.com/gatekey-project/gatekey/internal/adminclient/auth.go:452.2,453.69 2 0
github.com/gatekey-project/gatekey/internal/adminclient/auth.go:453.69,455.3 1 0
github.com/gatekey-project/gatekey/internal/adminclient/auth.go:458.2,458.30 1 0
github.com/gatekey-project/gatekey/internal/adminclient/auth.go:458.30,460.3 1 0
github.com/gatekey-project/gatekey/internal/adminclient/auth.go:461.2,461.29 1 0
github.com/gatekey-project/gatekey/internal/adminclient/auth.go:461.29,463.3 1 0
github.com/gatekey-project/gatekey/internal/adminclient/auth.go:464.2,466.31 2 0
github.com/gatekey-project/gatekey/internal/adminclient/auth.go:470.36,473.22 2 0
github.com/gatekey-project/gatekey/internal/adminclient/auth.go:474.16,475.34 1 0
github.com/gatekey-project/gatekey/internal/adminclient/auth.go:476.15,479.36 2 0
github.com/gatekey-project/gatekey/internal/adminclient/auth.go:479.36,480.55 1 0
github.com/gatekey-project/gatekey/internal/adminclient/auth.go:480.55,482.10 2 0
github.com/gatekey-project/gatekey/internal/adminclient/auth.go:485.3,485.17 1 0
github.com/gatekey-project/gatekey/internal/adminclient/auth.go:485.17,487.4 1 0
github.com/gatekey-project/gatekey/internal/adminclient/auth.go:488.17,489.69 1 0
github.com/gatekey-project/gatekey/internal/adminclient/auth.go:490.10,491.44 1 0
github.com/gatekey-project/gatekey/internal/adminclient/auth.go:494.2,494.20 1 0
github.com/gatekey-project/gatekey/internal/adminclient/client.go:23.40,30.2 1 0
github.com/gatekey-project/gatekey/internal/adminclient/client.go:33.38,35.2 1 0
github.com/gatekey-project/gatekey/internal/adminclient/client.go:38.110,40.16 2 0
github.com/gatekey-project/gatekey/internal/adminclient/client.go:40.16,42.3 1 0
github.com/gatekey-project/gatekey/internal/adminclient/client.go:43.2,46.17 3 0
github.com/gatekey-project/gatekey/internal/adminclient/client.go:46.17,48.17 2 0
github.com/gatekey-project/gatekey/internal/adminclient/client.go:48.17,50.4 1 0
github.com/gatekey-project/gatekey/internal/adminclient/client.go:51.3,51.41 1 0
github.com/gatekey-project/gatekey/internal/adminclient/client.go:54.2,55.16 2 0
github.com/gatekey-project/gatekey/internal/adminclient/client.go:55.16,57.3 1 0
github.com/gatekey-project/gatekey/internal/adminclient/client.go:59.2,60.16 2 0
github.com/gatekey-project/gatekey/internal/adminclient/client.go:60.16,62.3 1 0
github.com/gatekey-project/gatekey/internal/adminclient/client.go:63.2,67.29 4 0
github.com/gatekey-project/gatekey/internal/adminclient/client.go:71.111,73.16 2 0
github.com/gatekey-project/gatekey/internal/adminclient/client.go:73.16,75.3 1 0
github.com/gatekey-project/gatekey/internal/adminclient/client.go:76.2,78.28 2 0
github.com/gatekey-project/gatekey/internal/adminclient/client.go:78.28,80.3 1 0
github.com/gatekey-project/gatekey/internal/adminclient/client.go:82.2,82.19 1 0
github.com/gatekey-project/gatekey/internal/adminclient/client.go:82.19,83.67 1 0
github.com/gatekey-project/gatekey/internal/adminclient/client.go:83.67,85.4 1 0
github.com/gatekey-project/gatekey/internal/adminclient/client.go:88.2,88.12 1 0
github.com/gatekey-project/gatekey/internal/adminclient/client.go:92.57,101.15 5 0
github.com/gatekey-project/gatekey/internal/adminclient/client.go:101.15,103.3 1 0
github.com/gatekey-project/gatekey/internal/adminclient/client.go:104.2,104.15 1 0
github.com/gatekey-project/gatekey/internal/adminclient/client.go:104.15,106.3 1 0
github.com/gatekey-project/gatekey/internal/adminclient/client.go:107.2,107.15 1 0
github.com/gatekey-project/gatekey/internal/adminclient/client.go:107.15,109.3 1 0
github.com/gatekey-project/gatekey/internal/adminclient/client.go:111.2,111.63 1 0
github.com/gatekey-project/gatekey/internal/adminclient/client.go:138.71,144.2 3 0
github.com/gatekey-project/gatekey/internal/adminclient/client.go:146.79,150.2 3 0
github.com/gatekey-project/gatekey/internal/adminclient/client.go:152.88,156.2 3 0
github.com/gatekey-project/gatekey/internal/adminclient/client.go:158.99,162.2 3 0
github.com/gatekey-project/gatekey/internal/adminclient/client.go:164.70,166.2 1 0
github.com/gatekey-project/gatekey/internal/adminclient/client.go:175.95,179.2 3 0
github.com/gatekey-project/gatekey/internal/adminclient/client.go:181.97,185.2 3 0
github.com/gatekey-project/gatekey/internal/adminclient/client.go:202.71,208.2 3 0
github.com/gatekey-project/gatekey/internal/adminclient/client.go:210.79,214.2 3 0
github.com/gatekey-project/gatekey/internal/adminclient/client.go:216.88,220.2 3 0
github.com/gatekey-project/gatekey/internal/adminclient/client.go:222.99,226.2 3 0
github.com/gatekey-project/gatekey/internal/adminclient/client.go:228.70,230.2 1 0
github.com/gatekey-project/gatekey/internal/adminclient/client.go:248.77,254.2 3 0
github.com/gatekey-project/gatekey/internal/adminclient/client.go:256.85,260.2 3 0
github.com/gatekey-project/gatekey/internal/adminclient/client.go:262.94,266.2 3 0
github.com/gatekey-project/gatekey/internal/adminclient/client.go:268.105,272.2 3 0
github.com/gatekey-project/gatekey/internal/adminclient/client.go:274.73,276.2 1 0
github.com/gatekey-project/gatekey/internal/adminclient/client.go:293.65,299.2 3 0
github.com/gatekey-project/gatekey/internal/adminclient/client.go:301.73,305.2 3 0
github.com/gatekey-project/gatekey/internal/adminclient/client.go:307.93,311.2 3 0
github.com/gatekey-project/gatekey/internal/adminclient/client.go:313.74,315.2 1 0
github.com/gatekey-project/gatekey/internal/adminclient/client.go:329.75,335.2 3 0
github.com/gatekey-project/gatekey/internal/adminclient/client.go:337.92,341.2 3 0
github.com/gatekey-project/gatekey/internal/adminclient/client.go:343.72,345.2 1 0
github.com/gatekey-project/gatekey/internal/adminclient/client.go:347.96,349.2 1 0
github.com/gatekey-project/gatekey/internal/adminclient/client.go:359.67,365.2 3 0
github.com/gatekey-project/gatekey/internal/adminclient/client.go:367.84,373.2 3 0
github.com/gatekey-project/gatekey/internal/adminclient/client.go:375.88,381.2 3 0
github.com/gatekey-project/gatekey/internal/adminclient/client.go:402.77,408.2 3 0
github.com/gatekey-project/gatekey/internal/adminclient/client.go:410.85,415.16 3 0
github.com/gatekey-project/gatekey/internal/adminclient/client.go:415.16,417.3 1 0
github.com/gatekey-project/gatekey/internal/adminclient/client.go:418.2,418.27 1 0
github.com/gatekey-project/gatekey/internal/adminclient/client.go:421.103,430.16 4 0
github.com/gatekey-project/gatekey/internal/adminclient/client.go:430.16,432.3 1 0
github.com/gatekey-project/gatekey/internal/adminclient/client.go:433.2,433.27 1 0
github.com/gatekey-project/gatekey/internal/adminclient/client.go:436.92,438.16 2 0
github.com/gatekey-project/gatekey/internal/adminclient/client.go:438.16,440.3 1 0
github.com/gatekey-project/gatekey/internal/adminclient/client.go:441.2,441.23 1 0
github.com/gatekey-project/gatekey/internal/adminclient/client.go:441.23,443.3 1 0
github.com/gatekey-project/gatekey/internal/adminclient/client.go:444.2,444.99 1 0
github.com/gatekey-project/gatekey/internal/adminclient/client.go:447.73,449.2 1 0
github.com/gatekey-project/gatekey/internal/adminclient/client.go:451.105,457.2 3 0
github.com/gatekey-project/gatekey/internal/adminclient/client.go:459.101,465.2 2 0
github.com/gatekey-project/gatekey/internal/adminclient/client.go:467.104,471.2 2 0
github.com/gatekey-project/gatekey/internal/adminclient/client.go:498.69,504.2 3 0
github.com/gatekey-project/gatekey/internal/adminclient/client.go:506.77,510.2 3 0
github.com/gatekey-project/gatekey/internal/adminclient/client.go:512.100,516.2 3 0
github.com/gatekey-project/gatekey/internal/adminclient/client.go:518.84,520.2 1 0
github.com/gatekey-project/gatekey/internal/adminclient/client.go:522.88,528.2 3 0
github.com/gatekey-project/gatekey/internal/adminclient/client.go:530.119,534.2 3 0
github.com/gatekey-project/gatekey/internal/adminclient/client.go:536.93,538.2 1 0
github.com/gatekey-project/gatekey/internal/adminclient/client.go:553.71,559.2 3 0
github.com/gatekey-project/gatekey/internal/adminclient/client.go:561.79,565.2 3 0
github.com/gatekey-project/gatekey/internal/adminclient/client.go:567.88,571.2 3 0
github.com/gatekey-project/gatekey/internal/adminclient/client.go:573.99,577.2 3 0
github.com/gatekey-project/gatekey/internal/adminclient/client.go:579.70,581.2 1 0
github.com/gatekey-project/gatekey/internal/adminclient/client.go:583.95,587.2 3 0
github.com/gatekey-project/gatekey/internal/adminclient/client.go:604.75,610.2 3 0
github.com/gatekey-project/gatekey/internal/adminclient/client.go:612.83,616.2 3 0
github.com/gatekey-project/gatekey/internal/adminclient/client.go:618.92,622.2 3 0
github.com/gatekey-project/gatekey/internal/adminclient/client.go:624.103,628.2 3 0
github.com/gatekey-project/gatekey/internal/adminclient/client.go:630.72,632.2 1 0
github.com/gatekey-project/gatekey/internal/adminclient/client.go:634.97,638.2 3 0
github.com/gatekey-project/gatekey/internal/adminclient/client.go:653.58,657.2 3 0
github.com/gatekey-project/gatekey/internal/adminclient/client.go:659.61,665.2 3 0
github.com/gatekey-project/gatekey/internal/adminclient/client.go:667.78,671.2 3 0
github.com/gatekey-project/gatekey/internal/adminclient/client.go:673.67,675.2 1 0
github.com/gatekey-project/gatekey/internal/adminclient/client.go:677.65,679.2 1 0
github.com/gatekey-project/gatekey/internal/adminclient/client.go:695.84,697.15 2 0
github.com/gatekey-project/gatekey/internal/adminclient/client.go:697.15,699.3 1 0
github.com/gatekey-project/gatekey/internal/adminclient/client.go:700.2,704.25 3 0
github.com/gatekey-project/gatekey/internal/adminclient/client.go:722.77,728.2 3 0
github.com/gatekey-project/gatekey/internal/adminclient/client.go:730.71,732.2 1 0
github.com/gatekey-project/gatekey/internal/adminclient/client.go:746.74,750.2 3 0
github.com/gatekey-project/gatekey/internal/adminclient/client.go:803.78,807.2 3 0
github.com/gatekey-project/gatekey/internal/adminclient/client.go:843.94,847.2 3 0
github.com/gatekey-project/gatekey/internal/adminclient/client.go:849.111,853.2 3 0
github.com/gatekey-project/gatekey/internal/adminclient/client.go:865.93,871.2 3 0
github.com/gatekey-project/gatekey/internal/adminclient/client.go:874.52,876.16 2 0
github.com/gatekey-project/gatekey/internal/adminclient/client.go:876.16,878.3 1 0
github.com/gatekey-project/gatekey/internal/adminclient/client.go:881.2,881.18 1 0
github.com/gatekey-project/gatekey/internal/adminclient/client.go:882.15,883.19 1 0
github.com/gatekey-project/gatekey/internal/adminclient/client.go:884.14,885.18 1 0
github.com/gatekey-project/gatekey/internal/adminclient/client.go:887.2,889.24 2 0
github.com/gatekey-project/gatekey/internal/adminclient/client.go:942.81,948.2 3 0
github.com/gatekey-project/gatekey/internal/adminclient/client.go:950.91,954.2 3 0
github.com/gatekey-project/gatekey/internal/adminclient/client.go:956.98,960.2 3 0
github.com/gatekey-project/gatekey/internal/adminclient/client.go:962.111,966.2 3 0
github.com/gatekey-project/gatekey/internal/adminclient/client.go:968.77,970.2 1 0
github.com/gatekey-project/gatekey/internal/adminclient/client.go:974.81,980.2 3 0
github.com/gatekey-project/gatekey/internal/adminclient/client.go:982.91,986.2 3 0
github.com/gatekey-project/gatekey/internal/adminclient/client.go:988.98,992.2 3 0
github.com/gatekey-project/gatekey/internal/adminclient/client.go:994.111,998.2 3 0
github.com/gatekey-project/gatekey/internal/adminclient/client.go:1000.77,1002.2 1 0
github.com/gatekey-project/gatekey/internal/adminclient/config.go:24.30,31.2 3 0
github.com/gatekey-project/gatekey/internal/adminclient/config.go:34.53,38.22 2 0
github.com/gatekey-project/gatekey/internal/adminclient/config.go:38.22,40.17 2 0
github.com/gatekey-project/gatekey/internal/adminclient/config.go:40.17,42.4 1 0
github.com/gatekey-project/gatekey/internal/adminclient/config.go:43.3,43.71 1 0
github.com/gatekey-project/gatekey/internal/adminclient/config.go:46.2,50.55 3 0
github.com/gatekey-project/gatekey/internal/adminclient/config.go:50.55,52.3 1 0
github.com/gatekey-project/gatekey/internal/adminclient/config.go:55.2,56.16 2 0
github.com/gatekey-project/gatekey/internal/adminclient/config.go:56.16,57.25 1 0
github.com/gatekey-project/gatekey/internal/adminclient/config.go:57.25,60.4 1 0
github.com/gatekey-project/gatekey/internal/adminclient/config.go:61.3,61.59 1 0
github.com/gatekey-project/gatekey/internal/adminclient/config.go:64.2,64.50 1 0
github.com/gatekey-project/gatekey/internal/adminclient/config.go:64.50,66.3 1 0
github.com/gatekey-project/gatekey/internal/adminclient/config.go:68.2,68.17 1 0
github.com/gatekey-project/gatekey/internal/adminclient/config.go:72.60,76.22 3 0
github.com/gatekey-project/gatekey/internal/adminclient/config.go:76.22,78.17 2 0
github.com/gatekey-project/gatekey/internal/adminclient/config.go:78.17,80.4 1 0
github.com/gatekey-project/gatekey/internal/adminclient/config.go:81.3,81.71 1 0
github.com/gatekey-project/gatekey/internal/adminclient/config.go:84.2,88.55 3 0
github.com/gatekey-project/gatekey/internal/adminclient/config.go:88.55,90.3 1 0
github.com/gatekey-project/gatekey/internal/adminclient/config.go:92.2,92.35 1 0
github.com/gatekey-project/gatekey/internal/adminclient/config.go:92.35,94.3 1 0
github.com/gatekey-project/gatekey/internal/adminclient/config.go:96.2,98.12 3 0
github.com/gatekey-project/gatekey/internal/adminclient/config.go:102.31,104.16 2 0
github.com/gatekey-project/gatekey/internal/adminclient/config.go:104.16,106.3 1 0
github.com/gatekey-project/gatekey/internal/adminclient/config.go:108.2,108.63 1 0
github.com/gatekey-project/gatekey/internal/adminclient/config.go:108.63,110.3 1 0
github.com/gatekey-project/gatekey/internal/adminclient/config.go:112.2,112.12 1 0
github.com/gatekey-project/gatekey/internal/adminclient/config.go:116.47,119.13 2 0
github.com/gatekey-project/gatekey/internal/adminclient/config.go:120.30,121.22 1 0
github.com/gatekey-project/gatekey/internal/adminclient/config.go:122.17,123.19 1 0
github.com/gatekey-project/gatekey/internal/adminclient/config.go:124.10,125.58 1 0
github.com/gatekey-project/gatekey/internal/adminclient/config.go:128.2,128.33 1 0
github.com/gatekey-project/gatekey/internal/adminclient/config.go:128.33,130.3 1 0
github.com/gatekey-project/gatekey/internal/adminclient/config.go:132.2,132.22 1 0
github.com/gatekey-project/gatekey/internal/adminclient/config.go:132.22,134.3 1 0
github.com/gatekey-project/gatekey/internal/adminclient/config.go:134.8,136.3 1 0
github.com/gatekey-project/gatekey/internal/adminclient/config.go:137.2,137.12 1 0
github.com/gatekey-project/gatekey/internal/adminclient/config.go:141.32,146.20 5 0
github.com/gatekey-project/gatekey/internal/adminclient/config.go:146.20,148.3 1 0
github.com/gatekey-project/gatekey/internal/adminclient/config.go:148.8,150.3 1 0
github.com/gatekey-project/gatekey/internal/adminclient/config.go:151.2,151.12 1 0
github.com/gatekey-project/gatekey/internal/adminclient/config.go:155.35,157.2 1 0
github.com/gatekey-project/gatekey/internal/adminclient/config.go:160.37,162.2 1 0
github.com/gatekey-project/gatekey/internal/adminclient/config.go:165.38,167.2 1 0
github.com/gatekey-project/gatekey/internal/adminclient/config.go:170.35,172.2 1 0
github.com/gatekey-project/gatekey/internal/adminclient/config.go:175.38,178.2 2 0
github.com/gatekey-project/gatekey/cmd/gatekey-server/main.go:32.13,44.42 3 0
github.com/gatekey-project/gatekey/cmd/gatekey-server/main.go:44.42,47.3 2 0
github.com/gatekey-project/gatekey/cmd/gatekey-server/main.go:50.51,53.16 2 0
github.com/gatekey-project/gatekey/cmd/gatekey-server/main.go:53.16,55.3 1 0
github.com/gatekey-project/gatekey/cmd/gatekey-server/main.go:58.2,59.16 2 0
github.com/gatekey-project/gatekey/cmd/gatekey-server/main.go:59.16,61.3 1 0
github.com/gatekey-project/gatekey/cmd/gatekey-server/main.go:62.2,72.16 5 0
github.com/gatekey-project/gatekey/cmd/gatekey-server/main.go:72.16,74.3 1 0
github.com/gatekey-project/gatekey/cmd/gatekey-server/main.go:75.2,75.76 1 0
github.com/gatekey-project/gatekey/cmd/gatekey-server/main.go:75.76,77.3 1 0
github.com/gatekey-project/gatekey/cmd/gatekey-server/main.go:78.2,82.16 3 0
github.com/gatekey-project/gatekey/cmd/gatekey-server/main.go:82.16,84.3 1 0
github.com/gatekey-project/gatekey/cmd/gatekey-server/main.go:87.2,88.12 2 0
github.com/gatekey-project/gatekey/cmd/gatekey-server/main.go:88.12,90.28 2 0
github.com/gatekey-project/gatekey/cmd/gatekey-server/main.go:90.28,93.4 2 0
github.com/gatekey-project/gatekey/cmd/gatekey-server/main.go:93.9,96.4 2 0
github.com/gatekey-project/gatekey/cmd/gatekey-server/main.go:97.3,97.60 1 0
github.com/gatekey-project/gatekey/cmd/gatekey-server/main.go:97.60,99.4 1 0
github.com/gatekey-project/gatekey/cmd/gatekey-server/main.go:103.2,106.9 3 0
github.com/gatekey-project/gatekey/cmd/gatekey-server/main.go:107.14,108.42 1 0
github.com/gatekey-project/gatekey/cmd/gatekey-server/main.go:109.24,111.13 2 0
github.com/gatekey-project/gatekey/cmd/gatekey-server/main.go:115.2,119.42 4 0
github.com/gatekey-project/gatekey/cmd/gatekey-server/main.go:119.42,122.3 2 0
github.com/gatekey-project/gatekey/cmd/gatekey-server/main.go:124.2,125.12 2 0
github.com/gatekey-project/gatekey/cmd/gatekey-server/main.go:128.64,130.63 2 0
github.com/gatekey-project/gatekey/cmd/gatekey-server/main.go:130.63,132.3 1 0
github.com/gatekey-project/gatekey/cmd/gatekey-server/main.go:134.2,135.29 2 0
github.com/gatekey-project/gatekey/cmd/gatekey-server/main.go:135.29,137.3 1 0
github.com/gatekey-project/gatekey/cmd/gatekey-server/main.go:137.8,139.3 1 0
github.com/gatekey-project/gatekey/cmd/gatekey-server/main.go:141.2,143.54 2 0
github.com/gatekey-project/gatekey/cmd/gatekey-server/main.go:143.54,145.3 1 0
github.com/gatekey-project/gatekey/cmd/gatekey-server/main.go:147.2,147.23 1 0
github.com/gatekey-project/gatekey/cmd/gatekey-wireguard-hub/main.go:39.13,75.42 7 0
github.com/gatekey-project/gatekey/cmd/gatekey-wireguard-hub/main.go:75.42,78.3 2 0
github.com/gatekey-project/gatekey/cmd/gatekey-wireguard-hub/main.go:150.39,163.41 11 0
github.com/gatekey-project/gatekey/cmd/gatekey-wireguard-hub/main.go:163.41,165.3 1 0
github.com/gatekey-project/gatekey/cmd/gatekey-wireguard-hub/main.go:167.2,171.42 4 0
github.com/gatekey-project/gatekey/cmd/gatekey-wireguard-hub/main.go:171.42,173.3 1 0
github.com/gatekey-project/gatekey/cmd/gatekey-wireguard-hub/main.go:175.2,175.18 1 0
github.com/gatekey-project/gatekey/cmd/gatekey-wireguard-hub/main.go:178.52,180.22 2 0
github.com/gatekey-project/gatekey/cmd/gatekey-wireguard-hub/main.go:180.22,182.3 1 0
github.com/gatekey-project/gatekey/cmd/gatekey-wireguard-hub/main.go:183.2,183.20 1 0
github.com/gatekey-project/gatekey/cmd/gatekey-wireguard-hub/main.go:186.54,188.16 2 0
github.com/gatekey-project/gatekey/cmd/gatekey-wireguard-hub/main.go:188.16,190.3 1 0
github.com/gatekey-project/gatekey/cmd/gatekey-wireguard-hub/main.go:192.2,193.16 2 0
github.com/gatekey-project/gatekey/cmd/gatekey-wireguard-hub/main.go:193.16,195.3 1 0
github.com/gatekey-project/gatekey/cmd/gatekey-wireguard-hub/main.go:196.2,207.25 5 0
github.com/gatekey-project/gatekey/cmd/gatekey-wireguard-hub/main.go:207.25,209.3 1 0
github.com/gatekey-project/gatekey/cmd/gatekey-wireguard-hub/main.go:212.2,216.16 2 0
github.com/gatekey-project/gatekey/cmd/gatekey-wireguard-hub/main.go:216.16,218.3 1 0
github.com/gatekey-project/gatekey/cmd/gatekey-wireguard-hub/main.go:218.8,221.53 3 0
github.com/gatekey-project/gatekey/cmd/gatekey-wireguard-hub/main.go:221.53,224.4 2 0
github.com/gatekey-project/gatekey/cmd/gatekey-wireguard-hub/main.go:224.9,226.4 1 0
github.com/gatekey-project/gatekey/cmd/gatekey-wireguard-hub/main.go:229.2,233.44 3 0
github.com/gatekey-project/gatekey/cmd/gatekey-wireguard-hub/main.go:233.44,235.3 1 0
github.com/gatekey-project/gatekey/cmd/gatekey-wireguard-hub/main.go:238.2,238.49 1 0
github.com/gatekey-project/gatekey/cmd/gatekey-wireguard-hub/main.go:238.49,240.3 1 0
github.com/gatekey-project/gatekey/cmd/gatekey-wireguard-hub/main.go:243.2,245.20 3 0
github.com/gatekey-project/gatekey/cmd/gatekey-wireguard-hub/main.go:245.20,246.42 1 0
github.com/gatekey-project/gatekey/cmd/gatekey-wireguard-hub/main.go:246.42,248.4 1 0
github.com/gatekey-project/gatekey/cmd/gatekey-wireguard-hub/main.go:248.9,250.4 1 0
github.com/gatekey-project/gatekey/cmd/gatekey-wireguard-hub/main.go:252.2,252.22 1 0
github.com/gatekey-project/gatekey/cmd/gatekey-wireguard-hub/main.go:252.22,260.13 2 0
github.com/gatekey-project/gatekey/cmd/gatekey-wireguard-hub/main.go:260.13,263.77 2 0
github.com/gatekey-project/gatekey/cmd/gatekey-wireguard-hub/main.go:263.77,265.5 1 0
github.com/gatekey-project/gatekey/cmd/gatekey-wireguard-hub/main.go:270.2,271.24 2 0
github.com/gatekey-project/gatekey/cmd/gatekey-wireguard-hub/main.go:271.24,282.3 3 0
github.com/gatekey-project/gatekey/cmd/gatekey-wireguard-hub/main.go:285.2,297.24 8 0
github.com/gatekey-project/gatekey/cmd/gatekey-wireguard-hub/main.go:297.24,300.59 3 0
github.com/gatekey-project/gatekey/cmd/gatekey-wireguard-hub/main.go:300.59,302.4 1 0
github.com/gatekey-project/gatekey/cmd/gatekey-wireguard-hub/main.go:306.2,306.26 1 0
github.com/gatekey-project/gatekey/cmd/gatekey-wireguard-hub/main.go:306.26,308.3 1 0
github.com/gatekey-project/gatekey/cmd/gatekey-wireguard-hub/main.go:311.2,311.25 1 0
github.com/gatekey-project/gatekey/cmd/gatekey-wireguard-hub/main.go:311.25,312.69 1 0
github.com/gatekey-project/gatekey/cmd/gatekey-wireguard-hub/main.go:312.69,314.4 1 0
github.com/gatekey-project/gatekey/cmd/gatekey-wireguard-hub/main.go:318.2,318.24 1 0
github.com/gatekey-project/gatekey/cmd/gatekey-wireguard-hub/main.go:318.24,319.67 1 0
github.com/gatekey-project/gatekey/cmd/gatekey-wireguard-hub/main.go:319.67,321.4 1 0
github.com/gatekey-project/gatekey/cmd/gatekey-wireguard-hub/main.go:324.2,324.12 1 0
github.com/gatekey-project/gatekey/cmd/gatekey-wireguard-hub/main.go:327.58,329.16 2 0
github.com/gatekey-project/gatekey/cmd/gatekey-wireguard-hub/main.go:329.16,331.3 1 0
github.com/gatekey-project/gatekey/cmd/gatekey-wireguard-hub/main.go:333.2,339.16 5 0
github.com/gatekey-project/gatekey/cmd/gatekey-wireguard-hub/main.go:339.16,342.3 2 0
github.com/gatekey-project/gatekey/cmd/gatekey-wireguard-hub/main.go:344.2,345.12 2 0
github.com/gatekey-project/gatekey/cmd/gatekey-wireguard-hub/main.go:349.59,359.16 4 0
github.com/gatekey-project/gatekey/cmd/gatekey-wireguard-hub/main.go:359.16,361.3 1 0
github.com/gatekey-project/gatekey/cmd/gatekey-wireguard-hub/main.go:363.2,365.16 3 0
github.com/gatekey-project/gatekey/cmd/gatekey-wireguard-hub/main.go:365.16,367.3 1 0
github.com/gatekey-project/gatekey/cmd/gatekey-wireguard-hub/main.go:368.2,370.38 2 0
github.com/gatekey-project/gatekey/cmd/gatekey-wireguard-hub/main.go:370.38,373.3 2 0
github.com/gatekey-project/gatekey/cmd/gatekey-wireguard-hub/main.go:375.2,376.69 2 0
github.com/gatekey-project/gatekey/cmd/gatekey-wireguard-hub/main.go:376.69,378.3 1 0
github.com/gatekey-project/gatekey/cmd/gatekey-wireguard-hub/main.go:381.2,387.34 7 0
github.com/gatekey-project/gatekey/cmd/gatekey-wireguard-hub/main.go:387.34,389.3 1 0
github.com/gatekey-project/gatekey/cmd/gatekey-wireguard-hub/main.go:391.2,399.38 2 0
github.com/gatekey-project/gatekey/cmd/gatekey-wireguard-hub/main.go:399.38,408.3 1 0
github.com/gatekey-project/gatekey/cmd/gatekey-wireguard-hub/main.go:410.2,410.12 1 0
github.com/gatekey-project/gatekey/cmd/gatekey-wireguard-hub/main.go:414.64,420.16 3 0
github.com/gatekey-project/gatekey/cmd/gatekey-wireguard-hub/main.go:420.16,422.3 1 0
github.com/gatekey-project/gatekey/cmd/gatekey-wireguard-hub/main.go:425.2,434.56 3 0
github.com/gatekey-project/gatekey/cmd/gatekey-wireguard-hub/main.go:434.56,436.3 1 0
github.com/gatekey-project/gatekey/cmd/gatekey-wireguard-hub/main.go:439.2,439.35 1 0
github.com/gatekey-project/gatekey/cmd/gatekey-wireguard-hub/main.go:439.35,445.63 2 0
github.com/gatekey-project/gatekey/cmd/gatekey-wireguard-hub/main.go:445.63,450.4 1 0
github.com/gatekey-project/gatekey/cmd/gatekey-wireguard-hub/main.go:453.2,458.12 2 0
github.com/gatekey-project/gatekey/cmd/gatekey-wireguard-hub/main.go:462.51,464.16 2 0
github.com/gatekey-project/gatekey/cmd/gatekey-wireguard-hub/main.go:464.16,466.3 1 0
github.com/gatekey-project/gatekey/cmd/gatekey-wireguard-hub/main.go:469.2,470.15 2 0
github.com/gatekey-project/gatekey/cmd/gatekey-wireguard-hub/main.go:470.15,472.3 1 0
github.com/gatekey-project/gatekey/cmd/gatekey-wireguard-hub/main.go:475.2,482.56 5 0
github.com/gatekey-project/gatekey/cmd/gatekey-wireguard-hub/main.go:486.57,493.6 4 0
github.com/gatekey-project/gatekey/cmd/gatekey-wireguard-hub/main.go:493.6,494.10 1 0
github.com/gatekey-project/gatekey/cmd/gatekey-wireguard-hub/main.go:495.21,496.10 1 0
github.com/gatekey-project/gatekey/cmd/gatekey-wireguard-hub/main.go:497.19,498.22 1 0
github.com/gatekey-project/gatekey/cmd/gatekey-wireguard-hub/main.go:503.36,508.16 3 0
github.com/gatekey-project/gatekey/cmd/gatekey-wireguard-hub/main.go:508.16,511.35 3 0
github.com/gatekey-project/gatekey/cmd/gatekey-wireguard-hub/main.go:511.35,512.88 1 0
github.com/gatekey-project/gatekey/cmd/gatekey-wireguard-hub/main.go:512.88,514.5 1 0
github.com/gatekey-project/gatekey/cmd/gatekey-wireguard-hub/main.go:518.2,531.16 3 0
github.com/gatekey-project/gatekey/cmd/gatekey-wireguard-hub/main.go:531.16,534.3 2 0
github.com/gatekey-project/gatekey/cmd/gatekey-wireguard-hub/main.go:536.2,538.16 3 0
github.com/gatekey-project/gatekey/cmd/gatekey-wireguard-hub/main.go:538.16,541.3 2 0
github.com/gatekey-project/gatekey/cmd/gatekey-wireguard-hub/main.go:542.2,544.38 2 0
github.com/gatekey-project/gatekey/cmd/gatekey-wireguard-hub/main.go:544.38,549.3 2 0
github.com/gatekey-project/gatekey/cmd/gatekey-wireguard-hub/main.go:553.56,557.6 3 0
github.com/gatekey-project/gatekey/cmd/gatekey-wireguard-hub/main.go:557.6,558.10 1 0
github.com/gatekey-project/gatekey/cmd/gatekey-wireguard-hub/main.go:559.21,560.10 1 0
github.com/gatekey-project/gatekey/cmd/gatekey-wireguard-hub/main.go:561.19,562.23 1 0
github.com/gatekey-project/gatekey/cmd/gatekey-wireguard-hub/main.go:567.53,575.16 3 0
github.com/gatekey-project/gatekey/cmd/gatekey-wireguard-hub/main.go:575.16,578.3 2 0
github.com/gatekey-project/gatekey/cmd/gatekey-wireguard-hub/main.go:580.2,582.16 3 0
github.com/gatekey-project/gatekey/cmd/gatekey-wireguard-hub/main.go:582.16,585.3 2 0
github.com/gatekey-project/gatekey/cmd/gatekey-wireguard-hub/main.go:586.2,588.38 2 0
github.com/gatekey-project/gatekey/cmd/gatekey-wireguard-hub/main.go:588.38,594.3 3 0
github.com/gatekey-project/gatekey/cmd/gatekey-wireguard-hub/main.go:596.2,597.69 2 0
github.com/gatekey-project/gatekey/cmd/gatekey-wireguard-hub/main.go:597.69,600.3 2 0
github.com/gatekey-project/gatekey/cmd/gatekey-wireguard-hub/main.go:603.2,604.32 2 0
github.com/gatekey-project/gatekey/cmd/gatekey-wireguard-hub/main.go:604.32,606.3 1 0
github.com/gatekey-project/gatekey/cmd/gatekey-wireguard-hub/main.go:609.2,609.48 1 0
github.com/gatekey-project/gatekey/cmd/gatekey-wireguard-hub/main.go:609.48,610.48 1 0
github.com/gatekey-project/gatekey/cmd/gatekey-wireguard-hub/main.go:610.48,612.27 1 0
github.com/gatekey-project/gatekey/cmd/gatekey-wireguard-hub/main.go:612.27,618.65 2 0
github.com/gatekey-project/gatekey/cmd/gatekey-wireguard-hub/main.go:618.65,623.14 2 0
github.com/gatekey-project/gatekey/cmd/gatekey-wireguard-hub/main.go:627.4,638.42 2 0
github.com/gatekey-project/gatekey/cmd/gatekey-wireguard-hub/main.go:643.2,643.40 1 0
github.com/gatekey-project/gatekey/cmd/gatekey-wireguard-hub/main.go:643.40,644.52 1 0
github.com/gatekey-project/gatekey/cmd/gatekey-wireguard-hub/main.go:644.52,646.27 1 0
github.com/gatekey-project/gatekey/cmd/gatekey-wireguard-hub/main.go:646.27,647.64 1 0
github.com/gatekey-project/gatekey/cmd/gatekey-wireguard-hub/main.go:647.64,652.6 1 0
github.com/gatekey-project/gatekey/cmd/gatekey-wireguard-hub/main.go:656.4,656.26 1 0
github.com/gatekey-project/gatekey/cmd/gatekey-wireguard-hub/main.go:656.26,658.70 2 0
github.com/gatekey-project/gatekey/cmd/gatekey-wireguard-hub/main.go:658.70,662.6 1 0
github.com/gatekey-project/gatekey/cmd/gatekey-wireguard-hub/main.go:665.4,669.42 2 0
github.com/gatekey-project/gatekey/cmd/gatekey-wireguard-hub/main.go:675.57,679.6 3 0
github.com/gatekey-project/gatekey/cmd/gatekey-wireguard-hub/main.go:679.6,680.10 1 0
github.com/gatekey-project/gatekey/cmd/gatekey-wireguard-hub/main.go:681.21,682.10 1 0
github.com/gatekey-project/gatekey/cmd/gatekey-wireguard-hub/main.go:683.19,684.23 1 0
github.com/gatekey-project/gatekey/cmd/gatekey-wireguard-hub/main.go:689.53,692.16 2 0
github.com/gatekey-project/gatekey/cmd/gatekey-wireguard-hub/main.go:692.16,695.3 2 0
github.com/gatekey-project/gatekey/cmd/gatekey-wireguard-hub/main.go:697.2,697.25 1 0
github.com/gatekey-project/gatekey/cmd/gatekey-wireguard-hub/main.go:697.25,699.3 1 0
github.com/gatekey-project/gatekey/cmd/gatekey-wireguard-hub/main.go:701.2,710.39 3 0
github.com/gatekey-project/gatekey/cmd/gatekey-wireguard-hub/main.go:710.39,718.3 1 0
github.com/gatekey-project/gatekey/cmd/gatekey-wireguard-hub/main.go:720.2,729.16 3 0
github.com/gatekey-project/gatekey/cmd/gatekey-wireguard-hub/main.go:729.16,732.3 2 0
github.com/gatekey-project/gatekey/cmd/gatekey-wireguard-hub/main.go:734.2,736.16 3 0
github.com/gatekey-project/gatekey/cmd/gatekey-wireguard-hub/main.go:736.16,739.3 2 0
github.com/gatekey-project/gatekey/cmd/gatekey-wireguard-hub/main.go:740.2,742.38 2 0
github.com/gatekey-project/gatekey/cmd/gatekey-wireguard-hub/main.go:742.38,747.3 2 0
github.com/gatekey-project/gatekey/cmd/gatekey-wireguard-hub/main.go:759.61,765.16 4 0
github.com/gatekey-project/gatekey/cmd/gatekey-wireguard-hub/main.go:765.16,767.3 1 0
github.com/gatekey-project/gatekey/cmd/gatekey-wireguard-hub/main.go:769.2,770.29 2 0
github.com/gatekey-project/gatekey/cmd/gatekey-wireguard-hub/main.go:770.29,771.27 1 0
github.com/gatekey-project/gatekey/cmd/gatekey-wireguard-hub/main.go:771.27,772.12 1 0
github.com/gatekey-project/gatekey/cmd/gatekey-wireguard-hub/main.go:775.3,776.22 2 0
github.com/gatekey-project/gatekey/cmd/gatekey-wireguard-hub/main.go:776.22,777.12 1 0
github.com/gatekey-project/gatekey/cmd/gatekey-wireguard-hub/main.go:781.3,788.24 7 0
github.com/gatekey-project/gatekey/cmd/gatekey-wireguard-hub/main.go:788.24,790.4 1 0
github.com/gatekey-project/gatekey/cmd/gatekey-wireguard-hub/main.go:792.3,797.4 1 0
github.com/gatekey-project/gatekey/cmd/gatekey-wireguard-hub/main.go:800.2,800.19 1 0
github.com/gatekey-project/gatekey/cmd/gatekey-wireguard-hub/main.go:804.74,805.24 1 0
github.com/gatekey-project/gatekey/cmd/gatekey-wireguard-hub/main.go:805.24,807.3 1 0
github.com/gatekey-project/gatekey/cmd/gatekey-wireguard-hub/main.go:810.2,811.39 2 0
github.com/gatekey-project/gatekey/cmd/gatekey-wireguard-hub/main.go:811.39,813.17 2 0
github.com/gatekey-project/gatekey/cmd/gatekey-wireguard-hub/main.go:813.17,816.17 2 0
github.com/gatekey-project/gatekey/cmd/gatekey-wireguard-hub/main.go:816.17,821.5 1 0
github.com/gatekey-project/gatekey/cmd/gatekey-wireguard-hub/main.go:822.4,822.12 1 0
github.com/gatekey-project/gatekey/cmd/gatekey-wireguard-hub/main.go:824.3,824.38 1 0
github.com/gatekey-project/gatekey/cmd/gatekey-wireguard-hub/main.go:828.2,829.21 2 0
github.com/gatekey-project/gatekey/cmd/gatekey-wireguard-hub/main.go:829.21,831.3 1 0
github.com/gatekey-project/gatekey/cmd/gatekey-wireguard-hub/main.go:834.2,837.80 3 0
github.com/gatekey-project/gatekey/cmd/gatekey-wireguard-hub/main.go:841.60,843.16 2 0
github.com/gatekey-project/gatekey/cmd/gatekey-wireguard-hub/main.go:843.16,845.3 1 0
github.com/gatekey-project/gatekey/cmd/gatekey-wireguard-hub/main.go:847.2,848.16 2 0
github.com/gatekey-project/gatekey/cmd/gatekey-wireguard-hub/main.go:848.16,850.3 1 0
github.com/gatekey-project/gatekey/cmd/gatekey-wireguard-hub/main.go:851.2,857.44 4 0
github.com/gatekey-project/gatekey/cmd/gatekey-wireguard-hub/main.go:857.44,859.3 1 0
github.com/gatekey-project/gatekey/cmd/gatekey-wireguard-hub/main.go:861.2,869.12 8 0
github.com/gatekey-project/gatekey/cmd/gatekey-wireguard-gateway/main.go:38.13,71.42 7 0
github.com/gatekey-project/gatekey/cmd/gatekey-wireguard-gateway/main.go:71.42,74.3 2 0
github.com/gatekey-project/gatekey/cmd/gatekey-wireguard-gateway/main.go:141.43,154.41 11 0
github.com/gatekey-project/gatekey/cmd/gatekey-wireguard-gateway/main.go:154.41,156.3 1 0
github.com/gatekey-project/gatekey/cmd/gatekey-wireguard-gateway/main.go:158.2,162.42 4 0
github.com/gatekey-project/gatekey/cmd/gatekey-wireguard-gateway/main.go:162.42,164.3 1 0
github.com/gatekey-project/gatekey/cmd/gatekey-wireguard-gateway/main.go:166.2,166.18 1 0
github.com/gatekey-project/gatekey/cmd/gatekey-wireguard-gateway/main.go:169.52,171.22 2 0
github.com/gatekey-project/gatekey/cmd/gatekey-wireguard-gateway/main.go:171.22,173.3 1 0
github.com/gatekey-project/gatekey/cmd/gatekey-wireguard-gateway/main.go:174.2,174.20 1 0
github.com/gatekey-project/gatekey/cmd/gatekey-wireguard-gateway/main.go:177.56,179.16 2 0
github.com/gatekey-project/gatekey/cmd/gatekey-wireguard-gateway/main.go:179.16,181.3 1 0
github.com/gatekey-project/gatekey/cmd/gatekey-wireguard-gateway/main.go:183.2,184.16 2 0
github.com/gatekey-project/gatekey/cmd/gatekey-wireguard-gateway/main.go:184.16,186.3 1 0
github.com/gatekey-project/gatekey/cmd/gatekey-wireguard-gateway/main.go:187.2,197.25 5 0
github.com/gatekey-project/gatekey/cmd/gatekey-wireguard-gateway/main.go:197.25,199.3 1 0
github.com/gatekey-project/gatekey/cmd/gatekey-wireguard-gateway/main.go:202.2,206.16 2 0
github.com/gatekey-project/gatekey/cmd/gatekey-wireguard-gateway/main.go:206.16,208.3 1 0
github.com/gatekey-project/gatekey/cmd/gatekey-wireguard-gateway/main.go:208.8,211.53 3 0
github.com/gatekey-project/gatekey/cmd/gatekey-wireguard-gateway/main.go:211.53,214.4 2 0
github.com/gatekey-project/gatekey/cmd/gatekey-wireguard-gateway/main.go:214.9,216.4 1 0
github.com/gatekey-project/gatekey/cmd/gatekey-wireguard-gateway/main.go:219.2,223.44 3 0
github.com/gatekey-project/gatekey/cmd/gatekey-wireguard-gateway/main.go:223.44,225.3 1 0
github.com/gatekey-project/gatekey/cmd/gatekey-wireguard-gateway/main.go:228.2,228.49 1 0
github.com/gatekey-project/gatekey/cmd/gatekey-wireguard-gateway/main.go:228.49,230.3 1 0
github.com/gatekey-project/gatekey/cmd/gatekey-wireguard-gateway/main.go:233.2,235.20 3 0
github.com/gatekey-project/gatekey/cmd/gatekey-wireguard-gateway/main.go:235.20,236.42 1 0
github.com/gatekey-project/gatekey/cmd/gatekey-wireguard-gateway/main.go:236.42,238.4 1 0
github.com/gatekey-project/gatekey/cmd/gatekey-wireguard-gateway/main.go:238.9,240.4 1 0
github.com/gatekey-project/gatekey/cmd/gatekey-wireguard-gateway/main.go:242.2,242.22 1 0
github.com/gatekey-project/gatekey/cmd/gatekey-wireguard-gateway/main.go:242.22,251.69 2 0
github.com/gatekey-project/gatekey/cmd/gatekey-wireguard-gateway/main.go:251.69,255.4 3 0
github.com/gatekey-project/gatekey/cmd/gatekey-wireguard-gateway/main.go:256.3,256.13 1 0
github.com/gatekey-project/gatekey/cmd/gatekey-wireguard-gateway/main.go:256.13,259.77 2 0
github.com/gatekey-project/gatekey/cmd/gatekey-wireguard-gateway/main.go:259.77,261.5 1 0
github.com/gatekey-project/gatekey/cmd/gatekey-wireguard-gateway/main.go:266.2,267.24 2 0
github.com/gatekey-project/gatekey/cmd/gatekey-wireguard-gateway/main.go:267.24,278.3 3 0
github.com/gatekey-project/gatekey/cmd/gatekey-wireguard-gateway/main.go:281.2,293.24 8 0
github.com/gatekey-project/gatekey/cmd/gatekey-wireguard-gateway/main.go:293.24,296.59 3 0
github.com/gatekey-project/gatekey/cmd/gatekey-wireguard-gateway/main.go:296.59,298.4 1 0
github.com/gatekey-project/gatekey/cmd/gatekey-wireguard-gateway/main.go:302.2,302.26 1 0
github.com/gatekey-project/gatekey/cmd/gatekey-wireguard-gateway/main.go:302.26,304.3 1 0
github.com/gatekey-project/gatekey/cmd/gatekey-wireguard-gateway/main.go:307.2,307.25 1 0
github.com/gatekey-project/gatekey/cmd/gatekey-wireguard-gateway/main.go:307.25,308.69 1 0
github.com/gatekey-project/gatekey/cmd/gatekey-wireguard-gateway/main.go:308.69,310.4 1 0
github.com/gatekey-project/gatekey/cmd/gatekey-wireguard-gateway/main.go:314.2,314.24 1 0
github.com/gatekey-project/gatekey/cmd/gatekey-wireguard-gateway/main.go:314.24,315.67 1 0
github.com/gatekey-project/gatekey/cmd/gatekey-wireguard-gateway/main.go:315.67,317.4 1 0
github.com/gatekey-project/gatekey/cmd/gatekey-wireguard-gateway/main.go:320.2,320.12 1 0
github.com/gatekey-project/gatekey/cmd/gatekey-wireguard-gateway/main.go:324.63,334.16 4 0
github.com/gatekey-project/gatekey/cmd/gatekey-wireguard-gateway/main.go:334.16,336.3 1 0
github.com/gatekey-project/gatekey/cmd/gatekey-wireguard-gateway/main.go:338.2,340.16 3 0
github.com/gatekey-project/gatekey/cmd/gatekey-wireguard-gateway/main.go:340.16,342.3 1 0
github.com/gatekey-project/gatekey/cmd/gatekey-wireguard-gateway/main.go:343.2,345.38 2 0
github.com/gatekey-project/gatekey/cmd/gatekey-wireguard-gateway/main.go:345.38,348.3 2 0
github.com/gatekey-project/gatekey/cmd/gatekey-wireguard-gateway/main.go:350.2,351.69 2 0
github.com/gatekey-project/gatekey/cmd/gatekey-wireguard-gateway/main.go:351.69,353.3 1 0
github.com/gatekey-project/gatekey/cmd/gatekey-wireguard-gateway/main.go:356.2,362.34 7 0
github.com/gatekey-project/gatekey/cmd/gatekey-wireguard-gateway/main.go:362.34,364.3 1 0
github.com/gatekey-project/gatekey/cmd/gatekey-wireguard-gateway/main.go:366.2,374.38 2 0
github.com/gatekey-project/gatekey/cmd/gatekey-wireguard-gateway/main.go:374.38,381.3 1 0
github.com/gatekey-project/gatekey/cmd/gatekey-wireguard-gateway/main.go:383.2,383.12 1 0
github.com/gatekey-project/gatekey/cmd/gatekey-wireguard-gateway/main.go:387.68,393.16 3 0
github.com/gatekey-project/gatekey/cmd/gatekey-wireguard-gateway/main.go:393.16,395.3 1 0
github.com/gatekey-project/gatekey/cmd/gatekey-wireguard-gateway/main.go:398.2,407.56 3 0
github.com/gatekey-project/gatekey/cmd/gatekey-wireguard-gateway/main.go:407.56,409.3 1 0
github.com/gatekey-project/gatekey/cmd/gatekey-wireguard-gateway/main.go:412.2,412.35 1 0
github.com/gatekey-project/gatekey/cmd/gatekey-wireguard-gateway/main.go:412.35,417.63 2 0
github.com/gatekey-project/gatekey/cmd/gatekey-wireguard-gateway/main.go:417.63,421.4 1 0
github.com/gatekey-project/gatekey/cmd/gatekey-wireguard-gateway/main.go:424.2,429.12 2 0
github.com/gatekey-project/gatekey/cmd/gatekey-wireguard-gateway/main.go:433.55,435.16 2 0
github.com/gatekey-project/gatekey/cmd/gatekey-wireguard-gateway/main.go:435.16,437.3 1 0
github.com/gatekey-project/gatekey/cmd/gatekey-wireguard-gateway/main.go:440.2,441.15 2 0
github.com/gatekey-project/gatekey/cmd/gatekey-wireguard-gateway/main.go:441.15,443.3 1 0
github.com/gatekey-project/gatekey/cmd/gatekey-wireguard-gateway/main.go:446.2,453.60 5 0
github.com/gatekey-project/gatekey/cmd/gatekey-wireguard-gateway/main.go:457.61,464.6 4 0
github.com/gatekey-project/gatekey/cmd/gatekey-wireguard-gateway/main.go:464.6,465.10 1 0
github.com/gatekey-project/gatekey/cmd/gatekey-wireguard-gateway/main.go:466.21,467.10 1 0
github.com/gatekey-project/gatekey/cmd/gatekey-wireguard-gateway/main.go:468.19,469.22 1 0
github.com/gatekey-project/gatekey/cmd/gatekey-wireguard-gateway/main.go:474.40,487.16 3 0
github.com/gatekey-project/gatekey/cmd/gatekey-wireguard-gateway/main.go:487.16,490.3 2 0
github.com/gatekey-project/gatekey/cmd/gatekey-wireguard-gateway/main.go:492.2,494.16 3 0
github.com/gatekey-project/gatekey/cmd/gatekey-wireguard-gateway/main.go:494.16,497.3 2 0
github.com/gatekey-project/gatekey/cmd/gatekey-wireguard-gateway/main.go:498.2,500.38 2 0
github.com/gatekey-project/gatekey/cmd/gatekey-wireguard-gateway/main.go:500.38,505.3 2 0
github.com/gatekey-project/gatekey/cmd/gatekey-wireguard-gateway/main.go:505.8,507.3 1 0
github.com/gatekey-project/gatekey/cmd/gatekey-wireguard-gateway/main.go:511.60,518.6 4 0
github.com/gatekey-project/gatekey/cmd/gatekey-wireguard-gateway/main.go:518.6,519.10 1 0
github.com/gatekey-project/gatekey/cmd/gatekey-wireguard-gateway/main.go:520.21,521.10 1 0
github.com/gatekey-project/gatekey/cmd/gatekey-wireguard-gateway/main.go:522.19,523.23 1 0
github.com/gatekey-project/gatekey/cmd/gatekey-wireguard-gateway/main.go:528.57,536.16 3 0
github.com/gatekey-project/gatekey/cmd/gatekey-wireguard-gateway/main.go:536.16,539.3 2 0
github.com/gatekey-project/gatekey/cmd/gatekey-wireguard-gateway/main.go:541.2,543.16 3 0
github.com/gatekey-project/gatekey/cmd/gatekey-wireguard-gateway/main.go:543.16,546.3 2 0
github.com/gatekey-project/gatekey/cmd/gatekey-wireguard-gateway/main.go:547.2,549.38 2 0
github.com/gatekey-project/gatekey/cmd/gatekey-wireguard-gateway/main.go:549.38,555.3 3 0
github.com/gatekey-project/gatekey/cmd/gatekey-wireguard-gateway/main.go:557.2,558.69 2 0
github.com/gatekey-project/gatekey/cmd/gatekey-wireguard-gateway/main.go:558.69,561.3 2 0
github.com/gatekey-project/gatekey/cmd/gatekey-wireguard-gateway/main.go:564.2,565.32 2 0
github.com/gatekey-project/gatekey/cmd/gatekey-wireguard-gateway/main.go:565.32,567.3 1 0
github.com/gatekey-project/gatekey/cmd/gatekey-wireguard-gateway/main.go:570.2,570.48 1 0
github.com/gatekey-project/gatekey/cmd/gatekey-wireguard-gateway/main.go:570.48,571.48 1 0
github.com/gatekey-project/gatekey/cmd/gatekey-wireguard-gateway/main.go:571.48,573.27 1 0
github.com/gatekey-project/gatekey/cmd/gatekey-wireguard-gateway/main.go:573.27,579.65 2 0
github.com/gatekey-project/gatekey/cmd/gatekey-wireguard-gateway/main.go:579.65,583.14 2 0
github.com/gatekey-project/gatekey/cmd/gatekey-wireguard-gateway/main.go:587.4,596.44 2 0
github.com/gatekey-project/gatekey/cmd/gatekey-wireguard-gateway/main.go:601.2,601.40 1 0
github.com/gatekey-project/gatekey/cmd/gatekey-wireguard-gateway/main.go:601.40,602.52 1 0
github.com/gatekey-project/gatekey/cmd/gatekey-wireguard-gateway/main.go:602.52,604.27 1 0
github.com/gatekey-project/gatekey/cmd/gatekey-wireguard-gateway/main.go:604.27,605.64 1 0
github.com/gatekey-project/gatekey/cmd/gatekey-wireguard-gateway/main.go:605.64,609.6 1 0
github.com/gatekey-project/gatekey/cmd/gatekey-wireguard-gateway/main.go:613.4,613.26 1 0
github.com/gatekey-project/gatekey/cmd/gatekey-wireguard-gateway/main.go:613.26,615.70 2 0
github.com/gatekey-project/gatekey/cmd/gatekey-wireguard-gateway/main.go:615.70,619.6 1 0
github.com/gatekey-project/gatekey/cmd/gatekey-wireguard-gateway/main.go:622.4,626.40 2 0
github.com/gatekey-project/gatekey/cmd/gatekey-wireguard-gateway/main.go:630.2,630.131 1 0
github.com/gatekey-project/gatekey/cmd/gatekey-wireguard-gateway/main.go:634.61,638.6 3 0
github.com/gatekey-project/gatekey/cmd/gatekey-wireguard-gateway/main.go:638.6,639.10 1 0
github.com/gatekey-project/gatekey/cmd/gatekey-wireguard-gateway/main.go:640.21,641.10 1 0
github.com/gatekey-project/gatekey/cmd/gatekey-wireguard-gateway/main.go:642.19,643.23 1 0
github.com/gatekey-project/gatekey/cmd/gatekey-wireguard-gateway/main.go:648.57,651.16 2 0
github.com/gatekey-project/gatekey/cmd/gatekey-wireguard-gateway/main.go:651.16,654.3 2 0
github.com/gatekey-project/gatekey/cmd/gatekey-wireguard-gateway/main.go:656.2,656.25 1 0
github.com/gatekey-project/gatekey/cmd/gatekey-wireguard-gateway/main.go:656.25,658.3 1 0
github.com/gatekey-project/gatekey/cmd/gatekey-wireguard-gateway/main.go:660.2,669.39 3 0
github.com/gatekey-project/gatekey/cmd/gatekey-wireguard-gateway/main.go:669.39,677.3 1 0
github.com/gatekey-project/gatekey/cmd/gatekey-wireguard-gateway/main.go:679.2,688.16 3 0
github.com/gatekey-project/gatekey/cmd/gatekey-wireguard-gateway/main.go:688.16,691.3 2 0
github.com/gatekey-project/gatekey/cmd/gatekey-wireguard-gateway/main.go:693.2,695.16 3 0
github.com/gatekey-project/gatekey/cmd/gatekey-wireguard-gateway/main.go:695.16,698.3 2 0
github.com/gatekey-project/gatekey/cmd/gatekey-wireguard-gateway/main.go:699.2,701.38 2 0
github.com/gatekey-project/gatekey/cmd/gatekey-wireguard-gateway/main.go:701.38,706.3 2 0
github.com/gatekey-project/gatekey/cmd/gatekey-wireguard-gateway/main.go:718.61,724.16 4 0
github.com/gatekey-project/gatekey/cmd/gatekey-wireguard-gateway/main.go:724.16,726.3 1 0
github.com/gatekey-project/gatekey/cmd/gatekey-wireguard-gateway/main.go:728.2,729.29 2 0
github.com/gatekey-project/gatekey/cmd/gatekey-wireguard-gateway/main.go:729.29,730.27 1 0
github.com/gatekey-project/gatekey/cmd/gatekey-wireguard-gateway/main.go:730.27,731.12 1 0
github.com/gatekey-project/gatekey/cmd/gatekey-wireguard-gateway/main.go:734.3,735.22 2 0
github.com/gatekey-project/gatekey/cmd/gatekey-wireguard-gateway/main.go:735.22,736.12 1 0
github.com/gatekey-project/gatekey/cmd/gatekey-wireguard-gateway/main.go:739.3,746.24 7 0
github.com/gatekey-project/gatekey/cmd/gatekey-wireguard-gateway/main.go:746.24,748.4 1 0
github.com/gatekey-project/gatekey/cmd/gatekey-wireguard-gateway/main.go:750.3,755.4 1 0
github.com/gatekey-project/gatekey/cmd/gatekey-wireguard-gateway/main.go:758.2,758.19 1 0
github.com/gatekey-project/gatekey/cmd/gatekey-wireguard-gateway/main.go:762.91,763.24 1 0
github.com/gatekey-project/gatekey/cmd/gatekey-wireguard-gateway/main.go:763.24,765.3 1 0
github.com/gatekey-project/gatekey/cmd/gatekey-wireguard-gateway/main.go:768.2,769.39 2 0
github.com/gatekey-project/gatekey/cmd/gatekey-wireguard-gateway/main.go:769.39,771.17 2 0
github.com/gatekey-project/gatekey/cmd/gatekey-wireguard-gateway/main.go:771.17,774.17 2 0
github.com/gatekey-project/gatekey/cmd/gatekey-wireguard-gateway/main.go:774.17,779.5 1 0
github.com/gatekey-project/gatekey/cmd/gatekey-wireguard-gateway/main.go:780.4,780.12 1 0
github.com/gatekey-project/gatekey/cmd/gatekey-wireguard-gateway/main.go:782.3,782.38 1 0
github.com/gatekey-project/gatekey/cmd/gatekey-wireguard-gateway/main.go:786.2,787.21 2 0
github.com/gatekey-project/gatekey/cmd/gatekey-wireguard-gateway/main.go:787.21,789.3 1 0
github.com/gatekey-project/gatekey/cmd/gatekey-wireguard-gateway/main.go:792.2,793.16 2 0
github.com/gatekey-project/gatekey/cmd/gatekey-wireguard-gateway/main.go:793.16,795.3 1 0
github.com/gatekey-project/gatekey/cmd/gatekey-wireguard-gateway/main.go:797.2,799.80 2 0
github.com/gatekey-project/gatekey/cmd/gatekey-wireguard-gateway/main.go:803.64,805.16 2 0
github.com/gatekey-project/gatekey/cmd/gatekey-wireguard-gateway/main.go:805.16,807.3 1 0
github.com/gatekey-project/gatekey/cmd/gatekey-wireguard-gateway/main.go:809.2,810.16 2 0
github.com/gatekey-project/gatekey/cmd/gatekey-wireguard-gateway/main.go:810.16,812.3 1 0
github.com/gatekey-project/gatekey/cmd/gatekey-wireguard-gateway/main.go:813.2,816.44 3 0
github.com/gatekey-project/gatekey/cmd/gatekey-wireguard-gateway/main.go:816.44,818.3 1 0
github.com/gatekey-project/gatekey/cmd/gatekey-wireguard-gateway/main.go:820.2,828.12 8 0
github.com/gatekey-project/gatekey/cmd/gatekey-wireguard-gateway/main.go:832.58,834.16 2 0
github.com/gatekey-project/gatekey/cmd/gatekey-wireguard-gateway/main.go:834.16,836.3 1 0
github.com/gatekey-project/gatekey/cmd/gatekey-wireguard-gateway/main.go:838.2,845.18 7 0
github.com/gatekey-project/gatekey/cmd/gatekey-wireguard-gateway/main.go:845.18,847.3 1 0
github.com/gatekey-project/gatekey/cmd/gatekey-wireguard-gateway/main.go:850.2,851.16 2 0
github.com/gatekey-project/gatekey/cmd/gatekey-wireguard-gateway/main.go:851.16,854.3 2 0
github.com/gatekey-project/gatekey/cmd/gatekey-wireguard-gateway/main.go:856.2,860.16 3 0
github.com/gatekey-project/gatekey/cmd/gatekey-wireguard-gateway/main.go:860.16,864.30 4 0
github.com/gatekey-project/gatekey/cmd/gatekey-wireguard-gateway/main.go:864.30,865.28 1 0
github.com/gatekey-project/gatekey/cmd/gatekey-wireguard-gateway/main.go:865.28,866.13 1 0
github.com/gatekey-project/gatekey/cmd/gatekey-wireguard-gateway/main.go:868.4,871.24 3 0
github.com/gatekey-project/gatekey/cmd/gatekey-wireguard-gateway/main.go:871.24,873.26 2 0
github.com/gatekey-project/gatekey/cmd/gatekey-wireguard-gateway/main.go:873.26,875.51 2 0
github.com/gatekey-project/gatekey/cmd/gatekey-wireguard-gateway/main.go:875.51,877.7 1 0
github.com/gatekey-project/gatekey/cmd/gatekey-wireguard-gateway/main.go:881.3,882.71 2 0
github.com/gatekey-project/gatekey/cmd/gatekey-wireguard-gateway/main.go:885.2,887.12 2 0
github.com/gatekey-project/gatekey/internal/agent/api.go:70.37,88.2 9 0
github.com/gatekey-project/gatekey/internal/agent/api.go:91.68,93.2 1 0
github.com/gatekey-project/gatekey/internal/agent/api.go:96.32,110.2 3 0
github.com/gatekey-project/gatekey/internal/agent/api.go:113.54,114.21 1 0
github.com/gatekey-project/gatekey/internal/agent/api.go:114.21,116.3 1 0
github.com/gatekey-project/gatekey/internal/agent/api.go:117.2,117.12 1 0
github.com/gatekey-project/gatekey/internal/agent/api.go:120.47,122.2 1 0
github.com/gatekey-project/gatekey/internal/agent/api.go:124.47,131.2 1 0
github.com/gatekey-project/gatekey/internal/agent/api.go:134.52,138.47 2 0
github.com/gatekey-project/gatekey/internal/agent/api.go:138.47,141.3 2 0
github.com/gatekey-project/gatekey/internal/agent/api.go:144.2,144.36 1 0
github.com/gatekey-project/gatekey/internal/agent/api.go:144.36,147.3 2 0
github.com/gatekey-project/gatekey/internal/agent/api.go:149.2,149.33 1 0
github.com/gatekey-project/gatekey/internal/agent/api.go:149.33,152.3 2 0
github.com/gatekey-project/gatekey/internal/agent/api.go:154.2,157.50 3 0
github.com/gatekey-project/gatekey/internal/agent/api.go:157.50,161.3 3 0
github.com/gatekey-project/gatekey/internal/agent/api.go:163.2,163.58 1 0
github.com/gatekey-project/gatekey/internal/agent/api.go:166.52,168.47 2 0
github.com/gatekey-project/gatekey/internal/agent/api.go:168.47,171.3 2 0
github.com/gatekey-project/gatekey/internal/agent/api.go:174.2,174.36 1 0
github.com/gatekey-project/gatekey/internal/agent/api.go:174.36,177.3 2 0
github.com/gatekey-project/gatekey/internal/agent/api.go:179.2,187.18 5 0
github.com/gatekey-project/gatekey/internal/agent/api.go:188.14,190.47 2 0
github.com/gatekey-project/gatekey/internal/agent/api.go:190.47,192.4 1 0
github.com/gatekey-project/gatekey/internal/agent/api.go:193.3,193.60 1 0
github.com/gatekey-project/gatekey/internal/agent/api.go:195.18,196.57 1 0
github.com/gatekey-project/gatekey/internal/agent/api.go:198.31,199.59 1 0
github.com/gatekey-project/gatekey/internal/agent/api.go:201.22,202.20 1 0
github.com/gatekey-project/gatekey/internal/agent/api.go:202.20,205.4 2 0
github.com/gatekey-project/gatekey/internal/agent/api.go:206.3,206.65 1 0
github.com/gatekey-project/gatekey/internal/agent/api.go:208.14,209.64 1 0
github.com/gatekey-project/gatekey/internal/agent/api.go:211.10,216.9 2 0
github.com/gatekey-project/gatekey/internal/agent/api.go:219.2,219.16 1 0
github.com/gatekey-project/gatekey/internal/agent/api.go:219.16,223.3 3 0
github.com/gatekey-project/gatekey/internal/agent/api.go:225.2,233.4 1 0
github.com/gatekey-project/gatekey/internal/agent/api.go:242.26,248.2 1 0
github.com/gatekey-project/gatekey/internal/agent/api.go:251.94,255.16 3 0
github.com/gatekey-project/gatekey/internal/agent/api.go:255.16,257.3 1 0
github.com/gatekey-project/gatekey/internal/agent/api.go:259.2,261.16 2 0
github.com/gatekey-project/gatekey/internal/agent/api.go:261.16,263.3 1 0
github.com/gatekey-project/gatekey/internal/agent/api.go:264.2,266.38 2 0
github.com/gatekey-project/gatekey/internal/agent/api.go:266.38,271.26 3 0
github.com/gatekey-project/gatekey/internal/agent/api.go:271.26,273.4 1 0
github.com/gatekey-project/gatekey/internal/agent/api.go:274.3,274.70 1 0
github.com/gatekey-project/gatekey/internal/agent/api.go:277.2,278.67 2 0
github.com/gatekey-project/gatekey/internal/agent/api.go:278.67,280.3 1 0
github.com/gatekey-project/gatekey/internal/agent/api.go:282.2,282.21 1 0
github.com/gatekey-project/gatekey/internal/agent/api.go:286.70,288.16 2 0
github.com/gatekey-project/gatekey/internal/agent/api.go:288.16,290.3 1 0
github.com/gatekey-project/gatekey/internal/agent/api.go:291.2,293.38 2 0
github.com/gatekey-project/gatekey/internal/agent/api.go:293.38,295.3 1 0
github.com/gatekey-project/gatekey/internal/agent/api.go:297.2,298.67 2 0
github.com/gatekey-project/gatekey/internal/agent/api.go:298.67,300.3 1 0
github.com/gatekey-project/gatekey/internal/agent/api.go:302.2,302.21 1 0
github.com/gatekey-project/gatekey/internal/agent/api.go:306.60,314.16 3 0
github.com/gatekey-project/gatekey/internal/agent/api.go:314.16,316.3 1 0
github.com/gatekey-project/gatekey/internal/agent/api.go:318.2,320.16 2 0
github.com/gatekey-project/gatekey/internal/agent/api.go:320.16,322.3 1 0
github.com/gatekey-project/gatekey/internal/agent/api.go:323.2,325.38 2 0
github.com/gatekey-project/gatekey/internal/agent/api.go:325.38,330.26 3 0
github.com/gatekey-project/gatekey/internal/agent/api.go:330.26,332.4 1 0
github.com/gatekey-project/gatekey/internal/agent/api.go:333.3,333.65 1 0
github.com/gatekey-project/gatekey/internal/agent/api.go:336.2,336.12 1 0
github.com/gatekey-project/gatekey/internal/models/db.go:18.106,20.16 2 0
github.com/gatekey-project/gatekey/internal/models/db.go:20.16,22.3 1 0
github.com/gatekey-project/gatekey/internal/models/db.go:24.2,28.16 4 0
github.com/gatekey-project/gatekey/internal/models/db.go:28.16,30.3 1 0
github.com/gatekey-project/gatekey/internal/models/db.go:33.2,33.39 1 0
github.com/gatekey-project/gatekey/internal/models/db.go:33.39,36.3 2 0
github.com/gatekey-project/gatekey/internal/models/db.go:38.2,38.29 1 0
github.com/gatekey-project/gatekey/internal/models/db.go:42.23,43.20 1 0
github.com/gatekey-project/gatekey/internal/models/db.go:43.20,45.3 1 0
github.com/gatekey-project/gatekey/internal/models/db.go:49.47,51.2 1 0
github.com/gatekey-project/gatekey/internal/models/models.go:187.52,188.18 1 1
github.com/gatekey-project/gatekey/internal/models/models.go:188.18,191.3 2 1
github.com/gatekey-project/gatekey/internal/models/models.go:192.2,193.27 2 1
github.com/gatekey-project/gatekey/internal/models/models.go:194.14,195.24 1 1
github.com/gatekey-project/gatekey/internal/models/models.go:196.14,197.32 1 1
github.com/gatekey-project/gatekey/internal/models/models.go:199.2,199.12 1 1
github.com/gatekey-project/gatekey/internal/models/models.go:206.53,207.18 1 1
github.com/gatekey-project/gatekey/internal/models/models.go:207.18,210.3 2 1
github.com/gatekey-project/gatekey/internal/models/models.go:213.2,213.42 1 1
github.com/gatekey-project/gatekey/internal/models/models.go:222.49,223.14 1 1
github.com/gatekey-project/gatekey/internal/models/models.go:223.14,225.3 1 1
github.com/gatekey-project/gatekey/internal/models/models.go:226.2,226.29 1 1
github.com/gatekey-project/gatekey/internal/models/repositories.go:19.48,21.2 1 0
github.com/gatekey-project/gatekey/internal/models/repositories.go:24.72,32.25 3 0
github.com/gatekey-project/gatekey/internal/models/repositories.go:32.25,34.3 1 0
github.com/gatekey-project/gatekey/internal/models/repositories.go:36.2,46.42 1 0
github.com/gatekey-project/gatekey/internal/models/repositories.go:50.84,73.26 5 0
github.com/gatekey-project/gatekey/internal/models/repositories.go:73.26,75.3 1 0
github.com/gatekey-project/gatekey/internal/models/repositories.go:76.2,76.16 1 0
github.com/gatekey-project/gatekey/internal/models/repositories.go:76.16,78.3 1 0
github.com/gatekey-project/gatekey/internal/models/repositories.go:80.2,81.19 2 0
github.com/gatekey-project/gatekey/internal/models/repositories.go:85.87,108.26 5 0
github.com/gatekey-project/gatekey/internal/models/repositories.go:108.26,110.3 1 0
github.com/gatekey-project/gatekey/internal/models/repositories.go:111.2,111.16 1 0
github.com/gatekey-project/gatekey/internal/models/repositories.go:111.16,113.3 1 0
github.com/gatekey-project/gatekey/internal/models/repositories.go:115.2,116.19 2 0
github.com/gatekey-project/gatekey/internal/models/repositories.go:120.107,143.26 5 0
github.com/gatekey-project/gatekey/internal/models/repositories.go:143.26,145.3 1 0
github.com/gatekey-project/gatekey/internal/models/repositories.go:146.2,146.16 1 0
github.com/gatekey-project/gatekey/internal/models/repositories.go:146.16,148.3 1 0
github.com/gatekey-project/gatekey/internal/models/repositories.go:150.2,151.19 2 0
github.com/gatekey-project/gatekey/internal/models/repositories.go:155.72,170.25 3 0
github.com/gatekey-project/gatekey/internal/models/repositories.go:170.25,172.3 1 0
github.com/gatekey-project/gatekey/internal/models/repositories.go:174.2,185.52 1 0
github.com/gatekey-project/gatekey/internal/models/repositories.go:189.83,193.2 3 0
github.com/gatekey-project/gatekey/internal/models/repositories.go:201.54,203.2 1 0
github.com/gatekey-project/gatekey/internal/models/repositories.go:206.81,212.28 2 0
github.com/gatekey-project/gatekey/internal/models/repositories.go:212.28,214.3 1 0
github.com/gatekey-project/gatekey/internal/models/repositories.go:216.2,223.28 1 0
github.com/gatekey-project/gatekey/internal/models/repositories.go:227.97,244.26 4 0
github.com/gatekey-project/gatekey/internal/models/repositories.go:244.26,246.3 1 0
github.com/gatekey-project/gatekey/internal/models/repositories.go:247.2,247.16 1 0
github.com/gatekey-project/gatekey/internal/models/repositories.go:247.16,249.3 1 0
github.com/gatekey-project/gatekey/internal/models/repositories.go:250.2,250.22 1 0
github.com/gatekey-project/gatekey/internal/models/repositories.go:254.77,258.2 3 0
github.com/gatekey-project/gatekey/internal/models/repositories.go:261.91,265.2 3 0
github.com/gatekey-project/gatekey/internal/models/repositories.go:273.62,275.2 1 0
github.com/gatekey-project/gatekey/internal/models/repositories.go:278.86,284.25 2 0
github.com/gatekey-project/gatekey/internal/models/repositories.go:284.25,286.3 1 0
github.com/gatekey-project/gatekey/internal/models/repositories.go:288.2,297.25 1 0
github.com/gatekey-project/gatekey/internal/models/repositories.go:301.103,322.26 4 0
github.com/gatekey-project/gatekey/internal/models/repositories.go:322.26,324.3 1 0
github.com/gatekey-project/gatekey/internal/models/repositories.go:325.2,325.16 1 0
github.com/gatekey-project/gatekey/internal/models/repositories.go:325.16,327.3 1 0
github.com/gatekey-project/gatekey/internal/models/repositories.go:328.2,328.19 1 0
github.com/gatekey-project/gatekey/internal/models/repositories.go:332.113,353.26 4 0
github.com/gatekey-project/gatekey/internal/models/repositories.go:353.26,355.3 1 0
github.com/gatekey-project/gatekey/internal/models/repositories.go:356.2,356.16 1 0
github.com/gatekey-project/gatekey/internal/models/repositories.go:356.16,358.3 1 0
github.com/gatekey-project/gatekey/internal/models/repositories.go:359.2,359.19 1 0
github.com/gatekey-project/gatekey/internal/models/repositories.go:363.96,367.2 3 0
github.com/gatekey-project/gatekey/internal/models/repositories.go:370.89,377.16 3 0
github.com/gatekey-project/gatekey/internal/models/repositories.go:377.16,379.3 1 0
github.com/gatekey-project/gatekey/internal/models/repositories.go:380.2,383.18 3 0
github.com/gatekey-project/gatekey/internal/models/repositories.go:383.18,399.17 3 0
github.com/gatekey-project/gatekey/internal/models/repositories.go:399.17,401.4 1 0
github.com/gatekey-project/gatekey/internal/models/repositories.go:402.3,402.30 1 0
github.com/gatekey-project/gatekey/internal/models/repositories.go:404.2,404.19 1 0
github.com/gatekey-project/gatekey/internal/models/repositories.go:413.54,415.2 1 0
github.com/gatekey-project/gatekey/internal/models/repositories.go:418.81,424.28 2 0
github.com/gatekey-project/gatekey/internal/models/repositories.go:424.28,426.3 1 0
github.com/gatekey-project/gatekey/internal/models/repositories.go:428.2,438.48 1 0
github.com/gatekey-project/gatekey/internal/models/repositories.go:442.90,464.26 4 0
github.com/gatekey-project/gatekey/internal/models/repositories.go:464.26,466.3 1 0
github.com/gatekey-project/gatekey/internal/models/repositories.go:467.2,467.16 1 0
github.com/gatekey-project/gatekey/internal/models/repositories.go:467.16,469.3 1 0
github.com/gatekey-project/gatekey/internal/models/repositories.go:470.2,470.22 1 0
github.com/gatekey-project/gatekey/internal/models/repositories.go:474.91,496.26 4 0
github.com/gatekey-project/gatekey/internal/models/repositories.go:496.26,498.3 1 0
github.com/gatekey-project/gatekey/internal/models/repositories.go:499.2,499.16 1 0
github.com/gatekey-project/gatekey/internal/models/repositories.go:499.16,501.3 1 0
github.com/gatekey-project/gatekey/internal/models/repositories.go:502.2,502.22 1 0
github.com/gatekey-project/gatekey/internal/models/repositories.go:506.80,514.16 3 0
github.com/gatekey-project/gatekey/internal/models/repositories.go:514.16,516.3 1 0
github.com/gatekey-project/gatekey/internal/models/repositories.go:517.2,520.18 3 0
github.com/gatekey-project/gatekey/internal/models/repositories.go:520.18,536.17 3 0
github.com/gatekey-project/gatekey/internal/models/repositories.go:536.17,538.4 1 0
github.com/gatekey-project/gatekey/internal/models/repositories.go:539.3,539.39 1 0
github.com/gatekey-project/gatekey/internal/models/repositories.go:541.2,541.22 1 0
github.com/gatekey-project/gatekey/internal/models/repositories.go:545.86,549.2 3 0
github.com/gatekey-project/gatekey/internal/models/repositories.go:552.100,573.26 4 0
github.com/gatekey-project/gatekey/internal/models/repositories.go:573.26,575.3 1 0
github.com/gatekey-project/gatekey/internal/models/repositories.go:576.2,576.16 1 0
github.com/gatekey-project/gatekey/internal/models/repositories.go:576.16,578.3 1 0
github.com/gatekey-project/gatekey/internal/models/repositories.go:579.2,579.22 1 0
github.com/gatekey-project/gatekey/internal/models/repositories.go:588.56,590.2 1 0
github.com/gatekey-project/gatekey/internal/models/repositories.go:593.79,599.24 2 0
github.com/gatekey-project/gatekey/internal/models/repositories.go:599.24,601.3 1 0
github.com/gatekey-project/gatekey/internal/models/repositories.go:603.2,613.24 1 0
github.com/gatekey-project/gatekey/internal/models/repositories.go:617.132,623.63 4 0
github.com/gatekey-project/gatekey/internal/models/repositories.go:623.63,627.3 3 0
github.com/gatekey-project/gatekey/internal/models/repositories.go:629.2,629.79 1 0
github.com/gatekey-project/gatekey/internal/models/repositories.go:629.79,633.3 3 0
github.com/gatekey-project/gatekey/internal/models/repositories.go:635.2,635.85 1 0
github.com/gatekey-project/gatekey/internal/models/repositories.go:635.85,639.3 3 0
github.com/gatekey-project/gatekey/internal/models/repositories.go:642.2,645.16 4 0
github.com/gatekey-project/gatekey/internal/models/repositories.go:645.16,647.3 1 0
github.com/gatekey-project/gatekey/internal/models/repositories.go:650.2,655.16 4 0
github.com/gatekey-project/gatekey/internal/models/repositories.go:655.16,657.3 1 0
github.com/gatekey-project/gatekey/internal/models/repositories.go:658.2,661.18 3 0
github.com/gatekey-project/gatekey/internal/models/repositories.go:661.18,675.17 3 0
github.com/gatekey-project/gatekey/internal/models/repositories.go:675.17,677.4 1 0
github.com/gatekey-project/gatekey/internal/models/repositories.go:678.3,678.27 1 0
github.com/gatekey-project/gatekey/internal/models/repositories.go:681.2,681.25 1 0
github.com/gatekey-project/gatekey/pkg/crypto/fips.go:31.52,32.13 1 1
github.com/gatekey-project/gatekey/pkg/crypto/fips.go:33.14,34.27 1 1
github.com/gatekey-project/gatekey/pkg/crypto/fips.go:35.14,36.30 1 1
github.com/gatekey-project/gatekey/pkg/crypto/fips.go:37.14,38.27 1 1
github.com/gatekey-project/gatekey/pkg/crypto/fips.go:39.10,40.64 1 0
github.com/gatekey-project/gatekey/pkg/crypto/fips.go:45.59,47.16 2 1
github.com/gatekey-project/gatekey/pkg/crypto/fips.go:47.16,49.3 1 0
github.com/gatekey-project/gatekey/pkg/crypto/fips.go:50.2,51.24 2 1
github.com/gatekey-project/gatekey/pkg/crypto/fips.go:55.62,57.16 2 1
github.com/gatekey-project/gatekey/pkg/crypto/fips.go:57.16,59.3 1 0
github.com/gatekey-project/gatekey/pkg/crypto/fips.go:60.2,60.35 1 1
github.com/gatekey-project/gatekey/pkg/crypto/fips.go:64.47,66.55 2 1
github.com/gatekey-project/gatekey/pkg/crypto/fips.go:66.55,68.3 1 0
github.com/gatekey-project/gatekey/pkg/crypto/fips.go:69.2,69.15 1 1
github.com/gatekey-project/gatekey/pkg/crypto/fips.go:73.45,75.16 2 1
github.com/gatekey-project/gatekey/pkg/crypto/fips.go:75.16,77.3 1 0
github.com/gatekey-project/gatekey/pkg/crypto/fips.go:78.2,78.35 1 1
github.com/gatekey-project/gatekey/pkg/crypto/fips.go:83.44,84.22 1 1
github.com/gatekey-project/gatekey/pkg/crypto/fips.go:84.22,86.3 1 1
github.com/gatekey-project/gatekey/pkg/crypto/fips.go:87.2,88.30 2 1
github.com/gatekey-project/gatekey/pkg/crypto/fips.go:88.30,90.3 1 1
github.com/gatekey-project/gatekey/pkg/crypto/fips.go:91.2,91.20 1 1
github.com/gatekey-project/gatekey/pkg/crypto/fips.go:106.51,107.13 1 1
github.com/gatekey-project/gatekey/pkg/crypto/fips.go:108.53,109.13 1 1
github.com/gatekey-project/gatekey/pkg/crypto/fips.go:110.10,111.66 1 1
github.com/gatekey-project/gatekey/pkg/crypto/fips.go:116.43,117.13 1 1
github.com/gatekey-project/gatekey/pkg/crypto/fips.go:118.15,119.14 1 1
github.com/gatekey-project/gatekey/pkg/crypto/fips.go:120.15,121.14 1 1
github.com/gatekey-project/gatekey/pkg/crypto/fips.go:122.15,123.14 1 1
github.com/gatekey-project/gatekey/pkg/crypto/fips.go:124.16,125.13 1 1
github.com/gatekey-project/gatekey/pkg/crypto/fips.go:126.16,127.13 1 1
github.com/gatekey-project/gatekey/pkg/crypto/fips.go:128.10,129.11 1 1
github.com/gatekey-project/gatekey/pkg/crypto/fips.go:146.37,158.2 1 1
github.com/gatekey-project/gatekey/internal/network/tools.go:31.86,32.16 1 1
github.com/gatekey-project/gatekey/internal/network/tools.go:32.16,34.3 1 1
github.com/gatekey-project/gatekey/internal/network/tools.go:35.2,35.16 1 1
github.com/gatekey-project/gatekey/internal/network/tools.go:35.16,37.3 1 1
github.com/gatekey-project/gatekey/internal/network/tools.go:39.2,46.47 2 1
github.com/gatekey-project/gatekey/internal/network/tools.go:46.47,51.3 4 1
github.com/gatekey-project/gatekey/internal/network/tools.go:53.2,64.43 9 0
github.com/gatekey-project/gatekey/internal/network/tools.go:64.43,69.3 4 0
github.com/gatekey-project/gatekey/internal/network/tools.go:71.2,71.16 1 0
github.com/gatekey-project/gatekey/internal/network/tools.go:71.16,75.25 4 0
github.com/gatekey-project/gatekey/internal/network/tools.go:75.25,77.4 1 0
github.com/gatekey-project/gatekey/internal/network/tools.go:78.3,78.21 1 0
github.com/gatekey-project/gatekey/internal/network/tools.go:81.2,83.20 3 0
github.com/gatekey-project/gatekey/internal/network/tools.go:87.79,95.49 2 1
github.com/gatekey-project/gatekey/internal/network/tools.go:95.49,100.3 4 1
github.com/gatekey-project/gatekey/internal/network/tools.go:102.2,113.43 9 0
github.com/gatekey-project/gatekey/internal/network/tools.go:113.43,118.3 4 0
github.com/gatekey-project/gatekey/internal/network/tools.go:120.2,120.16 1 0
github.com/gatekey-project/gatekey/internal/network/tools.go:120.16,124.25 4 0
github.com/gatekey-project/gatekey/internal/network/tools.go:124.25,126.4 1 0
github.com/gatekey-project/gatekey/internal/network/tools.go:127.3,127.21 1 0
github.com/gatekey-project/gatekey/internal/network/tools.go:130.2,132.20 3 0
github.com/gatekey-project/gatekey/internal/network/tools.go:136.81,144.47 2 1
github.com/gatekey-project/gatekey/internal/network/tools.go:144.47,149.3 4 1
github.com/gatekey-project/gatekey/internal/network/tools.go:152.2,164.43 9 0
github.com/gatekey-project/gatekey/internal/network/tools.go:164.43,169.3 4 0
github.com/gatekey-project/gatekey/internal/network/tools.go:171.2,171.16 1 0
github.com/gatekey-project/gatekey/internal/network/tools.go:171.16,180.3 7 0
github.com/gatekey-project/gatekey/internal/network/tools.go:182.2,182.16 1 0
github.com/gatekey-project/gatekey/internal/network/tools.go:182.16,186.25 4 0
github.com/gatekey-project/gatekey/internal/network/tools.go:186.25,188.4 1 0
github.com/gatekey-project/gatekey/internal/network/tools.go:189.3,189.21 1 0
github.com/gatekey-project/gatekey/internal/network/tools.go:192.2,194.20 3 0
github.com/gatekey-project/gatekey/internal/network/tools.go:198.85,206.45 2 1
github.com/gatekey-project/gatekey/internal/network/tools.go:206.45,211.3 4 1
github.com/gatekey-project/gatekey/internal/network/tools.go:212.2,212.30 1 1
github.com/gatekey-project/gatekey/internal/network/tools.go:212.30,217.3 4 1
github.com/gatekey-project/gatekey/internal/network/tools.go:219.2,233.22 10 0
github.com/gatekey-project/gatekey/internal/network/tools.go:233.22,235.3 1 0
github.com/gatekey-project/gatekey/internal/network/tools.go:237.2,237.43 1 0
github.com/gatekey-project/gatekey/internal/network/tools.go:237.43,242.3 4 0
github.com/gatekey-project/gatekey/internal/network/tools.go:244.2,244.16 1 0
github.com/gatekey-project/gatekey/internal/network/tools.go:244.16,249.3 4 0
github.com/gatekey-project/gatekey/internal/network/tools.go:251.2,253.20 3 0
github.com/gatekey-project/gatekey/internal/network/tools.go:257.89,265.47 2 1
github.com/gatekey-project/gatekey/internal/network/tools.go:265.47,270.3 4 1
github.com/gatekey-project/gatekey/internal/network/tools.go:273.2,273.45 1 1
github.com/gatekey-project/gatekey/internal/network/tools.go:273.45,278.3 4 1
github.com/gatekey-project/gatekey/internal/network/tools.go:280.2,286.17 4 0
github.com/gatekey-project/gatekey/internal/network/tools.go:286.17,288.3 1 0
github.com/gatekey-project/gatekey/internal/network/tools.go:288.8,291.3 1 0
github.com/gatekey-project/gatekey/internal/network/tools.go:292.2,302.43 8 0
github.com/gatekey-project/gatekey/internal/network/tools.go:302.43,307.3 4 0
github.com/gatekey-project/gatekey/internal/network/tools.go:309.2,309.16 1 0
github.com/gatekey-project/gatekey/internal/network/tools.go:309.16,313.25 4 0
github.com/gatekey-project/gatekey/internal/network/tools.go:313.25,315.4 1 0
github.com/gatekey-project/gatekey/internal/network/tools.go:316.3,316.21 1 0
github.com/gatekey-project/gatekey/internal/network/tools.go:319.2,321.20 3 0
github.com/gatekey-project/gatekey/internal/network/tools.go:325.42,326.18 1 1
github.com/gatekey-project/gatekey/internal/network/tools.go:326.18,328.3 1 1
github.com/gatekey-project/gatekey/internal/network/tools.go:329.2,329.23 1 1
github.com/gatekey-project/gatekey/internal/network/tools.go:329.23,331.3 1 1
github.com/gatekey-project/gatekey/internal/network/tools.go:333.2,333.27 1 1
github.com/gatekey-project/gatekey/internal/network/tools.go:333.27,334.89 1 1
github.com/gatekey-project/gatekey/internal/network/tools.go:334.89,336.4 1 1
github.com/gatekey-project/gatekey/internal/network/tools.go:338.2,338.12 1 1
github.com/gatekey-project/gatekey/internal/network/tools.go:342.46,343.49 1 1
github.com/gatekey-project/gatekey/internal/network/tools.go:343.49,345.3 1 1
github.com/gatekey-project/gatekey/internal/network/tools.go:347.2,347.12 1 1
github.com/gatekey-project/gatekey/internal/network/tools.go:351.40,352.17 1 1
github.com/gatekey-project/gatekey/internal/network/tools.go:352.17,354.3 1 1
github.com/gatekey-project/gatekey/internal/network/tools.go:355.2,355.22 1 1
github.com/gatekey-project/gatekey/internal/network/tools.go:355.22,357.3 1 1
github.com/gatekey-project/gatekey/internal/network/tools.go:359.2,359.26 1 1
github.com/gatekey-project/gatekey/internal/network/tools.go:359.26,360.56 1 1
github.com/gatekey-project/gatekey/internal/network/tools.go:360.56,362.4 1 1
github.com/gatekey-project/gatekey/internal/network/tools.go:364.2,364.12 1 1
github.com/gatekey-project/gatekey/internal/network/tools.go:368.43,369.33 1 1
github.com/gatekey-project/gatekey/internal/network/tools.go:369.33,371.3 1 1
github.com/gatekey-project/gatekey/internal/network/tools.go:372.2,372.34 1 1
github.com/gatekey-project/gatekey/internal/network/tools.go:376.32,378.2 1 1
github.com/gatekey-project/gatekey/internal/session/client.go:51.58,62.2 1 1
github.com/gatekey-project/gatekey/internal/session/client.go:65.50,67.2 1 0
github.com/gatekey-project/gatekey/internal/session/client.go:70.30,74.9 3 1
github.com/gatekey-project/gatekey/internal/session/client.go:75.16,76.9 1 1
github.com/gatekey-project/gatekey/internal/session/client.go:77.10,78.16 1 1
github.com/gatekey-project/gatekey/internal/session/client.go:81.2,81.19 1 1
github.com/gatekey-project/gatekey/internal/session/client.go:81.19,83.3 1 0
github.com/gatekey-project/gatekey/internal/session/client.go:86.2,87.28 2 1
github.com/gatekey-project/gatekey/internal/session/client.go:87.28,89.3 1 0
github.com/gatekey-project/gatekey/internal/session/client.go:90.2,90.21 1 1
github.com/gatekey-project/gatekey/internal/session/client.go:93.59,97.6 3 0
github.com/gatekey-project/gatekey/internal/session/client.go:97.6,98.10 1 0
github.com/gatekey-project/gatekey/internal/session/client.go:99.21,100.10 1 0
github.com/gatekey-project/gatekey/internal/session/client.go:101.17,102.10 1 0
github.com/gatekey-project/gatekey/internal/session/client.go:103.11,103.11 0 0
github.com/gatekey-project/gatekey/internal/session/client.go:106.3,107.17 2 0
github.com/gatekey-project/gatekey/internal/session/client.go:107.17,112.11 2 0
github.com/gatekey-project/gatekey/internal/session/client.go:113.22,114.11 1 0
github.com/gatekey-project/gatekey/internal/session/client.go:115.18,116.11 1 0
github.com/gatekey-project/gatekey/internal/session/client.go:117.38,117.38 0 0
github.com/gatekey-project/gatekey/internal/session/client.go:121.4,122.33 2 0
github.com/gatekey-project/gatekey/internal/session/client.go:122.33,124.5 1 0
github.com/gatekey-project/gatekey/internal/session/client.go:125.4,125.12 1 0
github.com/gatekey-project/gatekey/internal/session/client.go:129.3,134.68 3 0
github.com/gatekey-project/gatekey/internal/session/client.go:138.58,141.16 2 0
github.com/gatekey-project/gatekey/internal/session/client.go:141.16,143.3 1 0
github.com/gatekey-project/gatekey/internal/session/client.go:146.2,146.18 1 0
github.com/gatekey-project/gatekey/internal/session/client.go:147.15,148.19 1 0
github.com/gatekey-project/gatekey/internal/session/client.go:149.14,150.18 1 0
github.com/gatekey-project/gatekey/internal/session/client.go:152.2,163.45 5 0
github.com/gatekey-project/gatekey/internal/session/client.go:163.45,165.3 1 0
github.com/gatekey-project/gatekey/internal/session/client.go:166.2,166.16 1 0
github.com/gatekey-project/gatekey/internal/session/client.go:166.16,168.3 1 0
github.com/gatekey-project/gatekey/internal/session/client.go:170.2,189.75 8 0
github.com/gatekey-project/gatekey/internal/session/client.go:189.75,192.3 2 0
github.com/gatekey-project/gatekey/internal/session/client.go:195.2,197.16 3 0
github.com/gatekey-project/gatekey/internal/session/client.go:197.16,200.3 2 0
github.com/gatekey-project/gatekey/internal/session/client.go:202.2,203.57 2 0
github.com/gatekey-project/gatekey/internal/session/client.go:203.57,206.3 2 0
github.com/gatekey-project/gatekey/internal/session/client.go:208.2,208.38 1 0
github.com/gatekey-project/gatekey/internal/session/client.go:208.38,211.3 2 0
github.com/gatekey-project/gatekey/internal/session/client.go:213.2,214.64 2 0
github.com/gatekey-project/gatekey/internal/session/client.go:214.64,217.3 2 0
github.com/gatekey-project/gatekey/internal/session/client.go:219.2,219.23 1 0
github.com/gatekey-project/gatekey/internal/session/client.go:219.23,222.3 2 0
github.com/gatekey-project/gatekey/internal/session/client.go:224.2,234.12 7 0
github.com/gatekey-project/gatekey/internal/session/client.go:237.56,244.12 4 0
github.com/gatekey-project/gatekey/internal/session/client.go:244.12,247.3 2 0
github.com/gatekey-project/gatekey/internal/session/client.go:250.2,250.12 1 0
github.com/gatekey-project/gatekey/internal/session/client.go:250.12,253.3 2 0
github.com/gatekey-project/gatekey/internal/session/client.go:255.2,259.19 4 0
github.com/gatekey-project/gatekey/internal/session/client.go:259.19,262.3 2 0
github.com/gatekey-project/gatekey/internal/session/client.go:263.2,263.18 1 0
github.com/gatekey-project/gatekey/internal/session/client.go:266.50,270.6 3 0
github.com/gatekey-project/gatekey/internal/session/client.go:270.6,271.10 1 0
github.com/gatekey-project/gatekey/internal/session/client.go:272.15,273.10 1 0
github.com/gatekey-project/gatekey/internal/session/client.go:274.17,275.10 1 0
github.com/gatekey-project/gatekey/internal/session/client.go:276.24,281.19 4 0
github.com/gatekey-project/gatekey/internal/session/client.go:281.19,283.5 1 0
github.com/gatekey-project/gatekey/internal/session/client.go:285.4,286.72 2 0
github.com/gatekey-project/gatekey/internal/session/client.go:286.72,289.5 2 0
github.com/gatekey-project/gatekey/internal/session/client.go:290.19,296.19 4 0
github.com/gatekey-project/gatekey/internal/session/client.go:296.19,298.5 1 0
github.com/gatekey-project/gatekey/internal/session/client.go:300.4,303.73 4 0
github.com/gatekey-project/gatekey/internal/session/client.go:303.73,305.5 1 0
github.com/gatekey-project/gatekey/internal/session/client.go:310.71,317.17 5 0
github.com/gatekey-project/gatekey/internal/session/client.go:317.17,319.3 1 0
github.com/gatekey-project/gatekey/internal/session/client.go:321.2,323.6 2 0
github.com/gatekey-project/gatekey/internal/session/client.go:323.6,324.10 1 0
github.com/gatekey-project/gatekey/internal/session/client.go:325.17,326.10 1 0
github.com/gatekey-project/gatekey/internal/session/client.go:327.11,327.11 0 0
github.com/gatekey-project/gatekey/internal/session/client.go:330.3,331.17 2 0
github.com/gatekey-project/gatekey/internal/session/client.go:331.17,332.103 1 0
github.com/gatekey-project/gatekey/internal/session/client.go:332.103,334.5 1 0
github.com/gatekey-project/gatekey/internal/session/client.go:335.4,335.10 1 0
github.com/gatekey-project/gatekey/internal/session/client.go:338.3,339.56 2 0
github.com/gatekey-project/gatekey/internal/session/client.go:339.56,341.12 2 0
github.com/gatekey-project/gatekey/internal/session/client.go:344.3,344.19 1 0
github.com/gatekey-project/gatekey/internal/session/client.go:345.20,349.11 3 0
github.com/gatekey-project/gatekey/internal/session/client.go:350.24,350.24 0 0
github.com/gatekey-project/gatekey/internal/session/client.go:351.12,351.12 0 0
github.com/gatekey-project/gatekey/internal/session/client.go:354.23,356.67 2 0
github.com/gatekey-project/gatekey/internal/session/client.go:356.67,358.13 2 0
github.com/gatekey-project/gatekey/internal/session/client.go:361.4,365.56 2 0
github.com/gatekey-project/gatekey/internal/session/client.go:370.82,376.28 3 0
github.com/gatekey-project/gatekey/internal/session/client.go:376.28,378.3 1 0
github.com/gatekey-project/gatekey/internal/session/client.go:379.2,382.15 3 0
github.com/gatekey-project/gatekey/internal/session/client.go:382.15,387.3 4 0
github.com/gatekey-project/gatekey/internal/session/client.go:390.2,394.16 3 0
github.com/gatekey-project/gatekey/internal/session/client.go:394.16,397.3 2 0
github.com/gatekey-project/gatekey/internal/session/client.go:399.2,400.16 2 0
github.com/gatekey-project/gatekey/internal/session/client.go:400.16,403.3 2 0
github.com/gatekey-project/gatekey/internal/session/client.go:405.2,409.36 4 0
github.com/gatekey-project/gatekey/internal/session/client.go:409.36,412.3 2 0
github.com/gatekey-project/gatekey/internal/session/client.go:415.2,418.12 3 0
github.com/gatekey-project/gatekey/internal/session/client.go:418.12,421.3 2 0
github.com/gatekey-project/gatekey/internal/session/client.go:423.2,423.12 1 0
github.com/gatekey-project/gatekey/internal/session/client.go:423.12,426.3 2 0
github.com/gatekey-project/gatekey/internal/session/client.go:428.2,433.16 4 0
github.com/gatekey-project/gatekey/internal/session/client.go:433.16,434.47 1 0
github.com/gatekey-project/gatekey/internal/session/client.go:434.47,436.4 1 0
github.com/gatekey-project/gatekey/internal/session/client.go:436.9,438.4 1 0
github.com/gatekey-project/gatekey/internal/session/client.go:441.2,446.49 4 0
github.com/gatekey-project/gatekey/internal/session/client.go:449.78,455.21 4 0
github.com/gatekey-project/gatekey/internal/session/client.go:455.21,458.3 2 0
github.com/gatekey-project/gatekey/internal/session/client.go:461.97,478.9 5 0
github.com/gatekey-project/gatekey/internal/session/client.go:479.26,479.26 0 0
github.com/gatekey-project/gatekey/internal/session/client.go:480.10,481.53 1 0
github.com/gatekey-project/gatekey/internal/session/client.go:485.25,487.2 1 1
github.com/gatekey-project/gatekey/internal/session/client.go:490.42,494.2 3 1
github.com/gatekey-project/gatekey/internal/session/client.go:497.43,501.2 3 1
github.com/gatekey-project/gatekey/internal/session/manager.go:116.46,125.44 1 1
github.com/gatekey-project/gatekey/internal/session/manager.go:125.44,127.5 1 0
github.com/gatekey-project/gatekey/internal/session/manager.go:133.81,135.16 2 0
github.com/gatekey-project/gatekey/internal/session/manager.go:135.16,138.3 2 0
github.com/gatekey-project/gatekey/internal/session/manager.go:141.2,143.16 3 0
github.com/gatekey-project/gatekey/internal/session/manager.go:143.16,147.3 3 0
github.com/gatekey-project/gatekey/internal/session/manager.go:149.2,150.55 2 0
github.com/gatekey-project/gatekey/internal/session/manager.go:150.55,154.3 3 0
github.com/gatekey-project/gatekey/internal/session/manager.go:156.2,156.29 1 0
github.com/gatekey-project/gatekey/internal/session/manager.go:156.29,160.3 3 0
github.com/gatekey-project/gatekey/internal/session/manager.go:162.2,163.59 2 0
github.com/gatekey-project/gatekey/internal/session/manager.go:163.59,167.3 3 0
github.com/gatekey-project/gatekey/internal/session/manager.go:170.2,170.98 1 0
github.com/gatekey-project/gatekey/internal/session/manager.go:170.98,174.3 3 0
github.com/gatekey-project/gatekey/internal/session/manager.go:177.2,195.63 4 0
github.com/gatekey-project/gatekey/internal/session/manager.go:195.63,196.47 1 0
github.com/gatekey-project/gatekey/internal/session/manager.go:196.47,200.4 3 0
github.com/gatekey-project/gatekey/internal/session/manager.go:202.2,222.24 9 0
github.com/gatekey-project/gatekey/internal/session/manager.go:226.99,228.16 2 0
github.com/gatekey-project/gatekey/internal/session/manager.go:228.16,231.3 2 0
github.com/gatekey-project/gatekey/internal/session/manager.go:233.2,255.25 9 0
github.com/gatekey-project/gatekey/internal/session/manager.go:258.54,262.6 3 0
github.com/gatekey-project/gatekey/internal/session/manager.go:262.6,263.10 1 0
github.com/gatekey-project/gatekey/internal/session/manager.go:264.21,265.10 1 0
github.com/gatekey-project/gatekey/internal/session/manager.go:266.28,268.78 2 0
github.com/gatekey-project/gatekey/internal/session/manager.go:268.78,272.5 3 0
github.com/gatekey-project/gatekey/internal/session/manager.go:273.19,278.79 4 0
github.com/gatekey-project/gatekey/internal/session/manager.go:278.79,282.5 3 0
github.com/gatekey-project/gatekey/internal/session/manager.go:287.54,291.47 3 0
github.com/gatekey-project/gatekey/internal/session/manager.go:291.47,296.3 4 0
github.com/gatekey-project/gatekey/internal/session/manager.go:298.2,298.6 1 0
github.com/gatekey-project/gatekey/internal/session/manager.go:298.6,299.10 1 0
github.com/gatekey-project/gatekey/internal/session/manager.go:300.21,301.10 1 0
github.com/gatekey-project/gatekey/internal/session/manager.go:302.11,302.11 0 0
github.com/gatekey-project/gatekey/internal/session/manager.go:305.3,306.17 2 0
github.com/gatekey-project/gatekey/internal/session/manager.go:306.17,307.103 1 0
github.com/gatekey-project/gatekey/internal/session/manager.go:307.103,309.5 1 0
github.com/gatekey-project/gatekey/internal/session/manager.go:310.4,310.10 1 0
github.com/gatekey-project/gatekey/internal/session/manager.go:313.3,314.56 2 0
github.com/gatekey-project/gatekey/internal/session/manager.go:314.56,316.12 2 0
github.com/gatekey-project/gatekey/internal/session/manager.go:319.3,319.19 1 0
github.com/gatekey-project/gatekey/internal/session/manager.go:320.20,323.24 3 0
github.com/gatekey-project/gatekey/internal/session/manager.go:325.22,327.20 1 0
github.com/gatekey-project/gatekey/internal/session/manager.go:327.20,329.71 2 0
github.com/gatekey-project/gatekey/internal/session/manager.go:329.71,330.57 1 0
github.com/gatekey-project/gatekey/internal/session/manager.go:330.57,332.15 1 0
github.com/gatekey-project/gatekey/internal/session/manager.go:337.4,337.51 1 0
github.com/gatekey-project/gatekey/internal/session/manager.go:342.52,343.6 1 0
github.com/gatekey-project/gatekey/internal/session/manager.go:343.6,344.10 1 0
github.com/gatekey-project/gatekey/internal/session/manager.go:345.21,346.10 1 0
github.com/gatekey-project/gatekey/internal/session/manager.go:347.28,349.78 2 0
github.com/gatekey-project/gatekey/internal/session/manager.go:349.78,353.5 3 0
github.com/gatekey-project/gatekey/internal/session/manager.go:358.52,363.6 3 0
github.com/gatekey-project/gatekey/internal/session/manager.go:363.6,364.10 1 0
github.com/gatekey-project/gatekey/internal/session/manager.go:365.21,366.10 1 0
github.com/gatekey-project/gatekey/internal/session/manager.go:367.11,367.11 0 0
github.com/gatekey-project/gatekey/internal/session/manager.go:370.3,371.17 2 0
github.com/gatekey-project/gatekey/internal/session/manager.go:371.17,372.103 1 0
github.com/gatekey-project/gatekey/internal/session/manager.go:372.103,374.5 1 0
github.com/gatekey-project/gatekey/internal/session/manager.go:375.4,375.10 1 0
github.com/gatekey-project/gatekey/internal/session/manager.go:378.3,379.56 2 0
github.com/gatekey-project/gatekey/internal/session/manager.go:379.56,381.12 2 0
github.com/gatekey-project/gatekey/internal/session/manager.go:384.3,384.19 1 0
github.com/gatekey-project/gatekey/internal/session/manager.go:385.28,389.64 2 0
github.com/gatekey-project/gatekey/internal/session/manager.go:389.64,391.13 2 0
github.com/gatekey-project/gatekey/internal/session/manager.go:395.4,399.20 4 0
github.com/gatekey-project/gatekey/internal/session/manager.go:399.20,401.13 2 0
github.com/gatekey-project/gatekey/internal/session/manager.go:404.4,417.6 5 0
github.com/gatekey-project/gatekey/internal/session/manager.go:419.23,421.67 2 0
github.com/gatekey-project/gatekey/internal/session/manager.go:421.67,423.13 2 0
github.com/gatekey-project/gatekey/internal/session/manager.go:427.4,428.21 2 0
github.com/gatekey-project/gatekey/internal/session/manager.go:428.21,432.5 3 0
github.com/gatekey-project/gatekey/internal/session/manager.go:434.4,434.21 1 0
github.com/gatekey-project/gatekey/internal/session/manager.go:434.21,436.13 2 0
github.com/gatekey-project/gatekey/internal/session/manager.go:440.4,440.61 1 0
github.com/gatekey-project/gatekey/internal/session/manager.go:442.26,445.24 3 0
github.com/gatekey-project/gatekey/internal/session/manager.go:447.25,448.26 1 0
github.com/gatekey-project/gatekey/internal/session/manager.go:453.47,456.12 3 0
github.com/gatekey-project/gatekey/internal/session/manager.go:456.12,459.10 3 0
github.com/gatekey-project/gatekey/internal/session/manager.go:460.21,460.21 0 0
github.com/gatekey-project/gatekey/internal/session/manager.go:461.11,462.21 1 0
github.com/gatekey-project/gatekey/internal/session/manager.go:464.3,464.21 1 0
github.com/gatekey-project/gatekey/internal/session/manager.go:466.2,468.12 2 0
github.com/gatekey-project/gatekey/internal/session/manager.go:468.12,471.3 2 0
github.com/gatekey-project/gatekey/internal/session/manager.go:474.49,477.12 3 0
github.com/gatekey-project/gatekey/internal/session/manager.go:477.12,479.10 2 0
github.com/gatekey-project/gatekey/internal/session/manager.go:480.21,480.21 0 0
github.com/gatekey-project/gatekey/internal/session/manager.go:481.11,482.21 1 0
github.com/gatekey-project/gatekey/internal/session/manager.go:484.3,484.21 1 0
github.com/gatekey-project/gatekey/internal/session/manager.go:486.2,488.12 2 0
github.com/gatekey-project/gatekey/internal/session/manager.go:488.12,490.3 1 0
github.com/gatekey-project/gatekey/internal/session/manager.go:493.67,502.2 5 0
github.com/gatekey-project/gatekey/internal/session/manager.go:504.97,518.2 5 0
github.com/gatekey-project/gatekey/internal/session/manager.go:520.71,528.9 4 0
github.com/gatekey-project/gatekey/internal/session/manager.go:529.26,529.26 0 0
github.com/gatekey-project/gatekey/internal/session/manager.go:530.10,530.10 0 0
github.com/gatekey-project/gatekey/internal/session/manager.go:534.70,536.9 2 0
github.com/gatekey-project/gatekey/internal/session/manager.go:537.26,537.26 0 0
github.com/gatekey-project/gatekey/internal/session/manager.go:538.10,538.10 0 0
github.com/gatekey-project/gatekey/internal/session/manager.go:542.54,545.33 3 0
github.com/gatekey-project/gatekey/internal/session/manager.go:545.33,547.3 1 0
github.com/gatekey-project/gatekey/internal/session/manager.go:548.2,557.9 5 0
github.com/gatekey-project/gatekey/internal/session/manager.go:558.26,558.26 0 0
github.com/gatekey-project/gatekey/internal/session/manager.go:559.10,559.10 0 0
github.com/gatekey-project/gatekey/internal/session/manager.go:563.40,566.33 3 0
github.com/gatekey-project/gatekey/internal/session/manager.go:566.33,568.3 1 0
github.com/gatekey-project/gatekey/internal/session/manager.go:569.2,570.33 2 0
github.com/gatekey-project/gatekey/internal/session/manager.go:570.33,572.3 1 0
github.com/gatekey-project/gatekey/internal/session/manager.go:573.2,583.31 5 0
github.com/gatekey-project/gatekey/internal/session/manager.go:583.31,584.10 1 0
github.com/gatekey-project/gatekey/internal/session/manager.go:585.27,585.27 0 0
github.com/gatekey-project/gatekey/internal/session/manager.go:586.11,586.11 0 0
github.com/gatekey-project/gatekey/internal/session/manager.go:591.70,596.13 4 0
github.com/gatekey-project/gatekey/internal/session/manager.go:596.13,599.3 2 0
github.com/gatekey-project/gatekey/internal/session/manager.go:601.2,610.9 4 0
github.com/gatekey-project/gatekey/internal/session/manager.go:611.26,614.35 1 0
github.com/gatekey-project/gatekey/internal/session/manager.go:615.10,616.74 1 0
github.com/gatekey-project/gatekey/internal/session/manager.go:620.69,623.33 3 0
github.com/gatekey-project/gatekey/internal/session/manager.go:623.33,625.35 2 0
github.com/gatekey-project/gatekey/internal/session/manager.go:625.35,627.4 1 0
github.com/gatekey-project/gatekey/internal/session/manager.go:628.3,628.23 1 0
github.com/gatekey-project/gatekey/internal/session/manager.go:630.2,633.37 3 0
github.com/gatekey-project/gatekey/internal/session/manager.go:633.37,634.10 1 0
github.com/gatekey-project/gatekey/internal/session/manager.go:635.27,635.27 0 0
github.com/gatekey-project/gatekey/internal/session/manager.go:636.11,636.11 0 0
github.com/gatekey-project/gatekey/internal/session/manager.go:642.52,647.33 4 1
github.com/gatekey-project/gatekey/internal/session/manager.go:647.33,649.3 1 0
github.com/gatekey-project/gatekey/internal/session/manager.go:650.2,650.15 1 1
github.com/gatekey-project/gatekey/internal/session/manager.go:654.66,659.2 4 1
github.com/gatekey-project/gatekey/internal/session/manager.go:662.57,667.2 4 1
github.com/gatekey-project/gatekey/internal/session/manager.go:672.122,675.13 2 0
github.com/gatekey-project/gatekey/internal/session/manager.go:675.13,677.3 1 0
github.com/gatekey-project/gatekey/internal/session/manager.go:679.2,683.18 4 0
github.com/gatekey-project/gatekey/internal/session/manager.go:683.18,685.3 1 0
github.com/gatekey-project/gatekey/internal/session/manager.go:688.2,696.30 5 0
github.com/gatekey-project/gatekey/internal/session/manager.go:696.30,698.3 1 0
github.com/gatekey-project/gatekey/internal/session/manager.go:699.2,703.15 3 0
github.com/gatekey-project/gatekey/internal/session/manager.go:703.15,708.3 4 0
github.com/gatekey-project/gatekey/internal/session/manager.go:711.2,720.9 4 0
github.com/gatekey-project/gatekey/internal/session/manager.go:721.26,721.26 0 0
github.com/gatekey-project/gatekey/internal/session/manager.go:722.10,723.50 1 0
github.com/gatekey-project/gatekey/internal/session/manager.go:727.2,731.12 4 0
github.com/gatekey-project/gatekey/internal/session/manager.go:731.12,732.7 1 0
github.com/gatekey-project/gatekey/internal/session/manager.go:732.7,733.11 1 0
github.com/gatekey-project/gatekey/internal/session/manager.go:734.22,735.11 1 0
github.com/gatekey-project/gatekey/internal/session/manager.go:736.33,737.12 1 0
github.com/gatekey-project/gatekey/internal/session/manager.go:737.12,739.6 1 0
github.com/gatekey-project/gatekey/internal/session/manager.go:740.5,741.17 2 0
github.com/gatekey-project/gatekey/internal/session/manager.go:741.17,744.6 2 0
github.com/gatekey-project/gatekey/internal/session/manager.go:749.2,749.9 1 0
github.com/gatekey-project/gatekey/internal/session/manager.go:750.20,751.36 1 0
github.com/gatekey-project/gatekey/internal/session/manager.go:752.24,753.76 1 0
github.com/gatekey-project/gatekey/internal/session/manager.go:754.18,755.30 1 0
github.com/gatekey-project/gatekey/internal/session/manager.go:760.84,765.12 4 0
github.com/gatekey-project/gatekey/internal/session/manager.go:765.12,766.10 1 0
github.com/gatekey-project/gatekey/internal/session/manager.go:767.22,768.15 1 0
github.com/gatekey-project/gatekey/internal/session/manager.go:769.11,769.11 0 0
github.com/gatekey-project/gatekey/internal/session/manager.go:772.2,772.14 1 0
github.com/gatekey-project/gatekey/internal/session/manager.go:776.49,780.33 3 1
github.com/gatekey-project/gatekey/internal/session/manager.go:780.33,783.3 2 0
github.com/gatekey-project/gatekey/internal/session/manager.go:784.2,784.33 1 1
github.com/gatekey-project/gatekey/internal/session/manager.go:784.33,787.3 2 0
github.com/gatekey-project/gatekey/internal/session/manager.go:789.2,791.42 3 1
github.com/gatekey-project/gatekey/internal/policy/engine.go:48.68,53.2 1 1
github.com/gatekey-project/gatekey/internal/policy/engine.go:56.53,58.16 2 1
github.com/gatekey-project/gatekey/internal/policy/engine.go:58.16,60.3 1 0
github.com/gatekey-project/gatekey/internal/policy/engine.go:62.2,63.29 2 1
github.com/gatekey-project/gatekey/internal/policy/engine.go:63.29,64.19 1 1
github.com/gatekey-project/gatekey/internal/policy/engine.go:64.19,65.12 1 1
github.com/gatekey-project/gatekey/internal/policy/engine.go:68.3,69.17 2 1
github.com/gatekey-project/gatekey/internal/policy/engine.go:69.17,71.4 1 0
github.com/gatekey-project/gatekey/internal/policy/engine.go:73.3,76.5 1 1
github.com/gatekey-project/gatekey/internal/policy/engine.go:80.2,80.44 1 1
github.com/gatekey-project/gatekey/internal/policy/engine.go:80.44,82.3 1 1
github.com/gatekey-project/gatekey/internal/policy/engine.go:84.2,85.12 2 1
github.com/gatekey-project/gatekey/internal/policy/engine.go:123.98,128.31 2 1
github.com/gatekey-project/gatekey/internal/policy/engine.go:128.31,129.32 1 1
github.com/gatekey-project/gatekey/internal/policy/engine.go:129.32,131.18 2 1
github.com/gatekey-project/gatekey/internal/policy/engine.go:131.18,132.13 1 0
github.com/gatekey-project/gatekey/internal/policy/engine.go:135.4,142.15 2 1
github.com/gatekey-project/gatekey/internal/policy/engine.go:142.15,146.31 3 1
github.com/gatekey-project/gatekey/internal/policy/engine.go:146.31,150.6 3 1
github.com/gatekey-project/gatekey/internal/policy/engine.go:150.11,150.37 1 1
github.com/gatekey-project/gatekey/internal/policy/engine.go:150.37,154.6 3 1
github.com/gatekey-project/gatekey/internal/policy/engine.go:160.2,160.30 1 1
github.com/gatekey-project/gatekey/internal/policy/engine.go:160.30,163.3 2 1
github.com/gatekey-project/gatekey/internal/policy/engine.go:163.8,166.3 2 1
github.com/gatekey-project/gatekey/internal/policy/engine.go:168.2,168.20 1 1
github.com/gatekey-project/gatekey/internal/policy/engine.go:172.89,175.63 2 1
github.com/gatekey-project/gatekey/internal/policy/engine.go:175.63,177.3 1 0
github.com/gatekey-project/gatekey/internal/policy/engine.go:180.2,180.40 1 1
github.com/gatekey-project/gatekey/internal/policy/engine.go:180.40,182.3 1 1
github.com/gatekey-project/gatekey/internal/policy/engine.go:185.2,186.65 2 1
github.com/gatekey-project/gatekey/internal/policy/engine.go:186.65,188.3 1 0
github.com/gatekey-project/gatekey/internal/policy/engine.go:191.2,191.37 1 1
github.com/gatekey-project/gatekey/internal/policy/engine.go:191.37,193.3 1 1
github.com/gatekey-project/gatekey/internal/policy/engine.go:196.2,197.69 2 1
github.com/gatekey-project/gatekey/internal/policy/engine.go:197.69,199.3 1 0
github.com/gatekey-project/gatekey/internal/policy/engine.go:201.2,201.41 1 1
github.com/gatekey-project/gatekey/internal/policy/engine.go:201.41,203.3 1 1
github.com/gatekey-project/gatekey/internal/policy/engine.go:205.2,205.18 1 1
github.com/gatekey-project/gatekey/internal/policy/engine.go:209.85,210.22 1 1
github.com/gatekey-project/gatekey/internal/policy/engine.go:210.22,212.3 1 1
github.com/gatekey-project/gatekey/internal/policy/engine.go:215.2,215.34 1 1
github.com/gatekey-project/gatekey/internal/policy/engine.go:215.34,216.64 1 1
github.com/gatekey-project/gatekey/internal/policy/engine.go:216.64,218.4 1 1
github.com/gatekey-project/gatekey/internal/policy/engine.go:222.2,222.35 1 1
github.com/gatekey-project/gatekey/internal/policy/engine.go:222.35,223.34 1 1
github.com/gatekey-project/gatekey/internal/policy/engine.go:223.34,224.32 1 1
github.com/gatekey-project/gatekey/internal/policy/engine.go:224.32,226.5 1 1
github.com/gatekey-project/gatekey/internal/policy/engine.go:230.2,230.14 1 1
github.com/gatekey-project/gatekey/internal/policy/engine.go:234.92,237.59 1 1
github.com/gatekey-project/gatekey/internal/policy/engine.go:237.59,239.3 1 0
github.com/gatekey-project/gatekey/internal/policy/engine.go:242.2,242.32 1 1
github.com/gatekey-project/gatekey/internal/policy/engine.go:242.32,244.39 2 1
github.com/gatekey-project/gatekey/internal/policy/engine.go:244.39,245.61 1 1
github.com/gatekey-project/gatekey/internal/policy/engine.go:245.61,247.10 2 1
github.com/gatekey-project/gatekey/internal/policy/engine.go:250.3,250.15 1 1
github.com/gatekey-project/gatekey/internal/policy/engine.go:250.15,252.4 1 1
github.com/gatekey-project/gatekey/internal/policy/engine.go:256.2,256.32 1 1
github.com/gatekey-project/gatekey/internal/policy/engine.go:256.32,258.39 2 1
github.com/gatekey-project/gatekey/internal/policy/engine.go:258.39,260.18 2 1
github.com/gatekey-project/gatekey/internal/policy/engine.go:260.18,261.13 1 0
github.com/gatekey-project/gatekey/internal/policy/engine.go:263.4,263.49 1 1
github.com/gatekey-project/gatekey/internal/policy/engine.go:263.49,265.10 2 1
github.com/gatekey-project/gatekey/internal/policy/engine.go:268.3,268.15 1 1
github.com/gatekey-project/gatekey/internal/policy/engine.go:268.15,270.4 1 0
github.com/gatekey-project/gatekey/internal/policy/engine.go:274.2,274.54 1 1
github.com/gatekey-project/gatekey/internal/policy/engine.go:274.54,276.36 2 1
github.com/gatekey-project/gatekey/internal/policy/engine.go:276.36,277.64 1 1
github.com/gatekey-project/gatekey/internal/policy/engine.go:277.64,279.10 2 1
github.com/gatekey-project/gatekey/internal/policy/engine.go:282.3,282.15 1 1
github.com/gatekey-project/gatekey/internal/policy/engine.go:282.15,284.4 1 1
github.com/gatekey-project/gatekey/internal/policy/engine.go:288.2,288.62 1 1
github.com/gatekey-project/gatekey/internal/policy/engine.go:288.62,290.39 2 0
github.com/gatekey-project/gatekey/internal/policy/engine.go:290.39,291.50 1 0
github.com/gatekey-project/gatekey/internal/policy/engine.go:291.50,293.10 2 0
github.com/gatekey-project/gatekey/internal/policy/engine.go:296.3,296.15 1 0
github.com/gatekey-project/gatekey/internal/policy/engine.go:296.15,298.4 1 0
github.com/gatekey-project/gatekey/internal/policy/engine.go:301.2,301.13 1 1
github.com/gatekey-project/gatekey/internal/policy/engine.go:305.81,307.46 1 1
github.com/gatekey-project/gatekey/internal/policy/engine.go:307.46,308.47 1 1
github.com/gatekey-project/gatekey/internal/policy/engine.go:308.47,310.4 1 1
github.com/gatekey-project/gatekey/internal/policy/engine.go:314.2,314.16 1 1
github.com/gatekey-project/gatekey/internal/policy/engine.go:314.16,316.3 1 1
github.com/gatekey-project/gatekey/internal/policy/engine.go:319.2,319.36 1 1
github.com/gatekey-project/gatekey/internal/policy/engine.go:319.36,321.3 1 1
github.com/gatekey-project/gatekey/internal/policy/engine.go:323.2,323.13 1 0
github.com/gatekey-project/gatekey/internal/policy/engine.go:327.97,329.37 1 1
github.com/gatekey-project/gatekey/internal/policy/engine.go:329.37,331.45 2 1
github.com/gatekey-project/gatekey/internal/policy/engine.go:331.45,332.39 1 1
github.com/gatekey-project/gatekey/internal/policy/engine.go:332.39,334.10 2 1
github.com/gatekey-project/gatekey/internal/policy/engine.go:337.3,337.15 1 1
github.com/gatekey-project/gatekey/internal/policy/engine.go:337.15,339.4 1 1
github.com/gatekey-project/gatekey/internal/policy/engine.go:343.2,343.58 1 1
github.com/gatekey-project/gatekey/internal/policy/engine.go:343.58,345.45 2 1
github.com/gatekey-project/gatekey/internal/policy/engine.go:345.45,347.18 2 1
github.com/gatekey-project/gatekey/internal/policy/engine.go:347.18,349.69 1 1
github.com/gatekey-project/gatekey/internal/policy/engine.go:349.69,351.11 2 1
github.com/gatekey-project/gatekey/internal/policy/engine.go:353.5,353.13 1 1
github.com/gatekey-project/gatekey/internal/policy/engine.go:355.4,355.38 1 1
github.com/gatekey-project/gatekey/internal/policy/engine.go:355.38,357.10 2 1
github.com/gatekey-project/gatekey/internal/policy/engine.go:360.3,360.15 1 1
github.com/gatekey-project/gatekey/internal/policy/engine.go:360.15,362.4 1 1
github.com/gatekey-project/gatekey/internal/policy/engine.go:365.2,365.13 1 1
github.com/gatekey-project/gatekey/internal/policy/engine.go:369.74,372.16 2 1
github.com/gatekey-project/gatekey/internal/policy/engine.go:372.16,374.3 1 0
github.com/gatekey-project/gatekey/internal/policy/engine.go:376.2,379.22 2 1
github.com/gatekey-project/gatekey/internal/policy/engine.go:379.22,382.29 3 1
github.com/gatekey-project/gatekey/internal/policy/engine.go:382.29,383.37 1 1
github.com/gatekey-project/gatekey/internal/policy/engine.go:383.37,385.10 2 1
github.com/gatekey-project/gatekey/internal/policy/engine.go:388.3,388.15 1 1
github.com/gatekey-project/gatekey/internal/policy/engine.go:388.15,390.4 1 1
github.com/gatekey-project/gatekey/internal/policy/engine.go:394.2,394.44 1 1
github.com/gatekey-project/gatekey/internal/policy/engine.go:394.44,396.61 2 1
github.com/gatekey-project/gatekey/internal/policy/engine.go:396.61,398.4 1 1
github.com/gatekey-project/gatekey/internal/policy/engine.go:401.2,401.13 1 1
github.com/gatekey-project/gatekey/internal/policy/engine.go:405.123,408.31 2 1
github.com/gatekey-project/gatekey/internal/policy/engine.go:408.31,409.32 1 1
github.com/gatekey-project/gatekey/internal/policy/engine.go:409.32,410.30 1 1
github.com/gatekey-project/gatekey/internal/policy/engine.go:410.30,411.13 1 0
github.com/gatekey-project/gatekey/internal/policy/engine.go:415.4,416.65 2 1
github.com/gatekey-project/gatekey/internal/policy/engine.go:416.65,417.13 1 0
github.com/gatekey-project/gatekey/internal/policy/engine.go:420.4,420.38 1 1
github.com/gatekey-project/gatekey/internal/policy/engine.go:420.38,421.13 1 1
github.com/gatekey-project/gatekey/internal/policy/engine.go:425.4,426.67 2 1
github.com/gatekey-project/gatekey/internal/policy/engine.go:426.67,427.13 1 0
github.com/gatekey-project/gatekey/internal/policy/engine.go:431.4,431.34 1 1
github.com/gatekey-project/gatekey/internal/policy/engine.go:431.34,433.41 2 1
github.com/gatekey-project/gatekey/internal/policy/engine.go:433.41,434.55 1 1
github.com/gatekey-project/gatekey/internal/policy/engine.go:434.55,436.12 2 1
github.com/gatekey-project/gatekey/internal/policy/engine.go:439.5,439.17 1 1
github.com/gatekey-project/gatekey/internal/policy/engine.go:439.17,440.14 1 0
github.com/gatekey-project/gatekey/internal/policy/engine.go:445.4,445.40 1 1
github.com/gatekey-project/gatekey/internal/policy/engine.go:445.40,447.19 2 1
github.com/gatekey-project/gatekey/internal/policy/engine.go:447.19,448.14 1 0
github.com/gatekey-project/gatekey/internal/policy/engine.go:450.5,450.42 1 1
github.com/gatekey-project/gatekey/internal/policy/engine.go:455.2,455.22 1 1
github.com/gatekey-project/gatekey/internal/firewall/manager.go:81.43,86.2 1 1
github.com/gatekey-project/gatekey/internal/firewall/manager.go:89.57,91.2 1 1
github.com/gatekey-project/gatekey/internal/firewall/manager.go:94.154,100.53 3 1
github.com/gatekey-project/gatekey/internal/firewall/manager.go:100.54,102.3 0 0
github.com/gatekey-project/gatekey/internal/firewall/manager.go:103.2,109.35 3 1
github.com/gatekey-project/gatekey/internal/firewall/manager.go:109.35,111.28 1 1
github.com/gatekey-project/gatekey/internal/firewall/manager.go:111.28,125.4 2 1
github.com/gatekey-project/gatekey/internal/firewall/manager.go:128.3,128.22 1 1
github.com/gatekey-project/gatekey/internal/firewall/manager.go:128.22,140.4 2 1
github.com/gatekey-project/gatekey/internal/firewall/manager.go:143.2,143.21 1 1
github.com/gatekey-project/gatekey/internal/firewall/manager.go:143.21,145.3 1 1
github.com/gatekey-project/gatekey/internal/firewall/manager.go:148.2,148.55 1 1
github.com/gatekey-project/gatekey/internal/firewall/manager.go:148.55,150.3 1 0
github.com/gatekey-project/gatekey/internal/firewall/manager.go:154.2,154.68 1 1
github.com/gatekey-project/gatekey/internal/firewall/manager.go:154.68,156.3 1 0
github.com/gatekey-project/gatekey/internal/firewall/manager.go:158.2,159.12 2 1
github.com/gatekey-project/gatekey/internal/firewall/manager.go:163.79,167.49 3 1
github.com/gatekey-project/gatekey/internal/firewall/manager.go:167.49,169.3 1 1
github.com/gatekey-project/gatekey/internal/firewall/manager.go:171.2,171.65 1 1
github.com/gatekey-project/gatekey/internal/firewall/manager.go:171.65,173.3 1 0
github.com/gatekey-project/gatekey/internal/firewall/manager.go:175.2,176.12 2 1
github.com/gatekey-project/gatekey/internal/firewall/manager.go:180.66,182.2 1 1
github.com/gatekey-project/gatekey/internal/firewall/manager.go:185.54,189.47 3 1
github.com/gatekey-project/gatekey/internal/firewall/manager.go:189.47,191.3 1 0
github.com/gatekey-project/gatekey/internal/firewall/manager.go:193.2,194.12 2 1
github.com/gatekey-project/gatekey/internal/firewall/manager.go:198.33,200.2 1 1
github.com/gatekey-project/gatekey/internal/firewall/manager.go:210.63,214.2 3 1
github.com/gatekey-project/gatekey/internal/firewall/manager.go:217.62,222.37 4 1
github.com/gatekey-project/gatekey/internal/firewall/manager.go:222.37,223.50 1 1
github.com/gatekey-project/gatekey/internal/firewall/manager.go:223.50,225.4 1 1
github.com/gatekey-project/gatekey/internal/firewall/manager.go:227.2,227.20 1 1
github.com/gatekey-project/gatekey/internal/firewall/nftables.go:36.71,38.16 2 0
github.com/gatekey-project/gatekey/internal/firewall/nftables.go:38.16,40.3 1 0
github.com/gatekey-project/gatekey/internal/firewall/nftables.go:42.2,42.25 1 0
github.com/gatekey-project/gatekey/internal/firewall/nftables.go:42.25,44.3 1 0
github.com/gatekey-project/gatekey/internal/firewall/nftables.go:45.2,45.25 1 0
github.com/gatekey-project/gatekey/internal/firewall/nftables.go:45.25,47.3 1 0
github.com/gatekey-project/gatekey/internal/firewall/nftables.go:49.2,54.8 1 0
github.com/gatekey-project/gatekey/internal/firewall/nftables.go:58.65,98.39 11 0
github.com/gatekey-project/gatekey/internal/firewall/nftables.go:98.39,100.3 1 0
github.com/gatekey-project/gatekey/internal/firewall/nftables.go:102.2,102.12 1 0
github.com/gatekey-project/gatekey/internal/firewall/nftables.go:109.90,116.39 4 0
github.com/gatekey-project/gatekey/internal/firewall/nftables.go:116.39,140.3 1 0
github.com/gatekey-project/gatekey/internal/firewall/nftables.go:140.8,164.3 1 0
github.com/gatekey-project/gatekey/internal/firewall/nftables.go:165.2,167.39 2 0
github.com/gatekey-project/gatekey/internal/firewall/nftables.go:167.39,169.3 1 0
github.com/gatekey-project/gatekey/internal/firewall/nftables.go:172.2,175.12 3 0
github.com/gatekey-project/gatekey/internal/firewall/nftables.go:180.68,186.16 4 0
github.com/gatekey-project/gatekey/internal/firewall/nftables.go:186.16,188.3 1 0
github.com/gatekey-project/gatekey/internal/firewall/nftables.go:190.2,190.29 1 0
github.com/gatekey-project/gatekey/internal/firewall/nftables.go:190.29,192.3 1 0
github.com/gatekey-project/gatekey/internal/firewall/nftables.go:195.2,195.40 1 0
github.com/gatekey-project/gatekey/internal/firewall/nftables.go:195.40,197.17 2 0
github.com/gatekey-project/gatekey/internal/firewall/nftables.go:197.17,199.4 1 0
github.com/gatekey-project/gatekey/internal/firewall/nftables.go:201.3,201.31 1 0
github.com/gatekey-project/gatekey/internal/firewall/nftables.go:201.31,203.4 1 0
github.com/gatekey-project/gatekey/internal/firewall/nftables.go:206.2,206.39 1 0
github.com/gatekey-project/gatekey/internal/firewall/nftables.go:206.39,208.3 1 0
github.com/gatekey-project/gatekey/internal/firewall/nftables.go:211.2,212.12 2 0
github.com/gatekey-project/gatekey/internal/firewall/nftables.go:216.77,217.21 1 0
github.com/gatekey-project/gatekey/internal/firewall/nftables.go:217.21,219.3 1 0
github.com/gatekey-project/gatekey/internal/firewall/nftables.go:221.2,227.29 5 0
github.com/gatekey-project/gatekey/internal/firewall/nftables.go:227.29,229.21 2 0
github.com/gatekey-project/gatekey/internal/firewall/nftables.go:229.21,232.4 2 0
github.com/gatekey-project/gatekey/internal/firewall/nftables.go:235.2,235.39 1 0
github.com/gatekey-project/gatekey/internal/firewall/nftables.go:235.39,237.3 1 0
github.com/gatekey-project/gatekey/internal/firewall/nftables.go:239.2,240.12 2 0
github.com/gatekey-project/gatekey/internal/firewall/nftables.go:244.87,249.13 4 0
github.com/gatekey-project/gatekey/internal/firewall/nftables.go:249.13,251.3 1 0
github.com/gatekey-project/gatekey/internal/firewall/nftables.go:253.2,253.29 1 0
github.com/gatekey-project/gatekey/internal/firewall/nftables.go:253.29,254.46 1 0
github.com/gatekey-project/gatekey/internal/firewall/nftables.go:254.46,256.12 1 0
github.com/gatekey-project/gatekey/internal/firewall/nftables.go:260.2,260.39 1 0
github.com/gatekey-project/gatekey/internal/firewall/nftables.go:260.39,262.3 1 0
github.com/gatekey-project/gatekey/internal/firewall/nftables.go:264.2,265.12 2 0
github.com/gatekey-project/gatekey/internal/firewall/nftables.go:269.74,274.32 4 0
github.com/gatekey-project/gatekey/internal/firewall/nftables.go:274.32,275.19 1 0
github.com/gatekey-project/gatekey/internal/firewall/nftables.go:275.19,279.4 1 0
github.com/gatekey-project/gatekey/internal/firewall/nftables.go:281.2,281.22 1 0
github.com/gatekey-project/gatekey/internal/firewall/nftables.go:285.62,290.36 3 0
github.com/gatekey-project/gatekey/internal/firewall/nftables.go:290.36,291.46 1 0
github.com/gatekey-project/gatekey/internal/firewall/nftables.go:291.46,293.4 1 0
github.com/gatekey-project/gatekey/internal/firewall/nftables.go:296.2,296.39 1 0
github.com/gatekey-project/gatekey/internal/firewall/nftables.go:296.39,298.3 1 0
github.com/gatekey-project/gatekey/internal/firewall/nftables.go:300.2,301.12 2 0
github.com/gatekey-project/gatekey/internal/firewall/nftables.go:305.41,307.2 1 0
github.com/gatekey-project/gatekey/internal/firewall/nftables.go:310.50,311.56 1 0
github.com/gatekey-project/gatekey/internal/firewall/nftables.go:311.56,313.3 1 0
github.com/gatekey-project/gatekey/internal/firewall/nftables.go:314.2,314.68 1 0
github.com/gatekey-project/gatekey/internal/firewall/nftables.go:314.68,316.3 1 0
github.com/gatekey-project/gatekey/internal/firewall/nftables.go:317.2,317.14 1 0
github.com/gatekey-project/gatekey/internal/firewall/nftables.go:322.63,329.10 5 0
github.com/gatekey-project/gatekey/internal/firewall/nftables.go:329.10,332.3 2 0
github.com/gatekey-project/gatekey/internal/firewall/nftables.go:335.2,335.26 1 0
github.com/gatekey-project/gatekey/internal/firewall/nftables.go:335.26,336.11 1 0
github.com/gatekey-project/gatekey/internal/firewall/nftables.go:336.11,351.4 1 0
github.com/gatekey-project/gatekey/internal/firewall/nftables.go:351.9,366.4 1 0
github.com/gatekey-project/gatekey/internal/firewall/nftables.go:370.2,370.32 1 0
github.com/gatekey-project/gatekey/internal/firewall/nftables.go:370.32,372.11 2 0
github.com/gatekey-project/gatekey/internal/firewall/nftables.go:372.11,394.4 1 0
github.com/gatekey-project/gatekey/internal/firewall/nftables.go:394.9,416.4 1 0
github.com/gatekey-project/gatekey/internal/firewall/nftables.go:420.2,420.57 1 0
github.com/gatekey-project/gatekey/internal/firewall/nftables.go:420.57,422.24 2 0
github.com/gatekey-project/gatekey/internal/firewall/nftables.go:423.20,424.13 1 0
github.com/gatekey-project/gatekey/internal/firewall/nftables.go:425.20,426.14 1 0
github.com/gatekey-project/gatekey/internal/firewall/nftables.go:427.21,428.12 1 0
github.com/gatekey-project/gatekey/internal/firewall/nftables.go:428.12,430.5 1 0
github.com/gatekey-project/gatekey/internal/firewall/nftables.go:430.10,432.5 1 0
github.com/gatekey-project/gatekey/internal/firewall/nftables.go:433.20,433.20 0 0
github.com/gatekey-project/gatekey/internal/firewall/nftables.go:437.3,437.16 1 0
github.com/gatekey-project/gatekey/internal/firewall/nftables.go:437.16,438.12 1 0
github.com/gatekey-project/gatekey/internal/firewall/nftables.go:438.12,453.5 1 0
github.com/gatekey-project/gatekey/internal/firewall/nftables.go:453.10,468.5 1 0
github.com/gatekey-project/gatekey/internal/firewall/nftables.go:473.2,473.89 1 0
github.com/gatekey-project/gatekey/internal/firewall/nftables.go:473.89,484.64 2 0
github.com/gatekey-project/gatekey/internal/firewall/nftables.go:484.64,498.4 1 0
github.com/gatekey-project/gatekey/internal/firewall/nftables.go:498.9,507.4 1 0
github.com/gatekey-project/gatekey/internal/firewall/nftables.go:511.2,512.21 2 0
github.com/gatekey-project/gatekey/internal/firewall/nftables.go:513.20,514.52 1 0
github.com/gatekey-project/gatekey/internal/firewall/nftables.go:515.18,516.50 1 0
github.com/gatekey-project/gatekey/internal/firewall/nftables.go:517.20,519.50 1 0
github.com/gatekey-project/gatekey/internal/firewall/nftables.go:520.10,521.52 1 0
github.com/gatekey-project/gatekey/internal/firewall/nftables.go:523.2,529.3 2 0
github.com/gatekey-project/gatekey/internal/auth/oidc/provider.go:29.83,31.16 2 0
github.com/gatekey-project/gatekey/internal/auth/oidc/provider.go:31.16,33.3 1 0
github.com/gatekey-project/gatekey/internal/auth/oidc/provider.go:35.2,54.31 4 0
github.com/gatekey-project/gatekey/internal/auth/oidc/provider.go:54.31,56.3 1 0
github.com/gatekey-project/gatekey/internal/auth/oidc/provider.go:58.2,66.8 1 0
github.com/gatekey-project/gatekey/internal/auth/oidc/provider.go:70.34,72.2 1 1
github.com/gatekey-project/gatekey/internal/auth/oidc/provider.go:75.34,77.2 1 1
github.com/gatekey-project/gatekey/internal/auth/oidc/provider.go:80.41,81.25 1 1
github.com/gatekey-project/gatekey/internal/auth/oidc/provider.go:81.25,83.3 1 1
github.com/gatekey-project/gatekey/internal/auth/oidc/provider.go:84.2,84.15 1 1
github.com/gatekey-project/gatekey/internal/auth/oidc/provider.go:88.59,90.2 1 0
github.com/gatekey-project/gatekey/internal/auth/oidc/provider.go:93.97,96.16 2 0
github.com/gatekey-project/gatekey/internal/auth/oidc/provider.go:96.16,98.3 1 0
github.com/gatekey-project/gatekey/internal/auth/oidc/provider.go:101.2,102.16 2 0
github.com/gatekey-project/gatekey/internal/auth/oidc/provider.go:102.16,104.3 1 0
github.com/gatekey-project/gatekey/internal/auth/oidc/provider.go:107.2,108.9 2 0
github.com/gatekey-project/gatekey/internal/auth/oidc/provider.go:108.9,110.3 1 0
github.com/gatekey-project/gatekey/internal/auth/oidc/provider.go:113.2,114.16 2 0
github.com/gatekey-project/gatekey/internal/auth/oidc/provider.go:114.16,116.3 1 0
github.com/gatekey-project/gatekey/internal/auth/oidc/provider.go:119.2,120.48 2 0
github.com/gatekey-project/gatekey/internal/auth/oidc/provider.go:120.48,122.3 1 0
github.com/gatekey-project/gatekey/internal/auth/oidc/provider.go:125.2,132.55 2 0
github.com/gatekey-project/gatekey/internal/auth/oidc/provider.go:132.55,133.43 1 0
github.com/gatekey-project/gatekey/internal/auth/oidc/provider.go:133.43,135.4 1 0
github.com/gatekey-project/gatekey/internal/auth/oidc/provider.go:139.2,139.53 1 0
github.com/gatekey-project/gatekey/internal/auth/oidc/provider.go:139.53,140.41 1 0
github.com/gatekey-project/gatekey/internal/auth/oidc/provider.go:140.41,142.4 1 0
github.com/gatekey-project/gatekey/internal/auth/oidc/provider.go:146.2,146.57 1 0
github.com/gatekey-project/gatekey/internal/auth/oidc/provider.go:146.57,148.3 1 0
github.com/gatekey-project/gatekey/internal/auth/oidc/provider.go:150.2,150.22 1 0
github.com/gatekey-project/gatekey/internal/auth/oidc/provider.go:154.48,155.27 1 1
github.com/gatekey-project/gatekey/internal/auth/oidc/provider.go:156.21,158.23 2 1
github.com/gatekey-project/gatekey/internal/auth/oidc/provider.go:158.23,159.31 1 1
github.com/gatekey-project/gatekey/internal/auth/oidc/provider.go:159.31,161.5 1 1
github.com/gatekey-project/gatekey/internal/auth/oidc/provider.go:163.3,163.16 1 1
github.com/gatekey-project/gatekey/internal/auth/oidc/provider.go:164.16,165.11 1 1
github.com/gatekey-project/gatekey/internal/auth/oidc/provider.go:166.14,169.60 2 1
github.com/gatekey-project/gatekey/internal/auth/oidc/provider.go:169.60,171.4 1 1
github.com/gatekey-project/gatekey/internal/auth/oidc/provider.go:172.3,172.21 1 1
github.com/gatekey-project/gatekey/internal/auth/oidc/provider.go:173.10,174.13 1 1
github.com/gatekey-project/gatekey/internal/auth/local.go:45.48,53.2 1 0
github.com/gatekey-project/gatekey/internal/auth/local.go:56.94,60.44 3 0
github.com/gatekey-project/gatekey/internal/auth/local.go:60.44,62.3 1 0
github.com/gatekey-project/gatekey/internal/auth/local.go:64.2,65.16 2 0
github.com/gatekey-project/gatekey/internal/auth/local.go:65.16,67.3 1 0
github.com/gatekey-project/gatekey/internal/auth/local.go:69.2,77.12 2 0
github.com/gatekey-project/gatekey/internal/auth/local.go:81.89,86.13 4 0
github.com/gatekey-project/gatekey/internal/auth/local.go:86.13,90.3 2 0
github.com/gatekey-project/gatekey/internal/auth/local.go:92.2,92.52 1 0
github.com/gatekey-project/gatekey/internal/auth/local.go:92.52,94.3 1 0
github.com/gatekey-project/gatekey/internal/auth/local.go:97.2,101.18 4 0
github.com/gatekey-project/gatekey/internal/auth/local.go:105.74,110.13 4 0
github.com/gatekey-project/gatekey/internal/auth/local.go:110.13,112.3 1 0
github.com/gatekey-project/gatekey/internal/auth/local.go:114.2,114.18 1 0
github.com/gatekey-project/gatekey/internal/auth/local.go:118.80,123.13 4 0
github.com/gatekey-project/gatekey/internal/auth/local.go:123.13,125.3 1 0
github.com/gatekey-project/gatekey/internal/auth/local.go:127.2,128.16 2 0
github.com/gatekey-project/gatekey/internal/auth/local.go:128.16,130.3 1 0
github.com/gatekey-project/gatekey/internal/auth/local.go:132.2,133.12 2 0
github.com/gatekey-project/gatekey/internal/auth/local.go:137.63,141.45 3 0
github.com/gatekey-project/gatekey/internal/auth/local.go:141.45,143.3 1 0
github.com/gatekey-project/gatekey/internal/auth/local.go:145.2,146.12 2 0
github.com/gatekey-project/gatekey/internal/auth/local.go:150.54,155.28 4 0
github.com/gatekey-project/gatekey/internal/auth/local.go:155.28,157.3 1 0
github.com/gatekey-project/gatekey/internal/auth/local.go:158.2,158.14 1 0
github.com/gatekey-project/gatekey/internal/auth/local.go:162.45,166.2 3 0
github.com/gatekey-project/gatekey/internal/auth/local.go:169.75,171.43 2 0
github.com/gatekey-project/gatekey/internal/auth/local.go:171.43,173.3 1 0
github.com/gatekey-project/gatekey/internal/auth/local.go:175.2,182.70 4 0
github.com/gatekey-project/gatekey/internal/auth/local.go:186.79,188.21 2 0
github.com/gatekey-project/gatekey/internal/auth/local.go:188.21,190.3 1 0
github.com/gatekey-project/gatekey/internal/auth/local.go:192.2,197.16 5 0
github.com/gatekey-project/gatekey/internal/auth/local.go:197.16,199.3 1 0
github.com/gatekey-project/gatekey/internal/auth/local.go:201.2,202.16 2 0
github.com/gatekey-project/gatekey/internal/auth/local.go:202.16,204.3 1 0
github.com/gatekey-project/gatekey/internal/auth/local.go:206.2,207.16 2 0
github.com/gatekey-project/gatekey/internal/auth/local.go:207.16,209.3 1 0
github.com/gatekey-project/gatekey/internal/auth/local.go:211.2,212.16 2 0
github.com/gatekey-project/gatekey/internal/auth/local.go:212.16,214.3 1 0
github.com/gatekey-project/gatekey/internal/auth/local.go:216.2,218.60 2 0
github.com/gatekey-project/gatekey/internal/auth/local.go:223.63,224.18 1 0
github.com/gatekey-project/gatekey/internal/auth/local.go:224.18,226.3 1 0
github.com/gatekey-project/gatekey/internal/auth/local.go:229.2,234.16 5 0
github.com/gatekey-project/gatekey/internal/auth/local.go:234.16,236.3 1 0
github.com/gatekey-project/gatekey/internal/auth/local.go:238.2,238.23 1 0
github.com/gatekey-project/gatekey/internal/auth/middleware.go:35.69,40.2 1 1
github.com/gatekey-project/gatekey/internal/auth/middleware.go:43.60,45.2 1 0
github.com/gatekey-project/gatekey/internal/auth/middleware.go:48.52,49.30 1 1
github.com/gatekey-project/gatekey/internal/auth/middleware.go:49.30,51.17 2 1
github.com/gatekey-project/gatekey/internal/auth/middleware.go:51.17,56.4 2 0
github.com/gatekey-project/gatekey/internal/auth/middleware.go:58.3,58.36 1 1
github.com/gatekey-project/gatekey/internal/auth/middleware.go:58.36,63.4 2 1
github.com/gatekey-project/gatekey/internal/auth/middleware.go:66.3,68.11 3 0
github.com/gatekey-project/gatekey/internal/auth/middleware.go:73.53,74.30 1 1
github.com/gatekey-project/gatekey/internal/auth/middleware.go:74.30,76.17 2 1
github.com/gatekey-project/gatekey/internal/auth/middleware.go:76.17,81.4 2 0
github.com/gatekey-project/gatekey/internal/auth/middleware.go:83.3,83.36 1 1
github.com/gatekey-project/gatekey/internal/auth/middleware.go:83.36,88.4 2 1
github.com/gatekey-project/gatekey/internal/auth/middleware.go:90.3,90.20 1 0
github.com/gatekey-project/gatekey/internal/auth/middleware.go:90.20,95.4 2 0
github.com/gatekey-project/gatekey/internal/auth/middleware.go:97.3,99.11 3 0
github.com/gatekey-project/gatekey/internal/auth/middleware.go:104.53,105.30 1 1
github.com/gatekey-project/gatekey/internal/auth/middleware.go:105.30,107.17 2 1
github.com/gatekey-project/gatekey/internal/auth/middleware.go:107.17,111.4 2 0
github.com/gatekey-project/gatekey/internal/auth/middleware.go:113.3,113.36 1 1
github.com/gatekey-project/gatekey/internal/auth/middleware.go:113.36,116.4 2 0
github.com/gatekey-project/gatekey/internal/auth/middleware.go:117.3,117.11 1 1
github.com/gatekey-project/gatekey/internal/auth/middleware.go:122.103,124.17 2 1
github.com/gatekey-project/gatekey/internal/auth/middleware.go:124.17,126.3 1 1
github.com/gatekey-project/gatekey/internal/auth/middleware.go:128.2,128.62 1 0
github.com/gatekey-project/gatekey/internal/auth/middleware.go:132.58,135.2 2 1
github.com/gatekey-project/gatekey/internal/auth/middleware.go:138.89,141.22 2 1
github.com/gatekey-project/gatekey/internal/auth/middleware.go:141.22,142.47 1 1
github.com/gatekey-project/gatekey/internal/auth/middleware.go:142.47,145.39 2 1
github.com/gatekey-project/gatekey/internal/auth/middleware.go:145.39,147.5 1 1
github.com/gatekey-project/gatekey/internal/auth/middleware.go:148.4,148.23 1 1
github.com/gatekey-project/gatekey/internal/auth/middleware.go:153.2,154.32 2 1
github.com/gatekey-project/gatekey/internal/auth/middleware.go:154.32,156.3 1 1
github.com/gatekey-project/gatekey/internal/auth/middleware.go:158.2,158.18 1 1
github.com/gatekey-project/gatekey/internal/auth/middleware.go:162.60,163.30 1 1
github.com/gatekey-project/gatekey/internal/auth/middleware.go:163.30,165.18 2 1
github.com/gatekey-project/gatekey/internal/auth/middleware.go:165.18,170.4 2 1
github.com/gatekey-project/gatekey/internal/auth/middleware.go:172.3,172.15 1 1
github.com/gatekey-project/gatekey/internal/auth/middleware.go:172.15,174.28 1 1
github.com/gatekey-project/gatekey/internal/auth/middleware.go:174.28,179.5 2 1
github.com/gatekey-project/gatekey/internal/auth/middleware.go:181.4,183.18 3 0
github.com/gatekey-project/gatekey/internal/auth/middleware.go:183.18,184.35 1 0
github.com/gatekey-project/gatekey/internal/auth/middleware.go:184.35,189.6 2 0
github.com/gatekey-project/gatekey/internal/auth/middleware.go:190.5,190.35 1 0
github.com/gatekey-project/gatekey/internal/auth/middleware.go:190.35,195.6 2 0
github.com/gatekey-project/gatekey/internal/auth/middleware.go:196.5,199.11 2 0
github.com/gatekey-project/gatekey/internal/auth/middleware.go:201.4,201.39 1 0
github.com/gatekey-project/gatekey/internal/auth/middleware.go:201.39,206.5 2 0
github.com/gatekey-project/gatekey/internal/auth/middleware.go:209.4,209.14 1 0
github.com/gatekey-project/gatekey/internal/auth/middleware.go:209.14,212.5 2 0
github.com/gatekey-project/gatekey/internal/auth/middleware.go:215.4,227.42 5 0
github.com/gatekey-project/gatekey/internal/auth/middleware.go:228.9,231.18 2 0
github.com/gatekey-project/gatekey/internal/auth/middleware.go:231.18,236.5 2 0
github.com/gatekey-project/gatekey/internal/auth/middleware.go:237.4,237.37 1 0
github.com/gatekey-project/gatekey/internal/auth/middleware.go:237.37,242.5 2 0
github.com/gatekey-project/gatekey/internal/auth/middleware.go:244.4,247.42 3 0
github.com/gatekey-project/gatekey/internal/auth/middleware.go:250.3,250.11 1 0
github.com/gatekey-project/gatekey/internal/auth/middleware.go:255.61,256.30 1 0
github.com/gatekey-project/gatekey/internal/auth/middleware.go:256.30,258.18 2 0
github.com/gatekey-project/gatekey/internal/auth/middleware.go:258.18,263.4 2 0
github.com/gatekey-project/gatekey/internal/auth/middleware.go:265.3,265.15 1 0
github.com/gatekey-project/gatekey/internal/auth/middleware.go:265.15,267.28 1 0
github.com/gatekey-project/gatekey/internal/auth/middleware.go:267.28,272.5 2 0
github.com/gatekey-project/gatekey/internal/auth/middleware.go:274.4,276.18 3 0
github.com/gatekey-project/gatekey/internal/auth/middleware.go:276.18,277.35 1 0
github.com/gatekey-project/gatekey/internal/auth/middleware.go:277.35,282.6 2 0
github.com/gatekey-project/gatekey/internal/auth/middleware.go:283.5,283.35 1 0
github.com/gatekey-project/gatekey/internal/auth/middleware.go:283.35,288.6 2 0
github.com/gatekey-project/gatekey/internal/auth/middleware.go:289.5,292.11 2 0
github.com/gatekey-project/gatekey/internal/auth/middleware.go:294.4,294.39 1 0
github.com/gatekey-project/gatekey/internal/auth/middleware.go:294.39,299.5 2 0
github.com/gatekey-project/gatekey/internal/auth/middleware.go:301.4,301.24 1 0
github.com/gatekey-project/gatekey/internal/auth/middleware.go:301.24,306.5 2 0
github.com/gatekey-project/gatekey/internal/auth/middleware.go:309.4,309.14 1 0
github.com/gatekey-project/gatekey/internal/auth/middleware.go:309.14,312.5 2 0
github.com/gatekey-project/gatekey/internal/auth/middleware.go:315.4,327.42 5 0
github.com/gatekey-project/gatekey/internal/auth/middleware.go:328.9,331.18 2 0
github.com/gatekey-project/gatekey/internal/auth/middleware.go:331.18,336.5 2 0
github.com/gatekey-project/gatekey/internal/auth/middleware.go:337.4,337.37 1 0
github.com/gatekey-project/gatekey/internal/auth/middleware.go:337.37,342.5 2 0
github.com/gatekey-project/gatekey/internal/auth/middleware.go:344.4,344.21 1 0
github.com/gatekey-project/gatekey/internal/auth/middleware.go:344.21,349.5 2 0
github.com/gatekey-project/gatekey/internal/auth/middleware.go:351.4,353.42 3 0
github.com/gatekey-project/gatekey/internal/auth/middleware.go:356.3,356.11 1 0
github.com/gatekey-project/gatekey/internal/auth/middleware.go:361.43,362.43 1 1
github.com/gatekey-project/gatekey/internal/auth/middleware.go:362.43,363.39 1 1
github.com/gatekey-project/gatekey/internal/auth/middleware.go:363.39,365.4 1 1
github.com/gatekey-project/gatekey/internal/auth/middleware.go:367.2,367.12 1 1
github.com/gatekey-project/gatekey/internal/auth/middleware.go:371.49,372.49 1 0
github.com/gatekey-project/gatekey/internal/auth/middleware.go:372.49,373.45 1 0
github.com/gatekey-project/gatekey/internal/auth/middleware.go:373.45,375.4 1 0
github.com/gatekey-project/gatekey/internal/auth/middleware.go:377.2,377.12 1 0
github.com/gatekey-project/gatekey/internal/auth/middleware.go:381.43,382.47 1 0
github.com/gatekey-project/gatekey/internal/auth/middleware.go:382.47,383.39 1 0
github.com/gatekey-project/gatekey/internal/auth/middleware.go:383.39,385.4 1 0
github.com/gatekey-project/gatekey/internal/auth/middleware.go:387.2,387.12 1 0
github.com/gatekey-project/gatekey/internal/auth/middleware.go:391.41,392.47 1 1
github.com/gatekey-project/gatekey/internal/auth/middleware.go:392.47,393.37 1 1
github.com/gatekey-project/gatekey/internal/auth/middleware.go:393.37,395.4 1 1
github.com/gatekey-project/gatekey/internal/auth/middleware.go:397.2,397.12 1 1
github.com/gatekey-project/gatekey/internal/auth/middleware.go:401.50,403.19 2 1
github.com/gatekey-project/gatekey/internal/auth/middleware.go:403.19,405.3 1 1
github.com/gatekey-project/gatekey/internal/auth/middleware.go:406.2,406.27 1 1
github.com/gatekey-project/gatekey/internal/auth/middleware.go:406.27,407.29 1 1
github.com/gatekey-project/gatekey/internal/auth/middleware.go:407.29,409.4 1 1
github.com/gatekey-project/gatekey/internal/auth/middleware.go:411.2,411.14 1 1
github.com/gatekey-project/gatekey/internal/auth/middleware.go:420.93,424.2 1 0
github.com/gatekey-project/gatekey/internal/auth/middleware.go:427.70,428.30 1 0
github.com/gatekey-project/gatekey/internal/auth/middleware.go:428.30,431.18 2 0
github.com/gatekey-project/gatekey/internal/auth/middleware.go:431.18,434.49 2 0
github.com/gatekey-project/gatekey/internal/auth/middleware.go:434.49,436.5 1 0
github.com/gatekey-project/gatekey/internal/auth/middleware.go:439.3,439.18 1 0
github.com/gatekey-project/gatekey/internal/auth/middleware.go:439.18,444.4 2 0
github.com/gatekey-project/gatekey/internal/auth/middleware.go:447.3,449.17 3 0
github.com/gatekey-project/gatekey/internal/auth/middleware.go:449.17,454.4 2 0
github.com/gatekey-project/gatekey/internal/auth/middleware.go:456.3,456.21 1 0
github.com/gatekey-project/gatekey/internal/auth/middleware.go:456.21,461.4 2 0
github.com/gatekey-project/gatekey/internal/auth/middleware.go:464.3,465.11 2 0
github.com/gatekey-project/gatekey/internal/auth/middleware.go:470.49,471.41 1 0
github.com/gatekey-project/gatekey/internal/auth/middleware.go:471.41,472.45 1 0
github.com/gatekey-project/gatekey/internal/auth/middleware.go:472.45,474.4 1 0
github.com/gatekey-project/gatekey/internal/auth/middleware.go:476.2,476.12 1 0
github.com/gatekey-project/gatekey/internal/auth/provider.go:57.122,64.2 1 1
github.com/gatekey-project/gatekey/internal/auth/provider.go:67.48,70.2 2 1
github.com/gatekey-project/gatekey/internal/auth/provider.go:73.76,76.9 3 1
github.com/gatekey-project/gatekey/internal/auth/provider.go:76.9,78.3 1 1
github.com/gatekey-project/gatekey/internal/auth/provider.go:79.2,79.15 1 1
github.com/gatekey-project/gatekey/internal/auth/provider.go:83.50,85.32 2 1
github.com/gatekey-project/gatekey/internal/auth/provider.go:85.32,91.3 1 1
github.com/gatekey-project/gatekey/internal/auth/provider.go:92.2,92.18 1 1
github.com/gatekey-project/gatekey/internal/auth/provider.go:103.136,117.53 4 0
github.com/gatekey-project/gatekey/internal/auth/provider.go:117.53,119.3 1 0
github.com/gatekey-project/gatekey/internal/auth/provider.go:122.2,123.16 2 0
github.com/gatekey-project/gatekey/internal/auth/provider.go:123.16,125.3 1 0
github.com/gatekey-project/gatekey/internal/auth/provider.go:128.2,139.59 3 0
github.com/gatekey-project/gatekey/internal/auth/provider.go:139.59,141.3 1 0
github.com/gatekey-project/gatekey/internal/auth/provider.go:143.2,143.31 1 0
github.com/gatekey-project/gatekey/internal/auth/provider.go:147.112,151.16 3 0
github.com/gatekey-project/gatekey/internal/auth/provider.go:151.16,153.3 1 0
github.com/gatekey-project/gatekey/internal/auth/provider.go:154.2,154.20 1 0
github.com/gatekey-project/gatekey/internal/auth/provider.go:154.20,156.3 1 0
github.com/gatekey-project/gatekey/internal/auth/provider.go:158.2,159.16 2 0
github.com/gatekey-project/gatekey/internal/auth/provider.go:159.16,161.3 1 0
github.com/gatekey-project/gatekey/internal/auth/provider.go:162.2,162.35 1 0
github.com/gatekey-project/gatekey/internal/auth/provider.go:162.35,164.3 1 0
github.com/gatekey-project/gatekey/internal/auth/provider.go:166.2,166.27 1 0
github.com/gatekey-project/gatekey/internal/auth/provider.go:170.81,172.2 1 0
github.com/gatekey-project/gatekey/internal/auth/provider.go:175.86,177.2 1 0
github.com/gatekey-project/gatekey/internal/auth/provider.go:180.38,182.2 1 1
github.com/gatekey-project/gatekey/internal/auth/provider.go:185.54,187.44 2 1
github.com/gatekey-project/gatekey/internal/auth/provider.go:187.44,189.3 1 0
github.com/gatekey-project/gatekey/internal/auth/provider.go:190.2,190.54 1 1
github.com/gatekey-project/gatekey/internal/auth/provider.go:194.37,197.2 2 1
github.com/gatekey-project/gatekey/internal/auth/saml/provider.go:34.83,37.16 2 0
github.com/gatekey-project/gatekey/internal/auth/saml/provider.go:37.16,39.3 1 0
github.com/gatekey-project/gatekey/internal/auth/saml/provider.go:41.2,42.16 2 0
github.com/gatekey-project/gatekey/internal/auth/saml/provider.go:42.16,44.3 1 0
github.com/gatekey-project/gatekey/internal/auth/saml/provider.go:47.2,48.16 2 0
github.com/gatekey-project/gatekey/internal/auth/saml/provider.go:48.16,50.3 1 0
github.com/gatekey-project/gatekey/internal/auth/saml/provider.go:52.2,53.16 2 0
github.com/gatekey-project/gatekey/internal/auth/saml/provider.go:53.16,55.3 1 0
github.com/gatekey-project/gatekey/internal/auth/saml/provider.go:57.2,58.16 2 0
github.com/gatekey-project/gatekey/internal/auth/saml/provider.go:58.16,60.3 1 0
github.com/gatekey-project/gatekey/internal/auth/saml/provider.go:62.2,77.35 3 0
github.com/gatekey-project/gatekey/internal/auth/saml/provider.go:77.35,79.3 1 0
github.com/gatekey-project/gatekey/internal/auth/saml/provider.go:81.2,87.8 1 0
github.com/gatekey-project/gatekey/internal/auth/saml/provider.go:91.34,93.2 1 1
github.com/gatekey-project/gatekey/internal/auth/saml/provider.go:96.34,98.2 1 1
github.com/gatekey-project/gatekey/internal/auth/saml/provider.go:101.41,102.25 1 1
github.com/gatekey-project/gatekey/internal/auth/saml/provider.go:102.25,104.3 1 1
github.com/gatekey-project/gatekey/internal/auth/saml/provider.go:105.2,105.15 1 1
github.com/gatekey-project/gatekey/internal/auth/saml/provider.go:109.59,115.16 2 0
github.com/gatekey-project/gatekey/internal/auth/saml/provider.go:115.16,117.3 1 0
github.com/gatekey-project/gatekey/internal/auth/saml/provider.go:120.2,121.16 2 0
github.com/gatekey-project/gatekey/internal/auth/saml/provider.go:121.16,123.3 1 0
github.com/gatekey-project/gatekey/internal/auth/saml/provider.go:125.2,125.34 1 0
github.com/gatekey-project/gatekey/internal/auth/saml/provider.go:129.97,130.38 1 0
github.com/gatekey-project/gatekey/internal/auth/saml/provider.go:130.38,132.3 1 0
github.com/gatekey-project/gatekey/internal/auth/saml/provider.go:134.2,135.24 2 0
github.com/gatekey-project/gatekey/internal/auth/saml/provider.go:135.24,137.3 1 0
github.com/gatekey-project/gatekey/internal/auth/saml/provider.go:140.2,141.16 2 0
github.com/gatekey-project/gatekey/internal/auth/saml/provider.go:141.16,143.3 1 0
github.com/gatekey-project/gatekey/internal/auth/saml/provider.go:145.2,146.16 2 0
github.com/gatekey-project/gatekey/internal/auth/saml/provider.go:146.16,148.3 1 0
github.com/gatekey-project/gatekey/internal/auth/saml/provider.go:150.2,159.65 3 0
github.com/gatekey-project/gatekey/internal/auth/saml/provider.go:159.65,161.3 1 0
github.com/gatekey-project/gatekey/internal/auth/saml/provider.go:164.2,164.53 1 0
github.com/gatekey-project/gatekey/internal/auth/saml/provider.go:164.53,165.40 1 0
github.com/gatekey-project/gatekey/internal/auth/saml/provider.go:165.40,166.28 1 0
github.com/gatekey-project/gatekey/internal/auth/saml/provider.go:166.28,167.30 1 0
github.com/gatekey-project/gatekey/internal/auth/saml/provider.go:167.30,169.6 1 0
github.com/gatekey-project/gatekey/internal/auth/saml/provider.go:169.11,171.36 2 0
github.com/gatekey-project/gatekey/internal/auth/saml/provider.go:171.36,173.7 1 0
github.com/gatekey-project/gatekey/internal/auth/saml/provider.go:174.6,174.45 1 0
github.com/gatekey-project/gatekey/internal/auth/saml/provider.go:181.2,181.59 1 0
github.com/gatekey-project/gatekey/internal/auth/saml/provider.go:181.59,182.63 1 0
github.com/gatekey-project/gatekey/internal/auth/saml/provider.go:182.63,184.4 1 0
github.com/gatekey-project/gatekey/internal/auth/saml/provider.go:188.2,188.56 1 0
github.com/gatekey-project/gatekey/internal/auth/saml/provider.go:188.56,189.61 1 0
github.com/gatekey-project/gatekey/internal/auth/saml/provider.go:189.61,191.4 1 0
github.com/gatekey-project/gatekey/internal/auth/saml/provider.go:195.2,195.62 1 0
github.com/gatekey-project/gatekey/internal/auth/saml/provider.go:195.62,196.54 1 0
github.com/gatekey-project/gatekey/internal/auth/saml/provider.go:197.17,198.23 1 0
github.com/gatekey-project/gatekey/internal/auth/saml/provider.go:199.15,200.33 1 0
github.com/gatekey-project/gatekey/internal/auth/saml/provider.go:204.2,204.22 1 0
github.com/gatekey-project/gatekey/internal/auth/saml/provider.go:208.47,211.2 2 0
github.com/gatekey-project/gatekey/internal/auth/saml/provider.go:214.94,215.89 1 1
github.com/gatekey-project/gatekey/internal/auth/saml/provider.go:215.89,218.17 2 0
github.com/gatekey-project/gatekey/internal/auth/saml/provider.go:218.17,220.4 1 0
github.com/gatekey-project/gatekey/internal/auth/saml/provider.go:221.3,221.72 1 0
github.com/gatekey-project/gatekey/internal/auth/saml/provider.go:225.2,226.16 2 1
github.com/gatekey-project/gatekey/internal/auth/saml/provider.go:226.16,228.3 1 1
github.com/gatekey-project/gatekey/internal/auth/saml/provider.go:230.2,231.54 2 1
github.com/gatekey-project/gatekey/internal/auth/saml/provider.go:231.54,234.55 2 1
github.com/gatekey-project/gatekey/internal/auth/saml/provider.go:234.55,236.4 1 1
github.com/gatekey-project/gatekey/internal/auth/saml/provider.go:237.3,237.43 1 1
github.com/gatekey-project/gatekey/internal/auth/saml/provider.go:237.43,239.4 1 1
github.com/gatekey-project/gatekey/internal/auth/saml/provider.go:240.3,240.44 1 1
github.com/gatekey-project/gatekey/internal/auth/saml/provider.go:243.2,243.22 1 1
github.com/gatekey-project/gatekey/internal/config/config.go:143.47,150.22 3 1
github.com/gatekey-project/gatekey/internal/config/config.go:150.22,152.42 2 1
github.com/gatekey-project/gatekey/internal/config/config.go:152.42,154.4 1 1
github.com/gatekey-project/gatekey/internal/config/config.go:158.2,163.34 4 1
github.com/gatekey-project/gatekey/internal/config/config.go:163.34,165.66 2 1
github.com/gatekey-project/gatekey/internal/config/config.go:165.66,168.4 2 1
github.com/gatekey-project/gatekey/internal/config/config.go:171.2,172.42 2 1
github.com/gatekey-project/gatekey/internal/config/config.go:172.42,174.3 1 0
github.com/gatekey-project/gatekey/internal/config/config.go:176.2,176.39 1 1
github.com/gatekey-project/gatekey/internal/config/config.go:176.39,178.3 1 1
github.com/gatekey-project/gatekey/internal/config/config.go:180.2,180.18 1 1
github.com/gatekey-project/gatekey/internal/config/config.go:184.34,228.2 26 1
github.com/gatekey-project/gatekey/internal/config/config.go:231.35,232.26 1 1
github.com/gatekey-project/gatekey/internal/config/config.go:232.26,234.3 1 1
github.com/gatekey-project/gatekey/internal/config/config.go:236.2,236.60 1 1
github.com/gatekey-project/gatekey/internal/config/config.go:236.60,238.3 1 1
github.com/gatekey-project/gatekey/internal/config/config.go:240.2,240.60 1 1
github.com/gatekey-project/gatekey/internal/config/config.go:240.60,242.3 1 1
github.com/gatekey-project/gatekey/internal/config/config.go:244.2,250.45 2 1
github.com/gatekey-project/gatekey/internal/config/config.go:250.45,252.3 1 1
github.com/gatekey-project/gatekey/internal/config/config.go:254.2,254.12 1 1
github.com/gatekey-project/gatekey/internal/wireguard/config.go:107.43,109.3 1 1
github.com/gatekey-project/gatekey/internal/wireguard/config.go:113.78,115.16 2 1
github.com/gatekey-project/gatekey/internal/wireguard/config.go:115.16,117.3 1 0
github.com/gatekey-project/gatekey/internal/wireguard/config.go:120.2,120.30 1 1
github.com/gatekey-project/gatekey/internal/wireguard/config.go:120.30,122.3 1 1
github.com/gatekey-project/gatekey/internal/wireguard/config.go:124.2,133.49 3 1
github.com/gatekey-project/gatekey/internal/wireguard/config.go:133.49,135.3 1 0
github.com/gatekey-project/gatekey/internal/wireguard/config.go:137.2,145.8 2 1
github.com/gatekey-project/gatekey/internal/wireguard/config.go:149.88,151.16 2 1
github.com/gatekey-project/gatekey/internal/wireguard/config.go:151.16,153.3 1 0
github.com/gatekey-project/gatekey/internal/wireguard/config.go:155.2,166.49 3 1
github.com/gatekey-project/gatekey/internal/wireguard/config.go:166.49,168.3 1 0
github.com/gatekey-project/gatekey/internal/wireguard/config.go:170.2,170.25 1 1
github.com/gatekey-project/gatekey/internal/wireguard/config.go:174.43,189.2 2 1
github.com/gatekey-project/gatekey/internal/wireguard/interface.go:47.77,52.2 1 0
github.com/gatekey-project/gatekey/internal/wireguard/interface.go:55.85,58.47 2 0
github.com/gatekey-project/gatekey/internal/wireguard/interface.go:58.47,60.3 1 0
github.com/gatekey-project/gatekey/internal/wireguard/interface.go:63.2,63.45 1 0
github.com/gatekey-project/gatekey/internal/wireguard/interface.go:63.45,67.3 2 0
github.com/gatekey-project/gatekey/internal/wireguard/interface.go:70.2,70.45 1 0
github.com/gatekey-project/gatekey/internal/wireguard/interface.go:70.45,73.3 2 0
github.com/gatekey-project/gatekey/internal/wireguard/interface.go:76.2,76.42 1 0
github.com/gatekey-project/gatekey/internal/wireguard/interface.go:76.42,79.3 2 0
github.com/gatekey-project/gatekey/internal/wireguard/interface.go:82.2,82.39 1 0
github.com/gatekey-project/gatekey/internal/wireguard/interface.go:82.39,85.3 2 0
github.com/gatekey-project/gatekey/internal/wireguard/interface.go:87.2,87.12 1 0
github.com/gatekey-project/gatekey/internal/wireguard/interface.go:91.64,93.34 2 0
github.com/gatekey-project/gatekey/internal/wireguard/interface.go:93.34,95.59 1 0
github.com/gatekey-project/gatekey/internal/wireguard/interface.go:95.59,97.4 1 0
github.com/gatekey-project/gatekey/internal/wireguard/interface.go:99.2,99.12 1 0
github.com/gatekey-project/gatekey/internal/wireguard/interface.go:103.71,106.22 2 0
github.com/gatekey-project/gatekey/internal/wireguard/interface.go:106.22,108.41 1 0
github.com/gatekey-project/gatekey/internal/wireguard/interface.go:108.41,110.4 1 0
github.com/gatekey-project/gatekey/internal/wireguard/interface.go:114.2,116.16 3 0
github.com/gatekey-project/gatekey/internal/wireguard/interface.go:116.16,118.3 1 0
github.com/gatekey-project/gatekey/internal/wireguard/interface.go:121.2,122.108 2 0
github.com/gatekey-project/gatekey/internal/wireguard/interface.go:122.108,127.17 3 0
github.com/gatekey-project/gatekey/internal/wireguard/interface.go:127.17,129.4 1 0
github.com/gatekey-project/gatekey/internal/wireguard/interface.go:132.3,133.60 2 0
github.com/gatekey-project/gatekey/internal/wireguard/interface.go:133.60,135.4 1 0
github.com/gatekey-project/gatekey/internal/wireguard/interface.go:138.3,138.27 1 0
github.com/gatekey-project/gatekey/internal/wireguard/interface.go:138.27,140.24 2 0
github.com/gatekey-project/gatekey/internal/wireguard/interface.go:140.24,143.5 2 0
github.com/gatekey-project/gatekey/internal/wireguard/interface.go:144.4,144.11 1 0
github.com/gatekey-project/gatekey/internal/wireguard/interface.go:145.22,146.21 1 0
github.com/gatekey-project/gatekey/internal/wireguard/interface.go:147.46,147.46 0 0
github.com/gatekey-project/gatekey/internal/wireguard/interface.go:150.3,150.81 1 0
github.com/gatekey-project/gatekey/internal/wireguard/interface.go:153.2,153.65 1 0
github.com/gatekey-project/gatekey/internal/wireguard/interface.go:157.69,160.16 2 0
github.com/gatekey-project/gatekey/internal/wireguard/interface.go:160.16,162.3 1 0
github.com/gatekey-project/gatekey/internal/wireguard/interface.go:163.2,166.68 3 0
github.com/gatekey-project/gatekey/internal/wireguard/interface.go:166.68,168.3 1 0
github.com/gatekey-project/gatekey/internal/wireguard/interface.go:169.2,172.53 3 0
github.com/gatekey-project/gatekey/internal/wireguard/interface.go:172.53,174.3 1 0
github.com/gatekey-project/gatekey/internal/wireguard/interface.go:175.2,175.12 1 0
github.com/gatekey-project/gatekey/internal/wireguard/interface.go:179.69,181.53 2 0
github.com/gatekey-project/gatekey/internal/wireguard/interface.go:181.53,183.3 1 0
github.com/gatekey-project/gatekey/internal/wireguard/interface.go:184.2,184.12 1 0
github.com/gatekey-project/gatekey/internal/wireguard/interface.go:188.66,190.53 2 0
github.com/gatekey-project/gatekey/internal/wireguard/interface.go:190.53,192.55 1 0
github.com/gatekey-project/gatekey/internal/wireguard/interface.go:192.55,194.4 1 0
github.com/gatekey-project/gatekey/internal/wireguard/interface.go:196.2,196.12 1 0
github.com/gatekey-project/gatekey/internal/wireguard/interface.go:200.63,202.53 2 0
github.com/gatekey-project/gatekey/internal/wireguard/interface.go:202.53,204.3 1 0
github.com/gatekey-project/gatekey/internal/wireguard/interface.go:205.2,205.12 1 0
github.com/gatekey-project/gatekey/internal/wireguard/interface.go:209.83,212.16 3 0
github.com/gatekey-project/gatekey/internal/wireguard/interface.go:212.16,214.3 1 0
github.com/gatekey-project/gatekey/internal/wireguard/interface.go:216.2,216.40 1 0
github.com/gatekey-project/gatekey/internal/wireguard/interface.go:223.62,225.21 2 0
github.com/gatekey-project/gatekey/internal/wireguard/interface.go:225.21,227.3 1 0
github.com/gatekey-project/gatekey/internal/wireguard/interface.go:229.2,233.26 3 0
github.com/gatekey-project/gatekey/internal/wireguard/interface.go:233.26,236.3 2 0
github.com/gatekey-project/gatekey/internal/wireguard/interface.go:239.2,239.33 1 0
github.com/gatekey-project/gatekey/internal/wireguard/interface.go:239.33,241.21 2 0
github.com/gatekey-project/gatekey/internal/wireguard/interface.go:241.21,242.12 1 0
github.com/gatekey-project/gatekey/internal/wireguard/interface.go:245.3,250.27 2 0
github.com/gatekey-project/gatekey/internal/wireguard/interface.go:250.27,252.4 1 0
github.com/gatekey-project/gatekey/internal/wireguard/interface.go:254.3,259.42 5 0
github.com/gatekey-project/gatekey/internal/wireguard/interface.go:262.2,262.19 1 0
github.com/gatekey-project/gatekey/internal/wireguard/interface.go:266.68,269.2 2 0
github.com/gatekey-project/gatekey/internal/wireguard/interface.go:272.80,277.29 3 0
github.com/gatekey-project/gatekey/internal/wireguard/interface.go:277.29,281.17 3 0
github.com/gatekey-project/gatekey/internal/wireguard/interface.go:281.17,283.4 1 0
github.com/gatekey-project/gatekey/internal/wireguard/interface.go:284.3,285.70 2 0
github.com/gatekey-project/gatekey/internal/wireguard/interface.go:285.70,288.4 2 0
github.com/gatekey-project/gatekey/internal/wireguard/interface.go:289.3,290.58 2 0
github.com/gatekey-project/gatekey/internal/wireguard/interface.go:294.2,294.25 1 0
github.com/gatekey-project/gatekey/internal/wireguard/interface.go:294.25,296.3 1 0
github.com/gatekey-project/gatekey/internal/wireguard/interface.go:299.2,299.30 1 0
github.com/gatekey-project/gatekey/internal/wireguard/interface.go:299.30,301.3 1 0
github.com/gatekey-project/gatekey/internal/wireguard/interface.go:304.2,304.34 1 0
github.com/gatekey-project/gatekey/internal/wireguard/interface.go:304.34,306.3 1 0
github.com/gatekey-project/gatekey/internal/wireguard/interface.go:308.2,309.53 2 0
github.com/gatekey-project/gatekey/internal/wireguard/interface.go:309.53,311.3 1 0
github.com/gatekey-project/gatekey/internal/wireguard/interface.go:313.2,313.21 1 0
github.com/gatekey-project/gatekey/internal/wireguard/interface.go:313.21,320.3 1 0
github.com/gatekey-project/gatekey/internal/wireguard/interface.go:322.2,322.12 1 0
github.com/gatekey-project/gatekey/internal/wireguard/interface.go:326.84,328.53 2 0
github.com/gatekey-project/gatekey/internal/wireguard/interface.go:328.53,330.3 1 0
github.com/gatekey-project/gatekey/internal/wireguard/interface.go:332.2,332.21 1 0
github.com/gatekey-project/gatekey/internal/wireguard/interface.go:332.21,336.3 1 0
github.com/gatekey-project/gatekey/internal/wireguard/interface.go:338.2,338.12 1 0
github.com/gatekey-project/gatekey/internal/wireguard/interface.go:342.45,344.2 1 0
github.com/gatekey-project/gatekey/internal/wireguard/interface.go:347.56,349.2 1 0
github.com/gatekey-project/gatekey/internal/wireguard/keys.go:20.42,23.49 2 1
github.com/gatekey-project/gatekey/internal/wireguard/keys.go:23.49,25.3 1 0
github.com/gatekey-project/gatekey/internal/wireguard/keys.go:29.2,35.16 5 1
github.com/gatekey-project/gatekey/internal/wireguard/keys.go:35.16,37.3 1 0
github.com/gatekey-project/gatekey/internal/wireguard/keys.go:39.2,42.8 1 1
github.com/gatekey-project/gatekey/internal/wireguard/keys.go:48.45,50.42 2 1
github.com/gatekey-project/gatekey/internal/wireguard/keys.go:50.42,52.3 1 0
github.com/gatekey-project/gatekey/internal/wireguard/keys.go:53.2,53.52 1 1
github.com/gatekey-project/gatekey/internal/wireguard/keys.go:57.36,59.16 2 1
github.com/gatekey-project/gatekey/internal/wireguard/keys.go:59.16,61.3 1 1
github.com/gatekey-project/gatekey/internal/wireguard/keys.go:62.2,62.24 1 1
github.com/gatekey-project/gatekey/internal/wireguard/keys.go:62.24,64.3 1 1
github.com/gatekey-project/gatekey/internal/wireguard/keys.go:65.2,65.12 1 1
github.com/gatekey-project/gatekey/internal/wireguard/keys.go:69.63,71.16 2 1
github.com/gatekey-project/gatekey/internal/wireguard/keys.go:71.16,73.3 1 1
github.com/gatekey-project/gatekey/internal/wireguard/keys.go:75.2,75.27 1 1
github.com/gatekey-project/gatekey/internal/wireguard/keys.go:75.27,77.3 1 1
github.com/gatekey-project/gatekey/internal/wireguard/keys.go:79.2,80.16 2 1
github.com/gatekey-project/gatekey/internal/wireguard/keys.go:80.16,82.3 1 0
github.com/gatekey-project/gatekey/internal/wireguard/keys.go:84.2,84.58 1 1
github.com/gatekey-project/gatekey/internal/wireguard/peer_manager.go:33.56,38.2 1 1
github.com/gatekey-project/gatekey/internal/wireguard/peer_manager.go:41.70,48.30 4 0
github.com/gatekey-project/gatekey/internal/wireguard/peer_manager.go:48.30,50.3 1 0
github.com/gatekey-project/gatekey/internal/wireguard/peer_manager.go:53.2,53.29 1 0
github.com/gatekey-project/gatekey/internal/wireguard/peer_manager.go:53.29,56.17 2 0
github.com/gatekey-project/gatekey/internal/wireguard/peer_manager.go:56.17,58.4 1 0
github.com/gatekey-project/gatekey/internal/wireguard/peer_manager.go:59.3,61.67 2 0
github.com/gatekey-project/gatekey/internal/wireguard/peer_manager.go:61.67,64.4 2 0
github.com/gatekey-project/gatekey/internal/wireguard/peer_manager.go:65.3,67.55 2 0
github.com/gatekey-project/gatekey/internal/wireguard/peer_manager.go:70.2,71.53 2 0
github.com/gatekey-project/gatekey/internal/wireguard/peer_manager.go:71.53,73.3 1 0
github.com/gatekey-project/gatekey/internal/wireguard/peer_manager.go:75.2,76.12 2 0
github.com/gatekey-project/gatekey/internal/wireguard/peer_manager.go:80.79,85.53 4 0
github.com/gatekey-project/gatekey/internal/wireguard/peer_manager.go:85.53,87.3 1 0
github.com/gatekey-project/gatekey/internal/wireguard/peer_manager.go:89.2,90.12 2 0
github.com/gatekey-project/gatekey/internal/wireguard/peer_manager.go:95.85,101.36 4 0
github.com/gatekey-project/gatekey/internal/wireguard/peer_manager.go:101.36,103.3 1 0
github.com/gatekey-project/gatekey/internal/wireguard/peer_manager.go:106.2,106.30 1 0
github.com/gatekey-project/gatekey/internal/wireguard/peer_manager.go:106.30,107.42 1 0
github.com/gatekey-project/gatekey/internal/wireguard/peer_manager.go:107.42,109.55 2 0
github.com/gatekey-project/gatekey/internal/wireguard/peer_manager.go:109.55,112.5 1 0
github.com/gatekey-project/gatekey/internal/wireguard/peer_manager.go:113.4,113.27 1 0
github.com/gatekey-project/gatekey/internal/wireguard/peer_manager.go:118.2,118.39 1 0
github.com/gatekey-project/gatekey/internal/wireguard/peer_manager.go:118.39,120.39 1 0
github.com/gatekey-project/gatekey/internal/wireguard/peer_manager.go:120.39,121.12 1 0
github.com/gatekey-project/gatekey/internal/wireguard/peer_manager.go:124.3,129.18 3 0
github.com/gatekey-project/gatekey/internal/wireguard/peer_manager.go:129.18,132.32 2 0
github.com/gatekey-project/gatekey/internal/wireguard/peer_manager.go:132.32,134.5 1 0
github.com/gatekey-project/gatekey/internal/wireguard/peer_manager.go:136.4,136.31 1 0
github.com/gatekey-project/gatekey/internal/wireguard/peer_manager.go:136.31,138.19 2 0
github.com/gatekey-project/gatekey/internal/wireguard/peer_manager.go:138.19,140.14 2 0
github.com/gatekey-project/gatekey/internal/wireguard/peer_manager.go:143.5,143.69 1 0
github.com/gatekey-project/gatekey/internal/wireguard/peer_manager.go:143.69,147.14 4 0
github.com/gatekey-project/gatekey/internal/wireguard/peer_manager.go:149.5,152.36 3 0
github.com/gatekey-project/gatekey/internal/wireguard/peer_manager.go:155.4,156.55 2 0
github.com/gatekey-project/gatekey/internal/wireguard/peer_manager.go:156.55,158.13 2 0
github.com/gatekey-project/gatekey/internal/wireguard/peer_manager.go:161.4,161.34 1 0
github.com/gatekey-project/gatekey/internal/wireguard/peer_manager.go:165.2,165.12 1 0
github.com/gatekey-project/gatekey/internal/wireguard/peer_manager.go:169.42,174.28 4 1
github.com/gatekey-project/gatekey/internal/wireguard/peer_manager.go:174.28,178.3 2 1
github.com/gatekey-project/gatekey/internal/wireguard/peer_manager.go:179.2,179.14 1 1
github.com/gatekey-project/gatekey/internal/wireguard/peer_manager.go:183.63,188.9 4 1
github.com/gatekey-project/gatekey/internal/wireguard/peer_manager.go:188.9,190.3 1 1
github.com/gatekey-project/gatekey/internal/wireguard/peer_manager.go:193.2,194.24 2 1
github.com/gatekey-project/gatekey/internal/wireguard/peer_manager.go:198.39,202.2 3 1
github.com/gatekey-project/gatekey/internal/wireguard/peer_manager.go:205.44,206.22 1 1
github.com/gatekey-project/gatekey/internal/wireguard/peer_manager.go:206.22,208.3 1 1
github.com/gatekey-project/gatekey/internal/wireguard/peer_manager.go:209.2,209.19 1 1
github.com/gatekey-project/gatekey/internal/wireguard/peer_manager.go:209.19,210.19 1 1
github.com/gatekey-project/gatekey/internal/wireguard/peer_manager.go:210.19,212.4 1 1
github.com/gatekey-project/gatekey/internal/wireguard/peer_manager.go:214.2,214.13 1 1
github.com/gatekey-project/gatekey/internal/wireguard/peer_manager.go:225.56,227.16 2 1
github.com/gatekey-project/gatekey/internal/wireguard/peer_manager.go:227.16,229.3 1 1
github.com/gatekey-project/gatekey/internal/wireguard/peer_manager.go:231.2,234.8 1 1
github.com/gatekey-project/gatekey/internal/wireguard/peer_manager.go:240.50,248.20 5 1
github.com/gatekey-project/gatekey/internal/wireguard/peer_manager.go:248.20,253.39 2 1
github.com/gatekey-project/gatekey/internal/wireguard/peer_manager.go:253.39,255.4 1 1
github.com/gatekey-project/gatekey/internal/wireguard/peer_manager.go:257.3,258.26 2 1
github.com/gatekey-project/gatekey/internal/wireguard/peer_manager.go:258.26,262.4 2 1
github.com/gatekey-project/gatekey/internal/wireguard/peer_manager.go:267.42,272.46 3 1
github.com/gatekey-project/gatekey/internal/wireguard/peer_manager.go:272.46,274.3 1 1
github.com/gatekey-project/gatekey/internal/wireguard/peer_manager.go:276.2,276.25 1 1
github.com/gatekey-project/gatekey/internal/wireguard/peer_manager.go:280.48,285.46 3 1
github.com/gatekey-project/gatekey/internal/wireguard/peer_manager.go:285.46,287.3 1 1
github.com/gatekey-project/gatekey/internal/wireguard/peer_manager.go:289.2,289.24 1 1
github.com/gatekey-project/gatekey/internal/wireguard/peer_manager.go:293.43,297.49 3 1
github.com/gatekey-project/gatekey/internal/wireguard/peer_manager.go:297.49,301.3 3 1
github.com/gatekey-project/gatekey/internal/wireguard/peer_manager.go:303.2,303.15 1 1
github.com/gatekey-project/gatekey/internal/api/api_keys_handlers.go:59.51,60.45 1 0
github.com/gatekey-project/gatekey/internal/api/api_keys_handlers.go:60.45,62.3 1 0
github.com/gatekey-project/gatekey/internal/api/api_keys_handlers.go:64.2,65.9 2 0
github.com/gatekey-project/gatekey/internal/api/api_keys_handlers.go:66.64,68.83 2 0
github.com/gatekey-project/gatekey/internal/api/api_keys_handlers.go:68.84,70.4 0 0
github.com/gatekey-project/gatekey/internal/api/api_keys_handlers.go:72.3,72.60 1 0
github.com/gatekey-project/gatekey/internal/api/api_keys_handlers.go:72.60,74.4 1 0
github.com/gatekey-project/gatekey/internal/api/api_keys_handlers.go:75.3,75.50 1 0
github.com/gatekey-project/gatekey/internal/api/api_keys_handlers.go:76.64,78.60 2 0
github.com/gatekey-project/gatekey/internal/api/api_keys_handlers.go:78.60,80.4 1 0
github.com/gatekey-project/gatekey/internal/api/api_keys_handlers.go:81.3,81.57 1 0
github.com/gatekey-project/gatekey/internal/api/api_keys_handlers.go:82.64,83.58 1 0
github.com/gatekey-project/gatekey/internal/api/api_keys_handlers.go:83.58,85.4 1 0
github.com/gatekey-project/gatekey/internal/api/api_keys_handlers.go:86.10,88.58 1 0
github.com/gatekey-project/gatekey/internal/api/api_keys_handlers.go:88.58,90.4 1 0
github.com/gatekey-project/gatekey/internal/api/api_keys_handlers.go:93.2,93.18 1 0
github.com/gatekey-project/gatekey/internal/api/api_keys_handlers.go:93.18,96.3 2 0
github.com/gatekey-project/gatekey/internal/api/api_keys_handlers.go:97.2,97.12 1 0
github.com/gatekey-project/gatekey/internal/api/api_keys_handlers.go:100.38,102.22 2 0
github.com/gatekey-project/gatekey/internal/api/api_keys_handlers.go:102.22,103.27 1 0
github.com/gatekey-project/gatekey/internal/api/api_keys_handlers.go:103.27,105.4 1 0
github.com/gatekey-project/gatekey/internal/api/api_keys_handlers.go:105.9,107.4 1 0
github.com/gatekey-project/gatekey/internal/api/api_keys_handlers.go:109.2,109.15 1 0
github.com/gatekey-project/gatekey/internal/api/api_keys_handlers.go:113.54,126.2 1 0
github.com/gatekey-project/gatekey/internal/api/api_keys_handlers.go:129.72,136.2 1 0
github.com/gatekey-project/gatekey/internal/api/api_keys_handlers.go:139.56,141.31 2 0
github.com/gatekey-project/gatekey/internal/api/api_keys_handlers.go:141.31,144.3 2 0
github.com/gatekey-project/gatekey/internal/api/api_keys_handlers.go:146.2,147.16 2 0
github.com/gatekey-project/gatekey/internal/api/api_keys_handlers.go:147.16,151.3 3 0
github.com/gatekey-project/gatekey/internal/api/api_keys_handlers.go:153.2,154.27 2 0
github.com/gatekey-project/gatekey/internal/api/api_keys_handlers.go:154.27,156.3 1 0
github.com/gatekey-project/gatekey/internal/api/api_keys_handlers.go:158.2,158.52 1 0
github.com/gatekey-project/gatekey/internal/api/api_keys_handlers.go:162.57,164.31 2 0
github.com/gatekey-project/gatekey/internal/api/api_keys_handlers.go:164.31,167.3 2 0
github.com/gatekey-project/gatekey/internal/api/api_keys_handlers.go:169.2,170.47 2 0
github.com/gatekey-project/gatekey/internal/api/api_keys_handlers.go:170.47,173.3 2 0
github.com/gatekey-project/gatekey/internal/api/api_keys_handlers.go:176.2,177.16 2 0
github.com/gatekey-project/gatekey/internal/api/api_keys_handlers.go:177.16,181.3 3 0
github.com/gatekey-project/gatekey/internal/api/api_keys_handlers.go:184.2,188.22 3 0
github.com/gatekey-project/gatekey/internal/api/api_keys_handlers.go:188.22,190.3 1 0
github.com/gatekey-project/gatekey/internal/api/api_keys_handlers.go:192.2,203.74 2 0
github.com/gatekey-project/gatekey/internal/api/api_keys_handlers.go:203.74,207.3 3 0
github.com/gatekey-project/gatekey/internal/api/api_keys_handlers.go:210.2,213.4 1 0
github.com/gatekey-project/gatekey/internal/api/api_keys_handlers.go:217.54,219.31 2 0
github.com/gatekey-project/gatekey/internal/api/api_keys_handlers.go:219.31,222.3 2 0
github.com/gatekey-project/gatekey/internal/api/api_keys_handlers.go:224.2,226.16 3 0
github.com/gatekey-project/gatekey/internal/api/api_keys_handlers.go:226.16,227.34 1 0
github.com/gatekey-project/gatekey/internal/api/api_keys_handlers.go:227.34,230.4 2 0
github.com/gatekey-project/gatekey/internal/api/api_keys_handlers.go:231.3,233.9 3 0
github.com/gatekey-project/gatekey/internal/api/api_keys_handlers.go:237.2,237.31 1 0
github.com/gatekey-project/gatekey/internal/api/api_keys_handlers.go:237.31,240.3 2 0
github.com/gatekey-project/gatekey/internal/api/api_keys_handlers.go:242.2,242.46 1 0
github.com/gatekey-project/gatekey/internal/api/api_keys_handlers.go:246.57,248.31 2 0
github.com/gatekey-project/gatekey/internal/api/api_keys_handlers.go:248.31,251.3 2 0
github.com/gatekey-project/gatekey/internal/api/api_keys_handlers.go:253.2,255.16 3 0
github.com/gatekey-project/gatekey/internal/api/api_keys_handlers.go:255.16,256.34 1 0
github.com/gatekey-project/gatekey/internal/api/api_keys_handlers.go:256.34,259.4 2 0
github.com/gatekey-project/gatekey/internal/api/api_keys_handlers.go:260.3,262.9 3 0
github.com/gatekey-project/gatekey/internal/api/api_keys_handlers.go:266.2,266.31 1 0
github.com/gatekey-project/gatekey/internal/api/api_keys_handlers.go:266.31,269.3 2 0
github.com/gatekey-project/gatekey/internal/api/api_keys_handlers.go:271.2,271.105 1 0
github.com/gatekey-project/gatekey/internal/api/api_keys_handlers.go:271.105,275.3 3 0
github.com/gatekey-project/gatekey/internal/api/api_keys_handlers.go:277.2,277.60 1 0
github.com/gatekey-project/gatekey/internal/api/api_keys_handlers.go:283.57,285.32 2 0
github.com/gatekey-project/gatekey/internal/api/api_keys_handlers.go:285.32,288.3 2 0
github.com/gatekey-project/gatekey/internal/api/api_keys_handlers.go:290.2,291.16 2 0
github.com/gatekey-project/gatekey/internal/api/api_keys_handlers.go:291.16,295.3 3 0
github.com/gatekey-project/gatekey/internal/api/api_keys_handlers.go:297.2,298.27 2 0
github.com/gatekey-project/gatekey/internal/api/api_keys_handlers.go:298.27,300.3 1 0
github.com/gatekey-project/gatekey/internal/api/api_keys_handlers.go:302.2,302.52 1 0
github.com/gatekey-project/gatekey/internal/api/api_keys_handlers.go:306.58,308.32 2 0
github.com/gatekey-project/gatekey/internal/api/api_keys_handlers.go:308.32,311.3 2 0
github.com/gatekey-project/gatekey/internal/api/api_keys_handlers.go:313.2,320.47 2 0
github.com/gatekey-project/gatekey/internal/api/api_keys_handlers.go:320.47,323.3 2 0
github.com/gatekey-project/gatekey/internal/api/api_keys_handlers.go:326.2,327.16 2 0
github.com/gatekey-project/gatekey/internal/api/api_keys_handlers.go:327.16,331.3 3 0
github.com/gatekey-project/gatekey/internal/api/api_keys_handlers.go:334.2,338.22 3 0
github.com/gatekey-project/gatekey/internal/api/api_keys_handlers.go:338.22,340.3 1 0
github.com/gatekey-project/gatekey/internal/api/api_keys_handlers.go:342.2,355.74 3 0
github.com/gatekey-project/gatekey/internal/api/api_keys_handlers.go:355.74,359.3 3 0
github.com/gatekey-project/gatekey/internal/api/api_keys_handlers.go:361.2,364.4 1 0
github.com/gatekey-project/gatekey/internal/api/api_keys_handlers.go:368.55,370.32 2 0
github.com/gatekey-project/gatekey/internal/api/api_keys_handlers.go:370.32,373.3 2 0
github.com/gatekey-project/gatekey/internal/api/api_keys_handlers.go:375.2,377.16 3 0
github.com/gatekey-project/gatekey/internal/api/api_keys_handlers.go:377.16,378.34 1 0
github.com/gatekey-project/gatekey/internal/api/api_keys_handlers.go:378.34,381.4 2 0
github.com/gatekey-project/gatekey/internal/api/api_keys_handlers.go:382.3,384.9 3 0
github.com/gatekey-project/gatekey/internal/api/api_keys_handlers.go:387.2,387.46 1 0
github.com/gatekey-project/gatekey/internal/api/api_keys_handlers.go:391.58,393.32 2 0
github.com/gatekey-project/gatekey/internal/api/api_keys_handlers.go:393.32,396.3 2 0
github.com/gatekey-project/gatekey/internal/api/api_keys_handlers.go:398.2,406.18 5 0
github.com/gatekey-project/gatekey/internal/api/api_keys_handlers.go:406.18,408.3 1 0
github.com/gatekey-project/gatekey/internal/api/api_keys_handlers.go:410.2,410.95 1 0
github.com/gatekey-project/gatekey/internal/api/api_keys_handlers.go:410.95,411.34 1 0
github.com/gatekey-project/gatekey/internal/api/api_keys_handlers.go:411.34,414.4 2 0
github.com/gatekey-project/gatekey/internal/api/api_keys_handlers.go:415.3,417.9 3 0
github.com/gatekey-project/gatekey/internal/api/api_keys_handlers.go:420.2,420.60 1 0
github.com/gatekey-project/gatekey/internal/api/api_keys_handlers.go:424.61,426.32 2 0
github.com/gatekey-project/gatekey/internal/api/api_keys_handlers.go:426.32,429.3 2 0
github.com/gatekey-project/gatekey/internal/api/api_keys_handlers.go:431.2,434.16 3 0
github.com/gatekey-project/gatekey/internal/api/api_keys_handlers.go:434.16,438.3 3 0
github.com/gatekey-project/gatekey/internal/api/api_keys_handlers.go:440.2,441.27 2 0
github.com/gatekey-project/gatekey/internal/api/api_keys_handlers.go:441.27,443.3 1 0
github.com/gatekey-project/gatekey/internal/api/api_keys_handlers.go:445.2,445.52 1 0
github.com/gatekey-project/gatekey/internal/api/api_keys_handlers.go:449.62,451.32 2 0
github.com/gatekey-project/gatekey/internal/api/api_keys_handlers.go:451.32,454.3 2 0
github.com/gatekey-project/gatekey/internal/api/api_keys_handlers.go:456.2,459.47 3 0
github.com/gatekey-project/gatekey/internal/api/api_keys_handlers.go:459.47,462.3 2 0
github.com/gatekey-project/gatekey/internal/api/api_keys_handlers.go:465.2,466.16 2 0
github.com/gatekey-project/gatekey/internal/api/api_keys_handlers.go:466.16,470.3 3 0
github.com/gatekey-project/gatekey/internal/api/api_keys_handlers.go:473.2,477.22 3 0
github.com/gatekey-project/gatekey/internal/api/api_keys_handlers.go:477.22,479.3 1 0
github.com/gatekey-project/gatekey/internal/api/api_keys_handlers.go:481.2,494.74 3 0
github.com/gatekey-project/gatekey/internal/api/api_keys_handlers.go:494.74,498.3 3 0
github.com/gatekey-project/gatekey/internal/api/api_keys_handlers.go:500.2,503.4 1 0
github.com/gatekey-project/gatekey/internal/api/api_keys_handlers.go:507.63,509.32 2 0
github.com/gatekey-project/gatekey/internal/api/api_keys_handlers.go:509.32,512.3 2 0
github.com/gatekey-project/gatekey/internal/api/api_keys_handlers.go:514.2,522.18 5 0
github.com/gatekey-project/gatekey/internal/api/api_keys_handlers.go:522.18,524.3 1 0
github.com/gatekey-project/gatekey/internal/api/api_keys_handlers.go:526.2,527.16 2 0
github.com/gatekey-project/gatekey/internal/api/api_keys_handlers.go:527.16,531.3 3 0
github.com/gatekey-project/gatekey/internal/api/api_keys_handlers.go:533.2,536.4 1 0
github.com/gatekey-project/gatekey/internal/api/api_keys_handlers.go:540.63,542.32 2 0
github.com/gatekey-project/gatekey/internal/api/api_keys_handlers.go:542.32,545.3 2 0
github.com/gatekey-project/gatekey/internal/api/api_keys_handlers.go:547.2,550.16 3 0
github.com/gatekey-project/gatekey/internal/api/api_keys_handlers.go:550.16,554.3 3 0
github.com/gatekey-project/gatekey/internal/api/api_keys_handlers.go:556.2,564.4 2 0
github.com/gatekey-project/gatekey/internal/api/api_keys_handlers.go:568.55,571.22 2 0
github.com/gatekey-project/gatekey/internal/api/api_keys_handlers.go:571.22,574.3 2 0
github.com/gatekey-project/gatekey/internal/api/api_keys_handlers.go:576.2,577.69 2 0
github.com/gatekey-project/gatekey/internal/api/api_keys_handlers.go:577.69,580.3 2 0
github.com/gatekey-project/gatekey/internal/api/api_keys_handlers.go:582.2,584.16 3 0
github.com/gatekey-project/gatekey/internal/api/api_keys_handlers.go:584.16,585.33 1 0
github.com/gatekey-project/gatekey/internal/api/api_keys_handlers.go:585.33,588.4 2 0
github.com/gatekey-project/gatekey/internal/api/api_keys_handlers.go:589.3,589.33 1 0
github.com/gatekey-project/gatekey/internal/api/api_keys_handlers.go:589.33,592.4 2 0
github.com/gatekey-project/gatekey/internal/api/api_keys_handlers.go:593.3,594.9 2 0
github.com/gatekey-project/gatekey/internal/api/api_keys_handlers.go:596.2,596.34 1 0
github.com/gatekey-project/gatekey/internal/api/api_keys_handlers.go:596.34,599.3 2 0
github.com/gatekey-project/gatekey/internal/api/api_keys_handlers.go:602.2,602.12 1 0
github.com/gatekey-project/gatekey/internal/api/api_keys_handlers.go:602.12,602.94 1 0
github.com/gatekey-project/gatekey/internal/api/api_keys_handlers.go:605.2,606.61 2 0
github.com/gatekey-project/gatekey/internal/api/api_keys_handlers.go:606.61,608.140 1 0
github.com/gatekey-project/gatekey/internal/api/api_keys_handlers.go:608.140,609.38 1 0
github.com/gatekey-project/gatekey/internal/api/api_keys_handlers.go:609.38,610.41 1 0
github.com/gatekey-project/gatekey/internal/api/api_keys_handlers.go:610.41,612.11 2 0
github.com/gatekey-project/gatekey/internal/api/api_keys_handlers.go:616.3,616.15 1 0
github.com/gatekey-project/gatekey/internal/api/api_keys_handlers.go:616.15,617.141 1 0
github.com/gatekey-project/gatekey/internal/api/api_keys_handlers.go:617.141,618.39 1 0
github.com/gatekey-project/gatekey/internal/api/api_keys_handlers.go:618.39,619.42 1 0
github.com/gatekey-project/gatekey/internal/api/api_keys_handlers.go:619.42,621.12 2 0
github.com/gatekey-project/gatekey/internal/api/api_keys_handlers.go:628.2,642.4 1 0
github.com/gatekey-project/gatekey/internal/api/mesh_handlers.go:28.53,32.16 3 0
github.com/gatekey-project/gatekey/internal/api/mesh_handlers.go:32.16,36.3 3 0
github.com/gatekey-project/gatekey/internal/api/mesh_handlers.go:38.2,42.27 4 0
github.com/gatekey-project/gatekey/internal/api/mesh_handlers.go:42.27,45.50 3 0
github.com/gatekey-project/gatekey/internal/api/mesh_handlers.go:45.50,47.4 1 0
github.com/gatekey-project/gatekey/internal/api/mesh_handlers.go:47.9,47.59 1 0
github.com/gatekey-project/gatekey/internal/api/mesh_handlers.go:47.59,49.4 1 0
github.com/gatekey-project/gatekey/internal/api/mesh_handlers.go:51.3,74.31 2 0
github.com/gatekey-project/gatekey/internal/api/mesh_handlers.go:74.31,76.4 1 0
github.com/gatekey-project/gatekey/internal/api/mesh_handlers.go:77.3,77.35 1 0
github.com/gatekey-project/gatekey/internal/api/mesh_handlers.go:80.2,80.46 1 0
github.com/gatekey-project/gatekey/internal/api/mesh_handlers.go:83.54,99.47 3 0
github.com/gatekey-project/gatekey/internal/api/mesh_handlers.go:99.47,102.3 2 0
github.com/gatekey-project/gatekey/internal/api/mesh_handlers.go:105.2,106.23 2 0
github.com/gatekey-project/gatekey/internal/api/mesh_handlers.go:106.23,108.3 1 0
github.com/gatekey-project/gatekey/internal/api/mesh_handlers.go:111.2,111.92 1 0
github.com/gatekey-project/gatekey/internal/api/mesh_handlers.go:111.92,114.3 2 0
github.com/gatekey-project/gatekey/internal/api/mesh_handlers.go:117.2,118.23 2 0
github.com/gatekey-project/gatekey/internal/api/mesh_handlers.go:118.23,120.3 1 0
github.com/gatekey-project/gatekey/internal/api/mesh_handlers.go:123.2,124.16 2 0
github.com/gatekey-project/gatekey/internal/api/mesh_handlers.go:124.16,128.3 3 0
github.com/gatekey-project/gatekey/internal/api/mesh_handlers.go:132.2,133.18 2 0
github.com/gatekey-project/gatekey/internal/api/mesh_handlers.go:133.18,134.27 1 0
github.com/gatekey-project/gatekey/internal/api/mesh_handlers.go:134.27,136.4 1 0
github.com/gatekey-project/gatekey/internal/api/mesh_handlers.go:136.9,138.4 1 0
github.com/gatekey-project/gatekey/internal/api/mesh_handlers.go:140.2,159.48 3 0
github.com/gatekey-project/gatekey/internal/api/mesh_handlers.go:159.48,161.17 2 0
github.com/gatekey-project/gatekey/internal/api/mesh_handlers.go:161.17,165.4 3 0
github.com/gatekey-project/gatekey/internal/api/mesh_handlers.go:166.3,167.38 2 0
github.com/gatekey-project/gatekey/internal/api/mesh_handlers.go:170.2,170.56 1 0
github.com/gatekey-project/gatekey/internal/api/mesh_handlers.go:170.56,171.33 1 0
github.com/gatekey-project/gatekey/internal/api/mesh_handlers.go:171.33,174.4 2 0
github.com/gatekey-project/gatekey/internal/api/mesh_handlers.go:175.3,177.9 3 0
github.com/gatekey-project/gatekey/internal/api/mesh_handlers.go:181.2,200.4 1 0
github.com/gatekey-project/gatekey/internal/api/mesh_handlers.go:203.51,208.16 4 0
github.com/gatekey-project/gatekey/internal/api/mesh_handlers.go:208.16,209.35 1 0
github.com/gatekey-project/gatekey/internal/api/mesh_handlers.go:209.35,212.4 2 0
github.com/gatekey-project/gatekey/internal/api/mesh_handlers.go:213.3,215.9 3 0
github.com/gatekey-project/gatekey/internal/api/mesh_handlers.go:218.2,246.4 1 0
github.com/gatekey-project/gatekey/internal/api/mesh_handlers.go:249.54,270.47 4 0
github.com/gatekey-project/gatekey/internal/api/mesh_handlers.go:270.47,273.3 2 0
github.com/gatekey-project/gatekey/internal/api/mesh_handlers.go:276.2,277.16 2 0
github.com/gatekey-project/gatekey/internal/api/mesh_handlers.go:277.16,278.35 1 0
github.com/gatekey-project/gatekey/internal/api/mesh_handlers.go:278.35,281.4 2 0
github.com/gatekey-project/gatekey/internal/api/mesh_handlers.go:282.3,284.9 3 0
github.com/gatekey-project/gatekey/internal/api/mesh_handlers.go:288.2,288.65 1 0
github.com/gatekey-project/gatekey/internal/api/mesh_handlers.go:288.65,291.3 2 0
github.com/gatekey-project/gatekey/internal/api/mesh_handlers.go:294.2,294.20 1 0
github.com/gatekey-project/gatekey/internal/api/mesh_handlers.go:294.20,296.3 1 0
github.com/gatekey-project/gatekey/internal/api/mesh_handlers.go:297.2,297.27 1 0
github.com/gatekey-project/gatekey/internal/api/mesh_handlers.go:297.27,299.3 1 0
github.com/gatekey-project/gatekey/internal/api/mesh_handlers.go:300.2,300.30 1 0
github.com/gatekey-project/gatekey/internal/api/mesh_handlers.go:300.30,302.3 1 0
github.com/gatekey-project/gatekey/internal/api/mesh_handlers.go:303.2,303.21 1 0
github.com/gatekey-project/gatekey/internal/api/mesh_handlers.go:303.21,305.3 1 0
github.com/gatekey-project/gatekey/internal/api/mesh_handlers.go:306.2,306.27 1 0
github.com/gatekey-project/gatekey/internal/api/mesh_handlers.go:306.27,308.3 1 0
github.com/gatekey-project/gatekey/internal/api/mesh_handlers.go:309.2,309.25 1 0
github.com/gatekey-project/gatekey/internal/api/mesh_handlers.go:309.25,311.3 1 0
github.com/gatekey-project/gatekey/internal/api/mesh_handlers.go:312.2,312.29 1 0
github.com/gatekey-project/gatekey/internal/api/mesh_handlers.go:312.29,314.3 1 0
github.com/gatekey-project/gatekey/internal/api/mesh_handlers.go:315.2,315.31 1 0
github.com/gatekey-project/gatekey/internal/api/mesh_handlers.go:315.31,317.3 1 0
github.com/gatekey-project/gatekey/internal/api/mesh_handlers.go:318.2,318.31 1 0
github.com/gatekey-project/gatekey/internal/api/mesh_handlers.go:318.31,320.3 1 0
github.com/gatekey-project/gatekey/internal/api/mesh_handlers.go:321.2,321.24 1 0
github.com/gatekey-project/gatekey/internal/api/mesh_handlers.go:321.24,323.3 1 0
github.com/gatekey-project/gatekey/internal/api/mesh_handlers.go:325.2,325.27 1 0
github.com/gatekey-project/gatekey/internal/api/mesh_handlers.go:325.27,327.3 1 0
github.com/gatekey-project/gatekey/internal/api/mesh_handlers.go:329.2,329.30 1 0
github.com/gatekey-project/gatekey/internal/api/mesh_handlers.go:329.30,331.3 1 0
github.com/gatekey-project/gatekey/internal/api/mesh_handlers.go:333.2,333.76 1 0
github.com/gatekey-project/gatekey/internal/api/mesh_handlers.go:333.76,335.3 1 0
github.com/gatekey-project/gatekey/internal/api/mesh_handlers.go:337.2,337.56 1 0
github.com/gatekey-project/gatekey/internal/api/mesh_handlers.go:337.56,338.33 1 0
github.com/gatekey-project/gatekey/internal/api/mesh_handlers.go:338.33,341.4 2 0
github.com/gatekey-project/gatekey/internal/api/mesh_handlers.go:342.3,344.9 3 0
github.com/gatekey-project/gatekey/internal/api/mesh_handlers.go:347.2,347.56 1 0
github.com/gatekey-project/gatekey/internal/api/mesh_handlers.go:350.54,354.58 3 0
github.com/gatekey-project/gatekey/internal/api/mesh_handlers.go:354.58,355.35 1 0
github.com/gatekey-project/gatekey/internal/api/mesh_handlers.go:355.35,358.4 2 0
github.com/gatekey-project/gatekey/internal/api/mesh_handlers.go:359.3,361.9 3 0
github.com/gatekey-project/gatekey/internal/api/mesh_handlers.go:364.2,364.56 1 0
github.com/gatekey-project/gatekey/internal/api/mesh_handlers.go:367.57,372.16 4 0
github.com/gatekey-project/gatekey/internal/api/mesh_handlers.go:372.16,373.35 1 0
github.com/gatekey-project/gatekey/internal/api/mesh_handlers.go:373.35,376.4 2 0
github.com/gatekey-project/gatekey/internal/api/mesh_handlers.go:377.3,379.9 3 0
github.com/gatekey-project/gatekey/internal/api/mesh_handlers.go:383.2,383.17 1 0
github.com/gatekey-project/gatekey/internal/api/mesh_handlers.go:383.17,386.3 2 0
github.com/gatekey-project/gatekey/internal/api/mesh_handlers.go:389.2,390.16 2 0
github.com/gatekey-project/gatekey/internal/api/mesh_handlers.go:390.16,394.3 3 0
github.com/gatekey-project/gatekey/internal/api/mesh_handlers.go:397.2,400.16 2 0
github.com/gatekey-project/gatekey/internal/api/mesh_handlers.go:400.16,404.3 3 0
github.com/gatekey-project/gatekey/internal/api/mesh_handlers.go:407.2,411.24 3 0
github.com/gatekey-project/gatekey/internal/api/mesh_handlers.go:411.24,413.17 2 0
github.com/gatekey-project/gatekey/internal/api/mesh_handlers.go:413.17,417.4 3 0
github.com/gatekey-project/gatekey/internal/api/mesh_handlers.go:421.2,421.129 1 0
github.com/gatekey-project/gatekey/internal/api/mesh_handlers.go:421.129,425.3 3 0
github.com/gatekey-project/gatekey/internal/api/mesh_handlers.go:428.2,435.4 2 0
github.com/gatekey-project/gatekey/internal/api/mesh_handlers.go:438.61,443.16 4 0
github.com/gatekey-project/gatekey/internal/api/mesh_handlers.go:443.16,444.35 1 0
github.com/gatekey-project/gatekey/internal/api/mesh_handlers.go:444.35,447.4 2 0
github.com/gatekey-project/gatekey/internal/api/mesh_handlers.go:448.3,450.9 3 0
github.com/gatekey-project/gatekey/internal/api/mesh_handlers.go:454.2,458.33 4 0
github.com/gatekey-project/gatekey/internal/api/mesh_handlers.go:463.56,468.16 4 0
github.com/gatekey-project/gatekey/internal/api/mesh_handlers.go:468.16,472.3 3 0
github.com/gatekey-project/gatekey/internal/api/mesh_handlers.go:474.2,474.46 1 0
github.com/gatekey-project/gatekey/internal/api/mesh_handlers.go:477.58,484.47 4 0
github.com/gatekey-project/gatekey/internal/api/mesh_handlers.go:484.47,487.3 2 0
github.com/gatekey-project/gatekey/internal/api/mesh_handlers.go:489.2,489.76 1 0
github.com/gatekey-project/gatekey/internal/api/mesh_handlers.go:489.76,493.3 3 0
github.com/gatekey-project/gatekey/internal/api/mesh_handlers.go:495.2,495.65 1 0
github.com/gatekey-project/gatekey/internal/api/mesh_handlers.go:498.58,503.74 4 0
github.com/gatekey-project/gatekey/internal/api/mesh_handlers.go:503.74,507.3 3 0
github.com/gatekey-project/gatekey/internal/api/mesh_handlers.go:509.2,509.66 1 0
github.com/gatekey-project/gatekey/internal/api/mesh_handlers.go:512.57,517.16 4 0
github.com/gatekey-project/gatekey/internal/api/mesh_handlers.go:517.16,521.3 3 0
github.com/gatekey-project/gatekey/internal/api/mesh_handlers.go:523.2,523.48 1 0
github.com/gatekey-project/gatekey/internal/api/mesh_handlers.go:526.59,533.47 4 0
github.com/gatekey-project/gatekey/internal/api/mesh_handlers.go:533.47,536.3 2 0
github.com/gatekey-project/gatekey/internal/api/mesh_handlers.go:538.2,538.80 1 0
github.com/gatekey-project/gatekey/internal/api/mesh_handlers.go:538.80,542.3 3 0
github.com/gatekey-project/gatekey/internal/api/mesh_handlers.go:544.2,544.66 1 0
github.com/gatekey-project/gatekey/internal/api/mesh_handlers.go:547.59,552.78 4 0
github.com/gatekey-project/gatekey/internal/api/mesh_handlers.go:552.78,556.3 3 0
github.com/gatekey-project/gatekey/internal/api/mesh_handlers.go:558.2,558.67 1 0
github.com/gatekey-project/gatekey/internal/api/mesh_handlers.go:563.59,568.16 4 0
github.com/gatekey-project/gatekey/internal/api/mesh_handlers.go:568.16,572.3 3 0
github.com/gatekey-project/gatekey/internal/api/mesh_handlers.go:574.2,575.29 2 0
github.com/gatekey-project/gatekey/internal/api/mesh_handlers.go:575.29,583.3 1 0
github.com/gatekey-project/gatekey/internal/api/mesh_handlers.go:585.2,585.50 1 0
github.com/gatekey-project/gatekey/internal/api/mesh_handlers.go:588.61,595.47 4 0
github.com/gatekey-project/gatekey/internal/api/mesh_handlers.go:595.47,598.3 2 0
github.com/gatekey-project/gatekey/internal/api/mesh_handlers.go:600.2,600.82 1 0
github.com/gatekey-project/gatekey/internal/api/mesh_handlers.go:600.82,604.3 3 0
github.com/gatekey-project/gatekey/internal/api/mesh_handlers.go:606.2,606.68 1 0
github.com/gatekey-project/gatekey/internal/api/mesh_handlers.go:609.61,614.80 4 0
github.com/gatekey-project/gatekey/internal/api/mesh_handlers.go:614.80,618.3 3 0
github.com/gatekey-project/gatekey/internal/api/mesh_handlers.go:620.2,620.69 1 0
github.com/gatekey-project/gatekey/internal/api/mesh_handlers.go:625.55,630.16 4 0
github.com/gatekey-project/gatekey/internal/api/mesh_handlers.go:630.16,634.3 3 0
github.com/gatekey-project/gatekey/internal/api/mesh_handlers.go:636.2,640.28 4 0
github.com/gatekey-project/gatekey/internal/api/mesh_handlers.go:640.28,643.55 3 0
github.com/gatekey-project/gatekey/internal/api/mesh_handlers.go:643.55,645.4 1 0
github.com/gatekey-project/gatekey/internal/api/mesh_handlers.go:645.9,645.67 1 0
github.com/gatekey-project/gatekey/internal/api/mesh_handlers.go:645.67,647.4 1 0
github.com/gatekey-project/gatekey/internal/api/mesh_handlers.go:649.3,669.25 2 0
github.com/gatekey-project/gatekey/internal/api/mesh_handlers.go:669.25,671.4 1 0
github.com/gatekey-project/gatekey/internal/api/mesh_handlers.go:672.3,672.34 1 0
github.com/gatekey-project/gatekey/internal/api/mesh_handlers.go:675.2,675.48 1 0
github.com/gatekey-project/gatekey/internal/api/mesh_handlers.go:678.56,688.47 4 0
github.com/gatekey-project/gatekey/internal/api/mesh_handlers.go:688.47,691.3 2 0
github.com/gatekey-project/gatekey/internal/api/mesh_handlers.go:694.2,695.16 2 0
github.com/gatekey-project/gatekey/internal/api/mesh_handlers.go:695.16,696.35 1 0
github.com/gatekey-project/gatekey/internal/api/mesh_handlers.go:696.35,699.4 2 0
github.com/gatekey-project/gatekey/internal/api/mesh_handlers.go:700.3,702.9 3 0
github.com/gatekey-project/gatekey/internal/api/mesh_handlers.go:706.2,707.16 2 0
github.com/gatekey-project/gatekey/internal/api/mesh_handlers.go:707.16,711.3 3 0
github.com/gatekey-project/gatekey/internal/api/mesh_handlers.go:713.2,724.52 2 0
github.com/gatekey-project/gatekey/internal/api/mesh_handlers.go:724.52,726.17 2 0
github.com/gatekey-project/gatekey/internal/api/mesh_handlers.go:726.17,730.4 3 0
github.com/gatekey-project/gatekey/internal/api/mesh_handlers.go:731.3,736.17 4 0
github.com/gatekey-project/gatekey/internal/api/mesh_handlers.go:736.17,740.4 3 0
github.com/gatekey-project/gatekey/internal/api/mesh_handlers.go:741.3,741.26 1 0
github.com/gatekey-project/gatekey/internal/api/mesh_handlers.go:744.2,744.61 1 0
github.com/gatekey-project/gatekey/internal/api/mesh_handlers.go:744.61,745.35 1 0
github.com/gatekey-project/gatekey/internal/api/mesh_handlers.go:745.35,748.4 2 0
github.com/gatekey-project/gatekey/internal/api/mesh_handlers.go:749.3,751.9 3 0
github.com/gatekey-project/gatekey/internal/api/mesh_handlers.go:754.2,767.4 1 0
github.com/gatekey-project/gatekey/internal/api/mesh_handlers.go:770.53,775.16 4 0
github.com/gatekey-project/gatekey/internal/api/mesh_handlers.go:775.16,776.37 1 0
github.com/gatekey-project/gatekey/internal/api/mesh_handlers.go:776.37,779.4 2 0
github.com/gatekey-project/gatekey/internal/api/mesh_handlers.go:780.3,782.9 3 0
github.com/gatekey-project/gatekey/internal/api/mesh_handlers.go:785.2,807.4 1 0
github.com/gatekey-project/gatekey/internal/api/mesh_handlers.go:810.56,823.47 4 0
github.com/gatekey-project/gatekey/internal/api/mesh_handlers.go:823.47,826.3 2 0
github.com/gatekey-project/gatekey/internal/api/mesh_handlers.go:828.2,829.16 2 0
github.com/gatekey-project/gatekey/internal/api/mesh_handlers.go:829.16,830.37 1 0
github.com/gatekey-project/gatekey/internal/api/mesh_handlers.go:830.37,833.4 2 0
github.com/gatekey-project/gatekey/internal/api/mesh_handlers.go:834.3,836.9 3 0
github.com/gatekey-project/gatekey/internal/api/mesh_handlers.go:839.2,839.20 1 0
github.com/gatekey-project/gatekey/internal/api/mesh_handlers.go:839.20,841.3 1 0
github.com/gatekey-project/gatekey/internal/api/mesh_handlers.go:842.2,842.27 1 0
github.com/gatekey-project/gatekey/internal/api/mesh_handlers.go:842.27,844.3 1 0
github.com/gatekey-project/gatekey/internal/api/mesh_handlers.go:845.2,845.30 1 0
github.com/gatekey-project/gatekey/internal/api/mesh_handlers.go:845.30,847.3 1 0
github.com/gatekey-project/gatekey/internal/api/mesh_handlers.go:848.2,848.31 1 0
github.com/gatekey-project/gatekey/internal/api/mesh_handlers.go:848.31,850.3 1 0
github.com/gatekey-project/gatekey/internal/api/mesh_handlers.go:851.2,851.24 1 0
github.com/gatekey-project/gatekey/internal/api/mesh_handlers.go:851.24,853.3 1 0
github.com/gatekey-project/gatekey/internal/api/mesh_handlers.go:854.2,854.27 1 0
github.com/gatekey-project/gatekey/internal/api/mesh_handlers.go:854.27,856.3 1 0
github.com/gatekey-project/gatekey/internal/api/mesh_handlers.go:858.2,858.61 1 0
github.com/gatekey-project/gatekey/internal/api/mesh_handlers.go:858.61,859.35 1 0
github.com/gatekey-project/gatekey/internal/api/mesh_handlers.go:859.35,862.4 2 0
github.com/gatekey-project/gatekey/internal/api/mesh_handlers.go:863.3,865.9 3 0
github.com/gatekey-project/gatekey/internal/api/mesh_handlers.go:868.2,868.58 1 0
github.com/gatekey-project/gatekey/internal/api/mesh_handlers.go:871.56,875.63 3 0
github.com/gatekey-project/gatekey/internal/api/mesh_handlers.go:875.63,876.37 1 0
github.com/gatekey-project/gatekey/internal/api/mesh_handlers.go:876.37,879.4 2 0
github.com/gatekey-project/gatekey/internal/api/mesh_handlers.go:880.3,882.9 3 0
github.com/gatekey-project/gatekey/internal/api/mesh_handlers.go:885.2,885.58 1 0
github.com/gatekey-project/gatekey/internal/api/mesh_handlers.go:888.59,893.16 4 0
github.com/gatekey-project/gatekey/internal/api/mesh_handlers.go:893.16,894.37 1 0
github.com/gatekey-project/gatekey/internal/api/mesh_handlers.go:894.37,897.4 2 0
github.com/gatekey-project/gatekey/internal/api/mesh_handlers.go:898.3,900.9 3 0
github.com/gatekey-project/gatekey/internal/api/mesh_handlers.go:904.2,905.16 2 0
github.com/gatekey-project/gatekey/internal/api/mesh_handlers.go:905.16,909.3 3 0
github.com/gatekey-project/gatekey/internal/api/mesh_handlers.go:911.2,911.41 1 0
github.com/gatekey-project/gatekey/internal/api/mesh_handlers.go:911.41,914.3 2 0
github.com/gatekey-project/gatekey/internal/api/mesh_handlers.go:917.2,922.16 2 0
github.com/gatekey-project/gatekey/internal/api/mesh_handlers.go:922.16,926.3 3 0
github.com/gatekey-project/gatekey/internal/api/mesh_handlers.go:929.2,931.99 2 0
github.com/gatekey-project/gatekey/internal/api/mesh_handlers.go:931.99,935.3 3 0
github.com/gatekey-project/gatekey/internal/api/mesh_handlers.go:937.2,941.4 1 0
github.com/gatekey-project/gatekey/internal/api/mesh_handlers.go:944.63,949.16 4 0
github.com/gatekey-project/gatekey/internal/api/mesh_handlers.go:949.16,950.37 1 0
github.com/gatekey-project/gatekey/internal/api/mesh_handlers.go:950.37,953.4 2 0
github.com/gatekey-project/gatekey/internal/api/mesh_handlers.go:954.3,956.9 3 0
github.com/gatekey-project/gatekey/internal/api/mesh_handlers.go:959.2,960.16 2 0
github.com/gatekey-project/gatekey/internal/api/mesh_handlers.go:960.16,964.3 3 0
github.com/gatekey-project/gatekey/internal/api/mesh_handlers.go:966.2,970.33 4 0
github.com/gatekey-project/gatekey/internal/api/mesh_handlers.go:975.58,980.16 4 0
github.com/gatekey-project/gatekey/internal/api/mesh_handlers.go:980.16,984.3 3 0
github.com/gatekey-project/gatekey/internal/api/mesh_handlers.go:986.2,986.46 1 0
github.com/gatekey-project/gatekey/internal/api/mesh_handlers.go:989.60,996.47 4 0
github.com/gatekey-project/gatekey/internal/api/mesh_handlers.go:996.47,999.3 2 0
github.com/gatekey-project/gatekey/internal/api/mesh_handlers.go:1001.2,1001.77 1 0
github.com/gatekey-project/gatekey/internal/api/mesh_handlers.go:1001.77,1005.3 3 0
github.com/gatekey-project/gatekey/internal/api/mesh_handlers.go:1007.2,1007.58 1 0
github.com/gatekey-project/gatekey/internal/api/mesh_handlers.go:1010.60,1015.78 4 0
github.com/gatekey-project/gatekey/internal/api/mesh_handlers.go:1015.78,1019.3 3 0
github.com/gatekey-project/gatekey/internal/api/mesh_handlers.go:1021.2,1021.57 1 0
github.com/gatekey-project/gatekey/internal/api/mesh_handlers.go:1024.59,1029.16 4 0
github.com/gatekey-project/gatekey/internal/api/mesh_handlers.go:1029.16,1033.3 3 0
github.com/gatekey-project/gatekey/internal/api/mesh_handlers.go:1035.2,1035.48 1 0
github.com/gatekey-project/gatekey/internal/api/mesh_handlers.go:1038.61,1045.47 4 0
github.com/gatekey-project/gatekey/internal/api/mesh_handlers.go:1045.47,1048.3 2 0
github.com/gatekey-project/gatekey/internal/api/mesh_handlers.go:1050.2,1050.81 1 0
github.com/gatekey-project/gatekey/internal/api/mesh_handlers.go:1050.81,1054.3 3 0
github.com/gatekey-project/gatekey/internal/api/mesh_handlers.go:1056.2,1056.59 1 0
github.com/gatekey-project/gatekey/internal/api/mesh_handlers.go:1059.61,1064.82 4 0
github.com/gatekey-project/gatekey/internal/api/mesh_handlers.go:1064.82,1068.3 3 0
github.com/gatekey-project/gatekey/internal/api/mesh_handlers.go:1070.2,1070.58 1 0
github.com/gatekey-project/gatekey/internal/api/mesh_handlers.go:1075.57,1087.47 3 0
github.com/gatekey-project/gatekey/internal/api/mesh_handlers.go:1087.47,1090.3 2 0
github.com/gatekey-project/gatekey/internal/api/mesh_handlers.go:1092.2,1093.16 2 0
github.com/gatekey-project/gatekey/internal/api/mesh_handlers.go:1093.16,1094.35 1 0
github.com/gatekey-project/gatekey/internal/api/mesh_handlers.go:1094.35,1097.4 2 0
github.com/gatekey-project/gatekey/internal/api/mesh_handlers.go:1098.3,1100.9 3 0
github.com/gatekey-project/gatekey/internal/api/mesh_handlers.go:1103.2,1104.18 2 0
github.com/gatekey-project/gatekey/internal/api/mesh_handlers.go:1104.18,1106.3 1 0
github.com/gatekey-project/gatekey/internal/api/mesh_handlers.go:1108.2,1108.135 1 0
github.com/gatekey-project/gatekey/internal/api/mesh_handlers.go:1108.135,1110.3 1 0
github.com/gatekey-project/gatekey/internal/api/mesh_handlers.go:1113.2,1118.46 4 0
github.com/gatekey-project/gatekey/internal/api/mesh_handlers.go:1118.46,1120.3 1 0
github.com/gatekey-project/gatekey/internal/api/mesh_handlers.go:1122.2,1127.4 1 0
github.com/gatekey-project/gatekey/internal/api/mesh_handlers.go:1130.64,1137.47 3 0
github.com/gatekey-project/gatekey/internal/api/mesh_handlers.go:1137.47,1140.3 2 0
github.com/gatekey-project/gatekey/internal/api/mesh_handlers.go:1142.2,1143.16 2 0
github.com/gatekey-project/gatekey/internal/api/mesh_handlers.go:1143.16,1144.35 1 0
github.com/gatekey-project/gatekey/internal/api/mesh_handlers.go:1144.35,1147.4 2 0
github.com/gatekey-project/gatekey/internal/api/mesh_handlers.go:1148.3,1150.9 3 0
github.com/gatekey-project/gatekey/internal/api/mesh_handlers.go:1154.2,1157.53 2 0
github.com/gatekey-project/gatekey/internal/api/mesh_handlers.go:1157.53,1159.3 1 0
github.com/gatekey-project/gatekey/internal/api/mesh_handlers.go:1161.2,1161.17 1 0
github.com/gatekey-project/gatekey/internal/api/mesh_handlers.go:1161.17,1165.18 2 0
github.com/gatekey-project/gatekey/internal/api/mesh_handlers.go:1165.18,1168.4 2 0
github.com/gatekey-project/gatekey/internal/api/mesh_handlers.go:1171.3,1172.17 2 0
github.com/gatekey-project/gatekey/internal/api/mesh_handlers.go:1172.17,1176.4 3 0
github.com/gatekey-project/gatekey/internal/api/mesh_handlers.go:1179.3,1182.17 2 0
github.com/gatekey-project/gatekey/internal/api/mesh_handlers.go:1182.17,1186.4 3 0
github.com/gatekey-project/gatekey/internal/api/mesh_handlers.go:1189.3,1193.25 3 0
github.com/gatekey-project/gatekey/internal/api/mesh_handlers.go:1193.25,1195.18 2 0
github.com/gatekey-project/gatekey/internal/api/mesh_handlers.go:1195.18,1199.5 3 0
github.com/gatekey-project/gatekey/internal/api/mesh_handlers.go:1203.3,1203.131 1 0
github.com/gatekey-project/gatekey/internal/api/mesh_handlers.go:1203.131,1207.4 3 0
github.com/gatekey-project/gatekey/internal/api/mesh_handlers.go:1210.3,1217.82 7 0
github.com/gatekey-project/gatekey/internal/api/mesh_handlers.go:1221.2,1222.17 2 0
github.com/gatekey-project/gatekey/internal/api/mesh_handlers.go:1222.17,1225.3 2 0
github.com/gatekey-project/gatekey/internal/api/mesh_handlers.go:1227.2,1239.4 1 0
github.com/gatekey-project/gatekey/internal/api/mesh_handlers.go:1242.57,1245.17 3 0
github.com/gatekey-project/gatekey/internal/api/mesh_handlers.go:1245.17,1247.3 1 0
github.com/gatekey-project/gatekey/internal/api/mesh_handlers.go:1248.2,1251.16 3 0
github.com/gatekey-project/gatekey/internal/api/mesh_handlers.go:1251.16,1254.3 2 0
github.com/gatekey-project/gatekey/internal/api/mesh_handlers.go:1256.2,1257.16 2 0
github.com/gatekey-project/gatekey/internal/api/mesh_handlers.go:1257.16,1261.3 3 0
github.com/gatekey-project/gatekey/internal/api/mesh_handlers.go:1263.2,1263.48 1 0
github.com/gatekey-project/gatekey/internal/api/mesh_handlers.go:1266.57,1269.17 3 0
github.com/gatekey-project/gatekey/internal/api/mesh_handlers.go:1269.17,1271.3 1 0
github.com/gatekey-project/gatekey/internal/api/mesh_handlers.go:1272.2,1275.16 3 0
github.com/gatekey-project/gatekey/internal/api/mesh_handlers.go:1275.16,1278.3 2 0
github.com/gatekey-project/gatekey/internal/api/mesh_handlers.go:1280.2,1281.16 2 0
github.com/gatekey-project/gatekey/internal/api/mesh_handlers.go:1281.16,1285.3 3 0
github.com/gatekey-project/gatekey/internal/api/mesh_handlers.go:1287.2,1288.28 2 0
github.com/gatekey-project/gatekey/internal/api/mesh_handlers.go:1288.28,1297.3 1 0
github.com/gatekey-project/gatekey/internal/api/mesh_handlers.go:1299.2,1299.48 1 0
github.com/gatekey-project/gatekey/internal/api/mesh_handlers.go:1302.59,1310.47 3 0
github.com/gatekey-project/gatekey/internal/api/mesh_handlers.go:1310.47,1313.3 2 0
github.com/gatekey-project/gatekey/internal/api/mesh_handlers.go:1316.2,1317.16 2 0
github.com/gatekey-project/gatekey/internal/api/mesh_handlers.go:1317.16,1320.3 2 0
github.com/gatekey-project/gatekey/internal/api/mesh_handlers.go:1324.2,1328.42 2 0
github.com/gatekey-project/gatekey/internal/api/mesh_handlers.go:1331.62,1340.47 3 0
github.com/gatekey-project/gatekey/internal/api/mesh_handlers.go:1340.47,1343.3 2 0
github.com/gatekey-project/gatekey/internal/api/mesh_handlers.go:1345.2,1346.16 2 0
github.com/gatekey-project/gatekey/internal/api/mesh_handlers.go:1346.16,1349.3 2 0
github.com/gatekey-project/gatekey/internal/api/mesh_handlers.go:1351.2,1356.23 2 0
github.com/gatekey-project/gatekey/internal/api/mesh_handlers.go:1356.23,1358.3 1 0
github.com/gatekey-project/gatekey/internal/api/mesh_handlers.go:1360.2,1360.42 1 0
github.com/gatekey-project/gatekey/internal/api/mesh_handlers.go:1363.60,1373.47 3 0
github.com/gatekey-project/gatekey/internal/api/mesh_handlers.go:1373.47,1376.3 2 0
github.com/gatekey-project/gatekey/internal/api/mesh_handlers.go:1378.2,1379.16 2 0
github.com/gatekey-project/gatekey/internal/api/mesh_handlers.go:1379.16,1382.3 2 0
github.com/gatekey-project/gatekey/internal/api/mesh_handlers.go:1384.2,1393.45 3 0
github.com/gatekey-project/gatekey/internal/api/mesh_handlers.go:1393.45,1398.94 3 0
github.com/gatekey-project/gatekey/internal/api/mesh_handlers.go:1398.94,1401.4 2 0
github.com/gatekey-project/gatekey/internal/api/mesh_handlers.go:1401.9,1401.113 1 0
github.com/gatekey-project/gatekey/internal/api/mesh_handlers.go:1401.113,1404.4 2 0
github.com/gatekey-project/gatekey/internal/api/mesh_handlers.go:1406.3,1406.19 1 0
github.com/gatekey-project/gatekey/internal/api/mesh_handlers.go:1406.19,1413.18 2 0
github.com/gatekey-project/gatekey/internal/api/mesh_handlers.go:1413.18,1418.5 1 0
github.com/gatekey-project/gatekey/internal/api/mesh_handlers.go:1421.4,1425.18 2 0
github.com/gatekey-project/gatekey/internal/api/mesh_handlers.go:1425.18,1430.5 1 0
github.com/gatekey-project/gatekey/internal/api/mesh_handlers.go:1434.2,1434.42 1 0
github.com/gatekey-project/gatekey/internal/api/mesh_handlers.go:1437.63,1448.47 3 0
github.com/gatekey-project/gatekey/internal/api/mesh_handlers.go:1448.47,1451.3 2 0
github.com/gatekey-project/gatekey/internal/api/mesh_handlers.go:1453.2,1454.16 2 0
github.com/gatekey-project/gatekey/internal/api/mesh_handlers.go:1454.16,1457.3 2 0
github.com/gatekey-project/gatekey/internal/api/mesh_handlers.go:1459.2,1469.24 3 0
github.com/gatekey-project/gatekey/internal/api/mesh_handlers.go:1469.24,1480.17 2 0
github.com/gatekey-project/gatekey/internal/api/mesh_handlers.go:1480.17,1485.4 1 0
github.com/gatekey-project/gatekey/internal/api/mesh_handlers.go:1488.2,1488.42 1 0
github.com/gatekey-project/gatekey/internal/api/mesh_handlers.go:1493.56,1501.47 3 0
github.com/gatekey-project/gatekey/internal/api/mesh_handlers.go:1501.47,1504.3 2 0
github.com/gatekey-project/gatekey/internal/api/mesh_handlers.go:1506.2,1507.16 2 0
github.com/gatekey-project/gatekey/internal/api/mesh_handlers.go:1507.16,1510.3 2 0
github.com/gatekey-project/gatekey/internal/api/mesh_handlers.go:1513.2,1514.16 2 0
github.com/gatekey-project/gatekey/internal/api/mesh_handlers.go:1514.16,1520.3 2 0
github.com/gatekey-project/gatekey/internal/api/mesh_handlers.go:1522.2,1529.4 2 0
github.com/gatekey-project/gatekey/internal/api/mesh_handlers.go:1534.59,1542.47 3 0
github.com/gatekey-project/gatekey/internal/api/mesh_handlers.go:1542.47,1545.3 2 0
github.com/gatekey-project/gatekey/internal/api/mesh_handlers.go:1547.2,1548.16 2 0
github.com/gatekey-project/gatekey/internal/api/mesh_handlers.go:1548.16,1551.3 2 0
github.com/gatekey-project/gatekey/internal/api/mesh_handlers.go:1554.2,1555.36 2 0
github.com/gatekey-project/gatekey/internal/api/mesh_handlers.go:1555.36,1557.17 2 0
github.com/gatekey-project/gatekey/internal/api/mesh_handlers.go:1557.17,1561.12 2 0
github.com/gatekey-project/gatekey/internal/api/mesh_handlers.go:1563.3,1563.29 1 0
github.com/gatekey-project/gatekey/internal/api/mesh_handlers.go:1566.2,1568.4 1 0
github.com/gatekey-project/gatekey/internal/api/mesh_handlers.go:1573.56,1588.47 3 0
github.com/gatekey-project/gatekey/internal/api/mesh_handlers.go:1588.47,1591.3 2 0
github.com/gatekey-project/gatekey/internal/api/mesh_handlers.go:1593.2,1594.16 2 0
github.com/gatekey-project/gatekey/internal/api/mesh_handlers.go:1594.16,1597.3 2 0
github.com/gatekey-project/gatekey/internal/api/mesh_handlers.go:1600.2,1601.37 2 0
github.com/gatekey-project/gatekey/internal/api/mesh_handlers.go:1601.37,1602.28 1 0
github.com/gatekey-project/gatekey/internal/api/mesh_handlers.go:1602.28,1604.4 1 0
github.com/gatekey-project/gatekey/internal/api/mesh_handlers.go:1608.2,1608.37 1 0
github.com/gatekey-project/gatekey/internal/api/mesh_handlers.go:1608.37,1609.28 1 0
github.com/gatekey-project/gatekey/internal/api/mesh_handlers.go:1609.28,1610.12 1 0
github.com/gatekey-project/gatekey/internal/api/mesh_handlers.go:1614.3,1623.17 2 0
github.com/gatekey-project/gatekey/internal/api/mesh_handlers.go:1623.17,1628.12 2 0
github.com/gatekey-project/gatekey/internal/api/mesh_handlers.go:1633.3,1633.55 1 0
github.com/gatekey-project/gatekey/internal/api/mesh_handlers.go:1633.55,1638.33 4 0
github.com/gatekey-project/gatekey/internal/api/mesh_handlers.go:1638.33,1641.5 2 0
github.com/gatekey-project/gatekey/internal/api/mesh_handlers.go:1641.10,1644.44 2 0
github.com/gatekey-project/gatekey/internal/api/mesh_handlers.go:1644.44,1647.6 2 0
github.com/gatekey-project/gatekey/internal/api/mesh_handlers.go:1650.4,1650.20 1 0
github.com/gatekey-project/gatekey/internal/api/mesh_handlers.go:1650.20,1663.19 3 0
github.com/gatekey-project/gatekey/internal/api/mesh_handlers.go:1663.19,1668.6 1 0
github.com/gatekey-project/gatekey/internal/api/mesh_handlers.go:1668.11,1673.6 1 0
github.com/gatekey-project/gatekey/internal/api/mesh_handlers.go:1681.2,1684.25 3 0
github.com/gatekey-project/gatekey/internal/api/mesh_handlers.go:1684.25,1694.3 1 0
github.com/gatekey-project/gatekey/internal/api/mesh_handlers.go:1694.8,1707.3 1 0
github.com/gatekey-project/gatekey/internal/api/mesh_handlers.go:1708.2,1708.16 1 0
github.com/gatekey-project/gatekey/internal/api/mesh_handlers.go:1708.16,1710.3 1 0
github.com/gatekey-project/gatekey/internal/api/mesh_handlers.go:1710.8,1711.58 1 0
github.com/gatekey-project/gatekey/internal/api/mesh_handlers.go:1711.58,1715.4 1 0
github.com/gatekey-project/gatekey/internal/api/mesh_handlers.go:1718.2,1718.42 1 0
github.com/gatekey-project/gatekey/internal/api/mesh_handlers.go:1722.53,1724.22 2 0
github.com/gatekey-project/gatekey/internal/api/mesh_handlers.go:1724.22,1726.3 1 0
github.com/gatekey-project/gatekey/internal/api/mesh_handlers.go:1727.2,1727.15 1 0
github.com/gatekey-project/gatekey/internal/api/mesh_handlers.go:1732.66,1739.47 3 0
github.com/gatekey-project/gatekey/internal/api/mesh_handlers.go:1739.47,1742.3 2 0
github.com/gatekey-project/gatekey/internal/api/mesh_handlers.go:1744.2,1745.16 2 0
github.com/gatekey-project/gatekey/internal/api/mesh_handlers.go:1745.16,1746.37 1 0
github.com/gatekey-project/gatekey/internal/api/mesh_handlers.go:1746.37,1749.4 2 0
github.com/gatekey-project/gatekey/internal/api/mesh_handlers.go:1750.3,1752.9 3 0
github.com/gatekey-project/gatekey/internal/api/mesh_handlers.go:1755.2,1756.16 2 0
github.com/gatekey-project/gatekey/internal/api/mesh_handlers.go:1756.16,1760.3 3 0
github.com/gatekey-project/gatekey/internal/api/mesh_handlers.go:1763.2,1763.41 1 0
github.com/gatekey-project/gatekey/internal/api/mesh_handlers.go:1763.41,1767.18 2 0
github.com/gatekey-project/gatekey/internal/api/mesh_handlers.go:1767.18,1770.4 2 0
github.com/gatekey-project/gatekey/internal/api/mesh_handlers.go:1773.3,1774.17 2 0
github.com/gatekey-project/gatekey/internal/api/mesh_handlers.go:1774.17,1778.4 3 0
github.com/gatekey-project/gatekey/internal/api/mesh_handlers.go:1781.3,1784.17 2 0
github.com/gatekey-project/gatekey/internal/api/mesh_handlers.go:1784.17,1788.4 3 0
github.com/gatekey-project/gatekey/internal/api/mesh_handlers.go:1791.3,1795.25 3 0
github.com/gatekey-project/gatekey/internal/api/mesh_handlers.go:1795.25,1797.18 2 0
github.com/gatekey-project/gatekey/internal/api/mesh_handlers.go:1797.18,1801.5 3 0
github.com/gatekey-project/gatekey/internal/api/mesh_handlers.go:1805.3,1805.131 1 0
github.com/gatekey-project/gatekey/internal/api/mesh_handlers.go:1805.131,1809.4 3 0
github.com/gatekey-project/gatekey/internal/api/mesh_handlers.go:1812.3,1819.92 7 0
github.com/gatekey-project/gatekey/internal/api/mesh_handlers.go:1823.2,1829.39 5 0
github.com/gatekey-project/gatekey/internal/api/mesh_handlers.go:1829.39,1831.54 1 0
github.com/gatekey-project/gatekey/internal/api/mesh_handlers.go:1831.54,1834.4 2 0
github.com/gatekey-project/gatekey/internal/api/mesh_handlers.go:1837.2,1837.18 1 0
github.com/gatekey-project/gatekey/internal/api/mesh_handlers.go:1837.18,1846.17 3 0
github.com/gatekey-project/gatekey/internal/api/mesh_handlers.go:1846.17,1850.4 3 0
github.com/gatekey-project/gatekey/internal/api/mesh_handlers.go:1851.3,1855.21 3 0
github.com/gatekey-project/gatekey/internal/api/mesh_handlers.go:1855.21,1857.4 1 0
github.com/gatekey-project/gatekey/internal/api/mesh_handlers.go:1860.3,1860.101 1 0
github.com/gatekey-project/gatekey/internal/api/mesh_handlers.go:1860.101,1864.4 3 0
github.com/gatekey-project/gatekey/internal/api/mesh_handlers.go:1867.3,1867.114 1 0
github.com/gatekey-project/gatekey/internal/api/mesh_handlers.go:1867.114,1869.4 1 0
github.com/gatekey-project/gatekey/internal/api/mesh_handlers.go:1873.2,1874.17 2 0
github.com/gatekey-project/gatekey/internal/api/mesh_handlers.go:1874.17,1877.3 2 0
github.com/gatekey-project/gatekey/internal/api/mesh_handlers.go:1879.2,1895.4 1 0
github.com/gatekey-project/gatekey/internal/api/mesh_handlers.go:1898.59,1911.47 3 0
github.com/gatekey-project/gatekey/internal/api/mesh_handlers.go:1911.47,1914.3 2 0
github.com/gatekey-project/gatekey/internal/api/mesh_handlers.go:1916.2,1917.16 2 0
github.com/gatekey-project/gatekey/internal/api/mesh_handlers.go:1917.16,1918.37 1 0
github.com/gatekey-project/gatekey/internal/api/mesh_handlers.go:1918.37,1921.4 2 0
github.com/gatekey-project/gatekey/internal/api/mesh_handlers.go:1922.3,1924.9 3 0
github.com/gatekey-project/gatekey/internal/api/mesh_handlers.go:1927.2,1928.18 2 0
github.com/gatekey-project/gatekey/internal/api/mesh_handlers.go:1928.18,1930.3 1 0
github.com/gatekey-project/gatekey/internal/api/mesh_handlers.go:1932.2,1932.145 1 0
github.com/gatekey-project/gatekey/internal/api/mesh_handlers.go:1932.145,1934.3 1 0
github.com/gatekey-project/gatekey/internal/api/mesh_handlers.go:1937.2,1938.16 2 0
github.com/gatekey-project/gatekey/internal/api/mesh_handlers.go:1938.16,1942.3 3 0
github.com/gatekey-project/gatekey/internal/api/mesh_handlers.go:1945.2,1950.22 3 0
github.com/gatekey-project/gatekey/internal/api/mesh_handlers.go:1950.22,1955.3 1 0
github.com/gatekey-project/gatekey/internal/api/mesh_handlers.go:1958.2,1959.46 2 0
github.com/gatekey-project/gatekey/internal/api/mesh_handlers.go:1959.46,1961.3 1 0
github.com/gatekey-project/gatekey/internal/api/mesh_handlers.go:1963.2,1969.4 1 0
github.com/gatekey-project/gatekey/internal/api/mesh_handlers.go:1974.141,1977.40 2 0
github.com/gatekey-project/gatekey/internal/api/mesh_handlers.go:1977.40,1980.3 2 0
github.com/gatekey-project/gatekey/internal/api/mesh_handlers.go:1983.2,1984.18 2 0
github.com/gatekey-project/gatekey/internal/api/mesh_handlers.go:1984.18,1987.3 2 0
github.com/gatekey-project/gatekey/internal/api/mesh_handlers.go:1989.2,1991.37 3 0
github.com/gatekey-project/gatekey/internal/api/mesh_handlers.go:1996.56,1999.48 2 0
github.com/gatekey-project/gatekey/internal/api/mesh_handlers.go:1999.48,2002.3 2 0
github.com/gatekey-project/gatekey/internal/api/mesh_handlers.go:2005.2,2006.22 2 0
github.com/gatekey-project/gatekey/internal/api/mesh_handlers.go:2006.22,2009.3 2 0
github.com/gatekey-project/gatekey/internal/api/mesh_handlers.go:2011.2,2021.37 3 0
github.com/gatekey-project/gatekey/internal/api/mesh_handlers.go:2024.43,2027.48 2 0
github.com/gatekey-project/gatekey/internal/api/mesh_handlers.go:2027.48,2029.3 1 0
github.com/gatekey-project/gatekey/internal/api/mesh_handlers.go:2032.2,2035.36 4 0
github.com/gatekey-project/gatekey/internal/api/mesh_handlers.go:2035.36,2037.21 2 0
github.com/gatekey-project/gatekey/internal/api/mesh_handlers.go:2037.21,2039.4 1 0
github.com/gatekey-project/gatekey/internal/api/mesh_handlers.go:2040.3,2041.23 2 0
github.com/gatekey-project/gatekey/internal/api/mesh_handlers.go:2043.2,2045.25 2 0
github.com/gatekey-project/gatekey/internal/api/mesh_handlers.go:2048.59,2129.2 1 0
github.com/gatekey-project/gatekey/internal/api/mesh_handlers.go:2131.79,2225.2 2 0
github.com/gatekey-project/gatekey/internal/api/mesh_handlers.go:2230.57,2234.16 3 0
github.com/gatekey-project/gatekey/internal/api/mesh_handlers.go:2234.16,2237.3 2 0
github.com/gatekey-project/gatekey/internal/api/mesh_handlers.go:2239.2,2240.16 2 0
github.com/gatekey-project/gatekey/internal/api/mesh_handlers.go:2240.16,2244.3 3 0
github.com/gatekey-project/gatekey/internal/api/mesh_handlers.go:2246.2,2247.27 2 0
github.com/gatekey-project/gatekey/internal/api/mesh_handlers.go:2247.27,2249.43 1 0
github.com/gatekey-project/gatekey/internal/api/mesh_handlers.go:2249.43,2250.12 1 0
github.com/gatekey-project/gatekey/internal/api/mesh_handlers.go:2252.3,2262.5 1 0
github.com/gatekey-project/gatekey/internal/api/mesh_handlers.go:2265.2,2265.46 1 0
github.com/gatekey-project/gatekey/internal/api/mesh_handlers.go:2269.65,2273.16 3 0
github.com/gatekey-project/gatekey/internal/api/mesh_handlers.go:2273.16,2276.3 2 0
github.com/gatekey-project/gatekey/internal/api/mesh_handlers.go:2278.2,2281.47 2 0
github.com/gatekey-project/gatekey/internal/api/mesh_handlers.go:2281.47,2284.3 2 0
github.com/gatekey-project/gatekey/internal/api/mesh_handlers.go:2287.2,2288.16 2 0
github.com/gatekey-project/gatekey/internal/api/mesh_handlers.go:2288.16,2289.35 1 0
github.com/gatekey-project/gatekey/internal/api/mesh_handlers.go:2289.35,2292.4 2 0
github.com/gatekey-project/gatekey/internal/api/mesh_handlers.go:2293.3,2295.9 3 0
github.com/gatekey-project/gatekey/internal/api/mesh_handlers.go:2299.2,2299.42 1 0
github.com/gatekey-project/gatekey/internal/api/mesh_handlers.go:2299.42,2302.3 2 0
github.com/gatekey-project/gatekey/internal/api/mesh_handlers.go:2305.2,2306.16 2 0
github.com/gatekey-project/gatekey/internal/api/mesh_handlers.go:2306.16,2310.3 3 0
github.com/gatekey-project/gatekey/internal/api/mesh_handlers.go:2311.2,2311.16 1 0
github.com/gatekey-project/gatekey/internal/api/mesh_handlers.go:2311.16,2314.3 2 0
github.com/gatekey-project/gatekey/internal/api/mesh_handlers.go:2317.2,2317.41 1 0
github.com/gatekey-project/gatekey/internal/api/mesh_handlers.go:2317.41,2320.3 2 0
github.com/gatekey-project/gatekey/internal/api/mesh_handlers.go:2323.2,2323.17 1 0
github.com/gatekey-project/gatekey/internal/api/mesh_handlers.go:2323.17,2326.3 2 0
github.com/gatekey-project/gatekey/internal/api/mesh_handlers.go:2329.2,2330.35 2 0
github.com/gatekey-project/gatekey/internal/api/mesh_handlers.go:2330.35,2332.3 1 0
github.com/gatekey-project/gatekey/internal/api/mesh_handlers.go:2334.2,2335.16 2 0
github.com/gatekey-project/gatekey/internal/api/mesh_handlers.go:2335.16,2339.3 3 0
github.com/gatekey-project/gatekey/internal/api/mesh_handlers.go:2342.2,2343.16 2 0
github.com/gatekey-project/gatekey/internal/api/mesh_handlers.go:2343.16,2347.3 3 0
github.com/gatekey-project/gatekey/internal/api/mesh_handlers.go:2351.2,2352.16 2 0
github.com/gatekey-project/gatekey/internal/api/mesh_handlers.go:2352.16,2355.3 1 0
github.com/gatekey-project/gatekey/internal/api/mesh_handlers.go:2359.2,2360.16 2 0
github.com/gatekey-project/gatekey/internal/api/mesh_handlers.go:2360.16,2362.3 1 0
github.com/gatekey-project/gatekey/internal/api/mesh_handlers.go:2363.2,2368.31 4 0
github.com/gatekey-project/gatekey/internal/api/mesh_handlers.go:2368.31,2369.34 1 0
github.com/gatekey-project/gatekey/internal/api/mesh_handlers.go:2369.34,2372.4 2 0
github.com/gatekey-project/gatekey/internal/api/mesh_handlers.go:2374.2,2379.17 3 0
github.com/gatekey-project/gatekey/internal/api/mesh_handlers.go:2379.17,2381.44 2 0
github.com/gatekey-project/gatekey/internal/api/mesh_handlers.go:2381.44,2383.4 1 0
github.com/gatekey-project/gatekey/internal/api/mesh_handlers.go:2384.3,2384.28 1 0
github.com/gatekey-project/gatekey/internal/api/mesh_handlers.go:2388.2,2408.70 6 0
github.com/gatekey-project/gatekey/internal/api/mesh_handlers.go:2408.70,2411.3 1 0
github.com/gatekey-project/gatekey/internal/api/mesh_handlers.go:2411.8,2416.3 1 0
github.com/gatekey-project/gatekey/internal/api/mesh_handlers.go:2418.2,2423.4 1 0
github.com/gatekey-project/gatekey/internal/api/mesh_handlers.go:2427.84,2429.18 2 0
github.com/gatekey-project/gatekey/internal/api/mesh_handlers.go:2429.18,2431.3 1 0
github.com/gatekey-project/gatekey/internal/api/mesh_handlers.go:2433.2,2434.16 2 0
github.com/gatekey-project/gatekey/internal/api/mesh_handlers.go:2434.16,2436.3 1 0
github.com/gatekey-project/gatekey/internal/api/mesh_handlers.go:2439.2,2445.39 4 0
github.com/gatekey-project/gatekey/internal/api/mesh_handlers.go:2449.28,2456.2 5 0
github.com/gatekey-project/gatekey/internal/api/mesh_handlers.go:2459.129,2462.24 2 0
github.com/gatekey-project/gatekey/internal/api/mesh_handlers.go:2462.24,2464.3 1 0
github.com/gatekey-project/gatekey/internal/api/mesh_handlers.go:2465.2,2466.16 2 0
github.com/gatekey-project/gatekey/internal/api/mesh_handlers.go:2466.16,2468.3 1 0
github.com/gatekey-project/gatekey/internal/api/mesh_handlers.go:2471.2,2472.23 2 0
github.com/gatekey-project/gatekey/internal/api/mesh_handlers.go:2472.23,2474.3 1 0
github.com/gatekey-project/gatekey/internal/api/mesh_handlers.go:2476.2,2477.25 2 0
github.com/gatekey-project/gatekey/internal/api/mesh_handlers.go:2478.25,2479.59 1 0
github.com/gatekey-project/gatekey/internal/api/mesh_handlers.go:2480.24,2481.56 1 0
github.com/gatekey-project/gatekey/internal/api/mesh_handlers.go:2482.21,2484.22 2 0
github.com/gatekey-project/gatekey/internal/api/mesh_handlers.go:2484.22,2486.4 1 0
github.com/gatekey-project/gatekey/internal/api/mesh_handlers.go:2487.3,2489.10 3 0
github.com/gatekey-project/gatekey/internal/api/mesh_handlers.go:2489.10,2491.4 1 0
github.com/gatekey-project/gatekey/internal/api/mesh_handlers.go:2492.10,2493.81 1 0
github.com/gatekey-project/gatekey/internal/api/mesh_handlers.go:2495.2,2495.16 1 0
github.com/gatekey-project/gatekey/internal/api/mesh_handlers.go:2495.16,2497.3 1 0
github.com/gatekey-project/gatekey/internal/api/mesh_handlers.go:2500.2,2501.16 2 0
github.com/gatekey-project/gatekey/internal/api/mesh_handlers.go:2501.16,2503.3 1 0
github.com/gatekey-project/gatekey/internal/api/mesh_handlers.go:2506.2,2507.16 2 0
github.com/gatekey-project/gatekey/internal/api/mesh_handlers.go:2507.16,2509.3 1 0
github.com/gatekey-project/gatekey/internal/api/mesh_handlers.go:2512.2,2528.16 4 0
github.com/gatekey-project/gatekey/internal/api/mesh_handlers.go:2528.16,2530.3 1 0
github.com/gatekey-project/gatekey/internal/api/mesh_handlers.go:2533.2,2540.16 3 0
github.com/gatekey-project/gatekey/internal/api/mesh_handlers.go:2540.16,2542.3 1 0
github.com/gatekey-project/gatekey/internal/api/mesh_handlers.go:2543.2,2548.29 2 0
github.com/gatekey-project/gatekey/internal/api/mesh_handlers.go:2552.115,2571.27 15 0
github.com/gatekey-project/gatekey/internal/api/mesh_handlers.go:2572.14,2575.111 3 0
github.com/gatekey-project/gatekey/internal/api/mesh_handlers.go:2576.16,2578.34 2 0
github.com/gatekey-project/gatekey/internal/api/mesh_handlers.go:2579.10,2581.34 2 0
github.com/gatekey-project/gatekey/internal/api/mesh_handlers.go:2583.2,2590.24 5 0
github.com/gatekey-project/gatekey/internal/api/mesh_handlers.go:2590.24,2594.3 3 0
github.com/gatekey-project/gatekey/internal/api/mesh_handlers.go:2594.8,2594.28 1 0
github.com/gatekey-project/gatekey/internal/api/mesh_handlers.go:2594.28,2598.32 3 0
github.com/gatekey-project/gatekey/internal/api/mesh_handlers.go:2598.32,2600.36 1 0
github.com/gatekey-project/gatekey/internal/api/mesh_handlers.go:2600.36,2602.5 1 0
github.com/gatekey-project/gatekey/internal/api/mesh_handlers.go:2602.10,2604.5 1 0
github.com/gatekey-project/gatekey/internal/api/mesh_handlers.go:2607.3,2607.20 1 0
github.com/gatekey-project/gatekey/internal/api/mesh_handlers.go:2607.20,2608.33 1 0
github.com/gatekey-project/gatekey/internal/api/mesh_handlers.go:2608.33,2609.38 1 0
github.com/gatekey-project/gatekey/internal/api/mesh_handlers.go:2609.38,2611.20 2 0
github.com/gatekey-project/gatekey/internal/api/mesh_handlers.go:2611.20,2613.7 1 0
github.com/gatekey-project/gatekey/internal/api/mesh_handlers.go:2618.3,2618.20 1 0
github.com/gatekey-project/gatekey/internal/api/mesh_handlers.go:2618.20,2620.33 2 0
github.com/gatekey-project/gatekey/internal/api/mesh_handlers.go:2620.33,2621.37 1 0
github.com/gatekey-project/gatekey/internal/api/mesh_handlers.go:2621.37,2623.6 1 0
github.com/gatekey-project/gatekey/internal/api/mesh_handlers.go:2626.3,2626.23 1 0
github.com/gatekey-project/gatekey/internal/api/mesh_handlers.go:2630.2,2630.17 1 0
github.com/gatekey-project/gatekey/internal/api/mesh_handlers.go:2630.17,2632.30 2 0
github.com/gatekey-project/gatekey/internal/api/mesh_handlers.go:2632.30,2633.39 1 0
github.com/gatekey-project/gatekey/internal/api/mesh_handlers.go:2633.39,2635.5 1 0
github.com/gatekey-project/gatekey/internal/api/mesh_handlers.go:2636.9,2640.4 2 0
github.com/gatekey-project/gatekey/internal/api/mesh_handlers.go:2641.3,2641.23 1 0
github.com/gatekey-project/gatekey/internal/api/mesh_handlers.go:2644.2,2650.39 5 0
github.com/gatekey-project/gatekey/internal/api/mesh_handlers.go:2650.39,2652.3 1 0
github.com/gatekey-project/gatekey/internal/api/mesh_handlers.go:2653.2,2657.42 4 0
github.com/gatekey-project/gatekey/internal/api/mesh_handlers.go:2657.42,2659.3 1 0
github.com/gatekey-project/gatekey/internal/api/mesh_handlers.go:2660.2,2664.41 4 0
github.com/gatekey-project/gatekey/internal/api/mesh_handlers.go:2664.41,2666.3 1 0
github.com/gatekey-project/gatekey/internal/api/mesh_handlers.go:2667.2,2670.48 2 0
github.com/gatekey-project/gatekey/internal/api/mesh_handlers.go:2670.48,2673.47 3 0
github.com/gatekey-project/gatekey/internal/api/mesh_handlers.go:2673.47,2675.4 1 0
github.com/gatekey-project/gatekey/internal/api/mesh_handlers.go:2676.3,2677.38 2 0
github.com/gatekey-project/gatekey/internal/api/mesh_handlers.go:2680.2,2680.20 1 0
github.com/gatekey-project/gatekey/internal/api/mesh_handlers.go:2686.66,2687.46 1 0
github.com/gatekey-project/gatekey/internal/api/mesh_handlers.go:2687.46,2689.3 1 0
github.com/gatekey-project/gatekey/internal/api/mesh_handlers.go:2692.2,2693.18 2 0
github.com/gatekey-project/gatekey/internal/api/mesh_handlers.go:2693.18,2696.3 2 0
github.com/gatekey-project/gatekey/internal/api/mesh_handlers.go:2698.2,2699.16 2 0
github.com/gatekey-project/gatekey/internal/api/mesh_handlers.go:2699.16,2702.3 2 0
github.com/gatekey-project/gatekey/internal/api/mesh_handlers.go:2705.2,2709.67 2 0
github.com/gatekey-project/gatekey/internal/api/mesh_handlers.go:2709.67,2710.61 1 0
github.com/gatekey-project/gatekey/internal/api/mesh_handlers.go:2710.61,2715.4 2 0
github.com/gatekey-project/gatekey/internal/api/mesh_handlers.go:2719.2,2726.46 4 0
github.com/gatekey-project/gatekey/internal/api/mesh_handlers.go:2726.46,2730.3 2 0
github.com/gatekey-project/gatekey/internal/api/mesh_handlers.go:2732.2,2732.14 1 0
github.com/gatekey-project/gatekey/internal/api/mesh_handlers.go:2736.35,2737.22 1 0
github.com/gatekey-project/gatekey/internal/api/mesh_handlers.go:2737.22,2739.3 1 0
github.com/gatekey-project/gatekey/internal/api/mesh_handlers.go:2740.2,2740.19 1 0
github.com/gatekey-project/gatekey/internal/api/mesh_handlers.go:2740.19,2741.19 1 0
github.com/gatekey-project/gatekey/internal/api/mesh_handlers.go:2741.19,2743.4 1 0
github.com/gatekey-project/gatekey/internal/api/mesh_handlers.go:2745.2,2745.13 1 0
github.com/gatekey-project/gatekey/internal/api/mesh_handlers.go:2749.67,2752.22 2 0
github.com/gatekey-project/gatekey/internal/api/mesh_handlers.go:2752.22,2754.3 1 0
github.com/gatekey-project/gatekey/internal/api/mesh_handlers.go:2755.2,2756.16 2 0
github.com/gatekey-project/gatekey/internal/api/mesh_handlers.go:2756.16,2758.3 1 0
github.com/gatekey-project/gatekey/internal/api/mesh_handlers.go:2761.2,2762.20 2 0
github.com/gatekey-project/gatekey/internal/api/mesh_handlers.go:2762.20,2764.3 1 0
github.com/gatekey-project/gatekey/internal/api/mesh_handlers.go:2765.2,2766.16 2 0
github.com/gatekey-project/gatekey/internal/api/mesh_handlers.go:2766.16,2768.3 1 0
github.com/gatekey-project/gatekey/internal/api/mesh_handlers.go:2771.2,2780.19 5 0
github.com/gatekey-project/gatekey/internal/api/mesh_handlers.go:2786.60,2788.16 2 0
github.com/gatekey-project/gatekey/internal/api/mesh_handlers.go:2788.16,2791.3 2 0
github.com/gatekey-project/gatekey/internal/api/mesh_handlers.go:2793.2,2794.16 2 0
github.com/gatekey-project/gatekey/internal/api/mesh_handlers.go:2794.16,2798.3 3 0
github.com/gatekey-project/gatekey/internal/api/mesh_handlers.go:2800.2,2801.30 2 0
github.com/gatekey-project/gatekey/internal/api/mesh_handlers.go:2801.30,2813.27 2 0
github.com/gatekey-project/gatekey/internal/api/mesh_handlers.go:2813.27,2815.4 1 0
github.com/gatekey-project/gatekey/internal/api/mesh_handlers.go:2818.2,2818.49 1 0
github.com/gatekey-project/gatekey/internal/api/mesh_handlers.go:2822.57,2826.16 3 0
github.com/gatekey-project/gatekey/internal/api/mesh_handlers.go:2826.16,2829.3 2 0
github.com/gatekey-project/gatekey/internal/api/mesh_handlers.go:2832.2,2833.16 2 0
github.com/gatekey-project/gatekey/internal/api/mesh_handlers.go:2833.16,2834.72 1 0
github.com/gatekey-project/gatekey/internal/api/mesh_handlers.go:2834.72,2837.4 2 0
github.com/gatekey-project/gatekey/internal/api/mesh_handlers.go:2838.3,2840.9 3 0
github.com/gatekey-project/gatekey/internal/api/mesh_handlers.go:2844.2,2844.34 1 0
github.com/gatekey-project/gatekey/internal/api/mesh_handlers.go:2844.34,2847.3 2 0
github.com/gatekey-project/gatekey/internal/api/mesh_handlers.go:2850.2,2850.105 1 0
github.com/gatekey-project/gatekey/internal/api/mesh_handlers.go:2850.105,2851.38 1 0
github.com/gatekey-project/gatekey/internal/api/mesh_handlers.go:2851.38,2854.4 2 0
github.com/gatekey-project/gatekey/internal/api/mesh_handlers.go:2855.3,2857.9 3 0
github.com/gatekey-project/gatekey/internal/api/mesh_handlers.go:2860.2,2867.4 2 0
github.com/gatekey-project/gatekey/internal/api/mesh_handlers.go:2871.59,2875.16 3 0
github.com/gatekey-project/gatekey/internal/api/mesh_handlers.go:2875.16,2878.3 2 0
github.com/gatekey-project/gatekey/internal/api/mesh_handlers.go:2880.2,2881.16 2 0
github.com/gatekey-project/gatekey/internal/api/mesh_handlers.go:2881.16,2882.38 1 0
github.com/gatekey-project/gatekey/internal/api/mesh_handlers.go:2882.38,2885.4 2 0
github.com/gatekey-project/gatekey/internal/api/mesh_handlers.go:2886.3,2886.37 1 0
github.com/gatekey-project/gatekey/internal/api/mesh_handlers.go:2886.37,2889.4 2 0
github.com/gatekey-project/gatekey/internal/api/mesh_handlers.go:2890.3,2890.37 1 0
github.com/gatekey-project/gatekey/internal/api/mesh_handlers.go:2890.37,2893.4 2 0
github.com/gatekey-project/gatekey/internal/api/mesh_handlers.go:2894.3,2896.9 3 0
github.com/gatekey-project/gatekey/internal/api/mesh_handlers.go:2900.2,2900.34 1 0
github.com/gatekey-project/gatekey/internal/api/mesh_handlers.go:2900.34,2903.3 2 0
github.com/gatekey-project/gatekey/internal/api/mesh_handlers.go:2906.2,2906.22 1 0
github.com/gatekey-project/gatekey/internal/api/mesh_handlers.go:2906.22,2909.3 2 0
github.com/gatekey-project/gatekey/internal/api/mesh_handlers.go:2912.2,2916.75 4 0
github.com/gatekey-project/gatekey/internal/api/mesh_handlers.go:2922.61,2927.16 4 0
github.com/gatekey-project/gatekey/internal/api/mesh_handlers.go:2927.16,2931.3 3 0
github.com/gatekey-project/gatekey/internal/api/mesh_handlers.go:2933.2,2934.30 2 0
github.com/gatekey-project/gatekey/internal/api/mesh_handlers.go:2934.30,2951.27 2 0
github.com/gatekey-project/gatekey/internal/api/mesh_handlers.go:2951.27,2953.4 1 0
github.com/gatekey-project/gatekey/internal/api/mesh_handlers.go:2954.3,2954.30 1 0
github.com/gatekey-project/gatekey/internal/api/mesh_handlers.go:2954.30,2956.4 1 0
github.com/gatekey-project/gatekey/internal/api/mesh_handlers.go:2959.2,2959.65 1 0
github.com/gatekey-project/gatekey/internal/api/mesh_handlers.go:2963.62,2969.47 3 0
github.com/gatekey-project/gatekey/internal/api/mesh_handlers.go:2969.47,2971.3 1 0
github.com/gatekey-project/gatekey/internal/api/mesh_handlers.go:2973.2,2973.98 1 0
github.com/gatekey-project/gatekey/internal/api/mesh_handlers.go:2973.98,2974.38 1 0
github.com/gatekey-project/gatekey/internal/api/mesh_handlers.go:2974.38,2977.4 2 0
github.com/gatekey-project/gatekey/internal/api/mesh_handlers.go:2978.3,2980.9 3 0
github.com/gatekey-project/gatekey/internal/api/mesh_handlers.go:2983.2,2988.4 2 0
github.com/gatekey-project/gatekey/internal/api/mesh_handlers.go:2992.67,2998.47 3 0
github.com/gatekey-project/gatekey/internal/api/mesh_handlers.go:2998.47,3000.3 1 0
github.com/gatekey-project/gatekey/internal/api/mesh_handlers.go:3002.2,3003.16 2 0
github.com/gatekey-project/gatekey/internal/api/mesh_handlers.go:3003.16,3007.3 3 0
github.com/gatekey-project/gatekey/internal/api/mesh_handlers.go:3009.2,3017.4 2 0
github.com/gatekey-project/gatekey/internal/api/mesh_handlers.go:3022.59,3028.16 4 0
github.com/gatekey-project/gatekey/internal/api/mesh_handlers.go:3028.16,3029.35 1 0
github.com/gatekey-project/gatekey/internal/api/mesh_handlers.go:3029.35,3032.4 2 0
github.com/gatekey-project/gatekey/internal/api/mesh_handlers.go:3033.3,3035.9 3 0
github.com/gatekey-project/gatekey/internal/api/mesh_handlers.go:3039.2,3040.16 2 0
github.com/gatekey-project/gatekey/internal/api/mesh_handlers.go:3040.16,3041.35 1 0
github.com/gatekey-project/gatekey/internal/api/mesh_handlers.go:3041.35,3044.4 2 0
github.com/gatekey-project/gatekey/internal/api/mesh_handlers.go:3045.3,3047.9 3 0
github.com/gatekey-project/gatekey/internal/api/mesh_handlers.go:3051.2,3052.26 2 0
github.com/gatekey-project/gatekey/internal/api/mesh_handlers.go:3052.26,3054.3 1 0
github.com/gatekey-project/gatekey/internal/api/mesh_handlers.go:3055.2,3071.4 4 0
github.com/gatekey-project/gatekey/internal/api/mesh_handlers.go:3076.61,3082.16 4 0
github.com/gatekey-project/gatekey/internal/api/mesh_handlers.go:3082.16,3083.37 1 0
github.com/gatekey-project/gatekey/internal/api/mesh_handlers.go:3083.37,3086.4 2 0
github.com/gatekey-project/gatekey/internal/api/mesh_handlers.go:3087.3,3089.9 3 0
github.com/gatekey-project/gatekey/internal/api/mesh_handlers.go:3093.2,3094.16 2 0
github.com/gatekey-project/gatekey/internal/api/mesh_handlers.go:3094.16,3098.3 3 0
github.com/gatekey-project/gatekey/internal/api/mesh_handlers.go:3101.2,3102.16 2 0
github.com/gatekey-project/gatekey/internal/api/mesh_handlers.go:3102.16,3103.37 1 0
github.com/gatekey-project/gatekey/internal/api/mesh_handlers.go:3103.37,3106.4 2 0
github.com/gatekey-project/gatekey/internal/api/mesh_handlers.go:3107.3,3109.9 3 0
github.com/gatekey-project/gatekey/internal/api/mesh_handlers.go:3113.2,3114.26 2 0
github.com/gatekey-project/gatekey/internal/api/mesh_handlers.go:3114.26,3116.3 1 0
github.com/gatekey-project/gatekey/internal/api/mesh_handlers.go:3117.2,3136.4 4 0
github.com/gatekey-project/gatekey/internal/api/mesh_wireguard_handlers.go:19.66,26.47 3 0
github.com/gatekey-project/gatekey/internal/api/mesh_wireguard_handlers.go:26.47,29.3 2 0
github.com/gatekey-project/gatekey/internal/api/mesh_wireguard_handlers.go:31.2,32.16 2 0
github.com/gatekey-project/gatekey/internal/api/mesh_wireguard_handlers.go:32.16,33.35 1 0
github.com/gatekey-project/gatekey/internal/api/mesh_wireguard_handlers.go:33.35,36.4 2 0
github.com/gatekey-project/gatekey/internal/api/mesh_wireguard_handlers.go:37.3,39.9 3 0
github.com/gatekey-project/gatekey/internal/api/mesh_wireguard_handlers.go:43.2,43.52 1 0
github.com/gatekey-project/gatekey/internal/api/mesh_wireguard_handlers.go:43.52,46.3 2 0
github.com/gatekey-project/gatekey/internal/api/mesh_wireguard_handlers.go:49.2,49.53 1 0
github.com/gatekey-project/gatekey/internal/api/mesh_wireguard_handlers.go:49.53,51.17 2 0
github.com/gatekey-project/gatekey/internal/api/mesh_wireguard_handlers.go:51.17,55.4 3 0
github.com/gatekey-project/gatekey/internal/api/mesh_wireguard_handlers.go:57.3,57.109 1 0
github.com/gatekey-project/gatekey/internal/api/mesh_wireguard_handlers.go:57.109,61.4 3 0
github.com/gatekey-project/gatekey/internal/api/mesh_wireguard_handlers.go:63.3,64.38 2 0
github.com/gatekey-project/gatekey/internal/api/mesh_wireguard_handlers.go:68.2,69.16 2 0
github.com/gatekey-project/gatekey/internal/api/mesh_wireguard_handlers.go:69.16,73.3 3 0
github.com/gatekey-project/gatekey/internal/api/mesh_wireguard_handlers.go:76.2,77.16 2 0
github.com/gatekey-project/gatekey/internal/api/mesh_wireguard_handlers.go:77.16,81.3 3 0
github.com/gatekey-project/gatekey/internal/api/mesh_wireguard_handlers.go:83.2,96.31 3 0
github.com/gatekey-project/gatekey/internal/api/mesh_wireguard_handlers.go:96.31,98.30 1 0
github.com/gatekey-project/gatekey/internal/api/mesh_wireguard_handlers.go:98.30,99.12 1 0
github.com/gatekey-project/gatekey/internal/api/mesh_wireguard_handlers.go:103.3,104.27 2 0
github.com/gatekey-project/gatekey/internal/api/mesh_wireguard_handlers.go:104.27,106.4 1 0
github.com/gatekey-project/gatekey/internal/api/mesh_wireguard_handlers.go:107.3,116.5 2 0
github.com/gatekey-project/gatekey/internal/api/mesh_wireguard_handlers.go:120.2,120.39 1 0
github.com/gatekey-project/gatekey/internal/api/mesh_wireguard_handlers.go:120.39,130.3 1 0
github.com/gatekey-project/gatekey/internal/api/mesh_wireguard_handlers.go:133.2,134.78 2 0
github.com/gatekey-project/gatekey/internal/api/mesh_wireguard_handlers.go:134.78,136.3 1 0
github.com/gatekey-project/gatekey/internal/api/mesh_wireguard_handlers.go:139.2,140.21 2 0
github.com/gatekey-project/gatekey/internal/api/mesh_wireguard_handlers.go:140.21,142.3 1 0
github.com/gatekey-project/gatekey/internal/api/mesh_wireguard_handlers.go:144.2,161.4 2 0
github.com/gatekey-project/gatekey/internal/api/mesh_wireguard_handlers.go:165.66,176.47 3 0
github.com/gatekey-project/gatekey/internal/api/mesh_wireguard_handlers.go:176.47,179.3 2 0
github.com/gatekey-project/gatekey/internal/api/mesh_wireguard_handlers.go:181.2,182.16 2 0
github.com/gatekey-project/gatekey/internal/api/mesh_wireguard_handlers.go:182.16,183.35 1 0
github.com/gatekey-project/gatekey/internal/api/mesh_wireguard_handlers.go:183.35,186.4 2 0
github.com/gatekey-project/gatekey/internal/api/mesh_wireguard_handlers.go:187.3,189.9 3 0
github.com/gatekey-project/gatekey/internal/api/mesh_wireguard_handlers.go:193.2,194.78 2 0
github.com/gatekey-project/gatekey/internal/api/mesh_wireguard_handlers.go:194.78,196.3 1 0
github.com/gatekey-project/gatekey/internal/api/mesh_wireguard_handlers.go:199.2,199.111 1 0
github.com/gatekey-project/gatekey/internal/api/mesh_wireguard_handlers.go:199.111,201.3 1 0
github.com/gatekey-project/gatekey/internal/api/mesh_wireguard_handlers.go:203.2,206.4 1 0
github.com/gatekey-project/gatekey/internal/api/mesh_wireguard_handlers.go:210.66,217.47 3 0
github.com/gatekey-project/gatekey/internal/api/mesh_wireguard_handlers.go:217.47,220.3 2 0
github.com/gatekey-project/gatekey/internal/api/mesh_wireguard_handlers.go:222.2,223.16 2 0
github.com/gatekey-project/gatekey/internal/api/mesh_wireguard_handlers.go:223.16,224.35 1 0
github.com/gatekey-project/gatekey/internal/api/mesh_wireguard_handlers.go:224.35,227.4 2 0
github.com/gatekey-project/gatekey/internal/api/mesh_wireguard_handlers.go:228.3,230.9 3 0
github.com/gatekey-project/gatekey/internal/api/mesh_wireguard_handlers.go:234.2,235.16 2 0
github.com/gatekey-project/gatekey/internal/api/mesh_wireguard_handlers.go:235.16,239.3 3 0
github.com/gatekey-project/gatekey/internal/api/mesh_wireguard_handlers.go:242.2,243.16 2 0
github.com/gatekey-project/gatekey/internal/api/mesh_wireguard_handlers.go:243.16,247.3 3 0
github.com/gatekey-project/gatekey/internal/api/mesh_wireguard_handlers.go:249.2,262.31 3 0
github.com/gatekey-project/gatekey/internal/api/mesh_wireguard_handlers.go:262.31,264.30 1 0
github.com/gatekey-project/gatekey/internal/api/mesh_wireguard_handlers.go:264.30,265.12 1 0
github.com/gatekey-project/gatekey/internal/api/mesh_wireguard_handlers.go:269.3,270.27 2 0
github.com/gatekey-project/gatekey/internal/api/mesh_wireguard_handlers.go:270.27,272.4 1 0
github.com/gatekey-project/gatekey/internal/api/mesh_wireguard_handlers.go:273.3,282.5 2 0
github.com/gatekey-project/gatekey/internal/api/mesh_wireguard_handlers.go:286.2,286.39 1 0
github.com/gatekey-project/gatekey/internal/api/mesh_wireguard_handlers.go:286.39,296.3 1 0
github.com/gatekey-project/gatekey/internal/api/mesh_wireguard_handlers.go:298.2,301.4 1 0
github.com/gatekey-project/gatekey/internal/api/mesh_wireguard_handlers.go:305.66,319.47 3 0
github.com/gatekey-project/gatekey/internal/api/mesh_wireguard_handlers.go:319.47,322.3 2 0
github.com/gatekey-project/gatekey/internal/api/mesh_wireguard_handlers.go:324.2,325.16 2 0
github.com/gatekey-project/gatekey/internal/api/mesh_wireguard_handlers.go:325.16,326.35 1 0
github.com/gatekey-project/gatekey/internal/api/mesh_wireguard_handlers.go:326.35,329.4 2 0
github.com/gatekey-project/gatekey/internal/api/mesh_wireguard_handlers.go:330.3,332.9 3 0
github.com/gatekey-project/gatekey/internal/api/mesh_wireguard_handlers.go:336.2,336.33 1 0
github.com/gatekey-project/gatekey/internal/api/mesh_wireguard_handlers.go:336.33,339.17 2 0
github.com/gatekey-project/gatekey/internal/api/mesh_wireguard_handlers.go:339.17,341.12 1 0
github.com/gatekey-project/gatekey/internal/api/mesh_wireguard_handlers.go:344.3,345.29 2 0
github.com/gatekey-project/gatekey/internal/api/mesh_wireguard_handlers.go:345.29,348.4 2 0
github.com/gatekey-project/gatekey/internal/api/mesh_wireguard_handlers.go:351.3,352.73 2 0
github.com/gatekey-project/gatekey/internal/api/mesh_wireguard_handlers.go:352.73,354.4 1 0
github.com/gatekey-project/gatekey/internal/api/mesh_wireguard_handlers.go:356.3,356.147 1 0
github.com/gatekey-project/gatekey/internal/api/mesh_wireguard_handlers.go:356.147,361.4 1 0
github.com/gatekey-project/gatekey/internal/api/mesh_wireguard_handlers.go:364.2,364.46 1 0
github.com/gatekey-project/gatekey/internal/api/mesh_wireguard_handlers.go:370.68,377.47 3 0
github.com/gatekey-project/gatekey/internal/api/mesh_wireguard_handlers.go:377.47,380.3 2 0
github.com/gatekey-project/gatekey/internal/api/mesh_wireguard_handlers.go:382.2,383.16 2 0
github.com/gatekey-project/gatekey/internal/api/mesh_wireguard_handlers.go:383.16,384.37 1 0
github.com/gatekey-project/gatekey/internal/api/mesh_wireguard_handlers.go:384.37,387.4 2 0
github.com/gatekey-project/gatekey/internal/api/mesh_wireguard_handlers.go:388.3,390.9 3 0
github.com/gatekey-project/gatekey/internal/api/mesh_wireguard_handlers.go:394.2,394.54 1 0
github.com/gatekey-project/gatekey/internal/api/mesh_wireguard_handlers.go:394.54,397.3 2 0
github.com/gatekey-project/gatekey/internal/api/mesh_wireguard_handlers.go:400.2,401.16 2 0
github.com/gatekey-project/gatekey/internal/api/mesh_wireguard_handlers.go:401.16,405.3 3 0
github.com/gatekey-project/gatekey/internal/api/mesh_wireguard_handlers.go:408.2,408.52 1 0
github.com/gatekey-project/gatekey/internal/api/mesh_wireguard_handlers.go:408.52,411.3 2 0
github.com/gatekey-project/gatekey/internal/api/mesh_wireguard_handlers.go:414.2,414.57 1 0
github.com/gatekey-project/gatekey/internal/api/mesh_wireguard_handlers.go:414.57,416.17 2 0
github.com/gatekey-project/gatekey/internal/api/mesh_wireguard_handlers.go:416.17,420.4 3 0
github.com/gatekey-project/gatekey/internal/api/mesh_wireguard_handlers.go:423.3,424.17 2 0
github.com/gatekey-project/gatekey/internal/api/mesh_wireguard_handlers.go:424.17,428.4 3 0
github.com/gatekey-project/gatekey/internal/api/mesh_wireguard_handlers.go:430.3,430.118 1 0
github.com/gatekey-project/gatekey/internal/api/mesh_wireguard_handlers.go:430.118,434.4 3 0
github.com/gatekey-project/gatekey/internal/api/mesh_wireguard_handlers.go:436.3,438.29 3 0
github.com/gatekey-project/gatekey/internal/api/mesh_wireguard_handlers.go:442.2,442.26 1 0
github.com/gatekey-project/gatekey/internal/api/mesh_wireguard_handlers.go:442.26,445.17 2 0
github.com/gatekey-project/gatekey/internal/api/mesh_wireguard_handlers.go:445.17,449.4 3 0
github.com/gatekey-project/gatekey/internal/api/mesh_wireguard_handlers.go:451.3,452.17 2 0
github.com/gatekey-project/gatekey/internal/api/mesh_wireguard_handlers.go:452.17,456.4 3 0
github.com/gatekey-project/gatekey/internal/api/mesh_wireguard_handlers.go:459.3,459.28 1 0
github.com/gatekey-project/gatekey/internal/api/mesh_wireguard_handlers.go:459.28,460.24 1 0
github.com/gatekey-project/gatekey/internal/api/mesh_wireguard_handlers.go:460.24,462.5 1 0
github.com/gatekey-project/gatekey/internal/api/mesh_wireguard_handlers.go:465.3,466.17 2 0
github.com/gatekey-project/gatekey/internal/api/mesh_wireguard_handlers.go:466.17,470.4 3 0
github.com/gatekey-project/gatekey/internal/api/mesh_wireguard_handlers.go:472.3,472.86 1 0
github.com/gatekey-project/gatekey/internal/api/mesh_wireguard_handlers.go:472.86,476.4 3 0
github.com/gatekey-project/gatekey/internal/api/mesh_wireguard_handlers.go:478.3,478.28 1 0
github.com/gatekey-project/gatekey/internal/api/mesh_wireguard_handlers.go:482.2,482.27 1 0
github.com/gatekey-project/gatekey/internal/api/mesh_wireguard_handlers.go:482.27,485.17 2 0
github.com/gatekey-project/gatekey/internal/api/mesh_wireguard_handlers.go:485.17,489.4 3 0
github.com/gatekey-project/gatekey/internal/api/mesh_wireguard_handlers.go:491.3,491.109 1 0
github.com/gatekey-project/gatekey/internal/api/mesh_wireguard_handlers.go:491.109,495.4 3 0
github.com/gatekey-project/gatekey/internal/api/mesh_wireguard_handlers.go:497.3,498.38 2 0
github.com/gatekey-project/gatekey/internal/api/mesh_wireguard_handlers.go:502.2,504.21 3 0
github.com/gatekey-project/gatekey/internal/api/mesh_wireguard_handlers.go:504.21,506.3 1 0
github.com/gatekey-project/gatekey/internal/api/mesh_wireguard_handlers.go:508.2,508.41 1 0
github.com/gatekey-project/gatekey/internal/api/mesh_wireguard_handlers.go:508.41,510.3 1 0
github.com/gatekey-project/gatekey/internal/api/mesh_wireguard_handlers.go:513.2,514.24 2 0
github.com/gatekey-project/gatekey/internal/api/mesh_wireguard_handlers.go:514.24,516.3 1 0
github.com/gatekey-project/gatekey/internal/api/mesh_wireguard_handlers.go:516.8,520.3 1 0
github.com/gatekey-project/gatekey/internal/api/mesh_wireguard_handlers.go:523.2,524.86 2 0
github.com/gatekey-project/gatekey/internal/api/mesh_wireguard_handlers.go:524.86,526.3 1 0
github.com/gatekey-project/gatekey/internal/api/mesh_wireguard_handlers.go:529.2,530.17 2 0
github.com/gatekey-project/gatekey/internal/api/mesh_wireguard_handlers.go:530.17,531.30 1 0
github.com/gatekey-project/gatekey/internal/api/mesh_wireguard_handlers.go:531.30,533.4 1 0
github.com/gatekey-project/gatekey/internal/api/mesh_wireguard_handlers.go:533.9,535.4 1 0
github.com/gatekey-project/gatekey/internal/api/mesh_wireguard_handlers.go:538.2,559.4 2 0
github.com/gatekey-project/gatekey/internal/api/mesh_wireguard_handlers.go:563.68,575.47 3 0
github.com/gatekey-project/gatekey/internal/api/mesh_wireguard_handlers.go:575.47,578.3 2 0
github.com/gatekey-project/gatekey/internal/api/mesh_wireguard_handlers.go:580.2,581.16 2 0
github.com/gatekey-project/gatekey/internal/api/mesh_wireguard_handlers.go:581.16,582.37 1 0
github.com/gatekey-project/gatekey/internal/api/mesh_wireguard_handlers.go:582.37,585.4 2 0
github.com/gatekey-project/gatekey/internal/api/mesh_wireguard_handlers.go:586.3,588.9 3 0
github.com/gatekey-project/gatekey/internal/api/mesh_wireguard_handlers.go:592.2,593.86 2 0
github.com/gatekey-project/gatekey/internal/api/mesh_wireguard_handlers.go:593.86,595.3 1 0
github.com/gatekey-project/gatekey/internal/api/mesh_wireguard_handlers.go:598.2,598.48 1 0
github.com/gatekey-project/gatekey/internal/api/mesh_wireguard_handlers.go:598.48,600.28 2 0
github.com/gatekey-project/gatekey/internal/api/mesh_wireguard_handlers.go:600.28,603.4 2 0
github.com/gatekey-project/gatekey/internal/api/mesh_wireguard_handlers.go:605.3,606.140 2 0
github.com/gatekey-project/gatekey/internal/api/mesh_wireguard_handlers.go:606.140,608.4 1 0
github.com/gatekey-project/gatekey/internal/api/mesh_wireguard_handlers.go:611.2,614.4 1 0
github.com/gatekey-project/gatekey/internal/api/mesh_wireguard_handlers.go:618.74,622.16 3 0
github.com/gatekey-project/gatekey/internal/api/mesh_wireguard_handlers.go:622.16,625.3 2 0
github.com/gatekey-project/gatekey/internal/api/mesh_wireguard_handlers.go:627.2,630.47 2 0
github.com/gatekey-project/gatekey/internal/api/mesh_wireguard_handlers.go:630.47,633.3 2 0
github.com/gatekey-project/gatekey/internal/api/mesh_wireguard_handlers.go:636.2,637.16 2 0
github.com/gatekey-project/gatekey/internal/api/mesh_wireguard_handlers.go:637.16,638.35 1 0
github.com/gatekey-project/gatekey/internal/api/mesh_wireguard_handlers.go:638.35,641.4 2 0
github.com/gatekey-project/gatekey/internal/api/mesh_wireguard_handlers.go:642.3,644.9 3 0
github.com/gatekey-project/gatekey/internal/api/mesh_wireguard_handlers.go:648.2,648.52 1 0
github.com/gatekey-project/gatekey/internal/api/mesh_wireguard_handlers.go:648.52,651.3 2 0
github.com/gatekey-project/gatekey/internal/api/mesh_wireguard_handlers.go:654.2,654.42 1 0
github.com/gatekey-project/gatekey/internal/api/mesh_wireguard_handlers.go:654.42,657.3 2 0
github.com/gatekey-project/gatekey/internal/api/mesh_wireguard_handlers.go:660.2,660.27 1 0
github.com/gatekey-project/gatekey/internal/api/mesh_wireguard_handlers.go:660.27,663.3 2 0
github.com/gatekey-project/gatekey/internal/api/mesh_wireguard_handlers.go:666.2,667.16 2 0
github.com/gatekey-project/gatekey/internal/api/mesh_wireguard_handlers.go:667.16,671.3 3 0
github.com/gatekey-project/gatekey/internal/api/mesh_wireguard_handlers.go:672.2,672.16 1 0
github.com/gatekey-project/gatekey/internal/api/mesh_wireguard_handlers.go:672.16,675.3 2 0
github.com/gatekey-project/gatekey/internal/api/mesh_wireguard_handlers.go:678.2,683.16 4 0
github.com/gatekey-project/gatekey/internal/api/mesh_wireguard_handlers.go:683.16,687.3 3 0
github.com/gatekey-project/gatekey/internal/api/mesh_wireguard_handlers.go:690.2,691.16 2 0
github.com/gatekey-project/gatekey/internal/api/mesh_wireguard_handlers.go:691.16,695.3 3 0
github.com/gatekey-project/gatekey/internal/api/mesh_wireguard_handlers.go:698.2,699.16 2 0
github.com/gatekey-project/gatekey/internal/api/mesh_wireguard_handlers.go:699.16,703.3 3 0
github.com/gatekey-project/gatekey/internal/api/mesh_wireguard_handlers.go:706.2,707.16 2 0
github.com/gatekey-project/gatekey/internal/api/mesh_wireguard_handlers.go:707.16,711.3 3 0
github.com/gatekey-project/gatekey/internal/api/mesh_wireguard_handlers.go:714.2,714.34 1 0
github.com/gatekey-project/gatekey/internal/api/mesh_wireguard_handlers.go:714.34,716.3 1 0
github.com/gatekey-project/gatekey/internal/api/mesh_wireguard_handlers.go:718.2,719.16 2 0
github.com/gatekey-project/gatekey/internal/api/mesh_wireguard_handlers.go:719.16,723.3 3 0
github.com/gatekey-project/gatekey/internal/api/mesh_wireguard_handlers.go:726.2,727.24 2 0
github.com/gatekey-project/gatekey/internal/api/mesh_wireguard_handlers.go:727.24,730.3 1 0
github.com/gatekey-project/gatekey/internal/api/mesh_wireguard_handlers.go:730.8,733.17 2 0
github.com/gatekey-project/gatekey/internal/api/mesh_wireguard_handlers.go:733.17,735.4 1 0
github.com/gatekey-project/gatekey/internal/api/mesh_wireguard_handlers.go:738.3,738.32 1 0
github.com/gatekey-project/gatekey/internal/api/mesh_wireguard_handlers.go:738.32,739.19 1 0
github.com/gatekey-project/gatekey/internal/api/mesh_wireguard_handlers.go:739.19,741.5 1 0
github.com/gatekey-project/gatekey/internal/api/mesh_wireguard_handlers.go:746.3,747.17 2 0
github.com/gatekey-project/gatekey/internal/api/mesh_wireguard_handlers.go:747.17,749.4 1 0
github.com/gatekey-project/gatekey/internal/api/mesh_wireguard_handlers.go:750.3,750.37 1 0
github.com/gatekey-project/gatekey/internal/api/mesh_wireguard_handlers.go:750.37,751.19 1 0
github.com/gatekey-project/gatekey/internal/api/mesh_wireguard_handlers.go:751.19,753.5 1 0
github.com/gatekey-project/gatekey/internal/api/mesh_wireguard_handlers.go:757.3,759.33 3 0
github.com/gatekey-project/gatekey/internal/api/mesh_wireguard_handlers.go:759.33,760.17 1 0
github.com/gatekey-project/gatekey/internal/api/mesh_wireguard_handlers.go:760.17,763.5 2 0
github.com/gatekey-project/gatekey/internal/api/mesh_wireguard_handlers.go:765.3,768.27 2 0
github.com/gatekey-project/gatekey/internal/api/mesh_wireguard_handlers.go:768.27,770.4 1 0
github.com/gatekey-project/gatekey/internal/api/mesh_wireguard_handlers.go:774.2,775.23 2 0
github.com/gatekey-project/gatekey/internal/api/mesh_wireguard_handlers.go:775.23,778.3 2 0
github.com/gatekey-project/gatekey/internal/api/mesh_wireguard_handlers.go:780.2,780.41 1 0
github.com/gatekey-project/gatekey/internal/api/mesh_wireguard_handlers.go:780.41,781.27 1 0
github.com/gatekey-project/gatekey/internal/api/mesh_wireguard_handlers.go:781.27,783.4 1 0
github.com/gatekey-project/gatekey/internal/api/mesh_wireguard_handlers.go:783.9,785.4 1 0
github.com/gatekey-project/gatekey/internal/api/mesh_wireguard_handlers.go:789.2,793.44 3 0
github.com/gatekey-project/gatekey/internal/api/mesh_wireguard_handlers.go:793.44,795.3 1 0
github.com/gatekey-project/gatekey/internal/api/mesh_wireguard_handlers.go:798.2,802.22 5 0
github.com/gatekey-project/gatekey/internal/api/mesh_wireguard_handlers.go:802.22,804.3 1 0
github.com/gatekey-project/gatekey/internal/api/mesh_wireguard_handlers.go:805.2,828.70 10 0
github.com/gatekey-project/gatekey/internal/api/mesh_wireguard_handlers.go:828.70,832.3 3 0
github.com/gatekey-project/gatekey/internal/api/mesh_wireguard_handlers.go:836.2,850.61 3 0
github.com/gatekey-project/gatekey/internal/api/mesh_wireguard_handlers.go:850.61,854.3 3 0
github.com/gatekey-project/gatekey/internal/api/mesh_wireguard_handlers.go:856.2,867.4 2 0
github.com/gatekey-project/gatekey/internal/api/network_tools_handlers.go:39.59,44.32 3 0
github.com/gatekey-project/gatekey/internal/api/network_tools_handlers.go:44.32,47.3 2 0
github.com/gatekey-project/gatekey/internal/api/network_tools_handlers.go:48.2,48.20 1 0
github.com/gatekey-project/gatekey/internal/api/network_tools_handlers.go:48.20,51.3 2 0
github.com/gatekey-project/gatekey/internal/api/network_tools_handlers.go:53.2,54.47 2 0
github.com/gatekey-project/gatekey/internal/api/network_tools_handlers.go:54.47,57.3 2 0
github.com/gatekey-project/gatekey/internal/api/network_tools_handlers.go:60.2,61.20 2 0
github.com/gatekey-project/gatekey/internal/api/network_tools_handlers.go:61.20,63.3 1 0
github.com/gatekey-project/gatekey/internal/api/network_tools_handlers.go:65.2,72.33 2 0
github.com/gatekey-project/gatekey/internal/api/network_tools_handlers.go:72.33,75.3 2 0
github.com/gatekey-project/gatekey/internal/api/network_tools_handlers.go:77.2,79.18 2 0
github.com/gatekey-project/gatekey/internal/api/network_tools_handlers.go:80.14,82.47 2 0
github.com/gatekey-project/gatekey/internal/api/network_tools_handlers.go:82.47,83.61 1 0
github.com/gatekey-project/gatekey/internal/api/network_tools_handlers.go:83.61,85.5 1 0
github.com/gatekey-project/gatekey/internal/api/network_tools_handlers.go:87.3,87.60 1 0
github.com/gatekey-project/gatekey/internal/api/network_tools_handlers.go:89.18,90.57 1 0
github.com/gatekey-project/gatekey/internal/api/network_tools_handlers.go:92.31,93.59 1 0
github.com/gatekey-project/gatekey/internal/api/network_tools_handlers.go:95.22,96.20 1 0
github.com/gatekey-project/gatekey/internal/api/network_tools_handlers.go:96.20,99.4 2 0
github.com/gatekey-project/gatekey/internal/api/network_tools_handlers.go:100.3,100.65 1 0
github.com/gatekey-project/gatekey/internal/api/network_tools_handlers.go:102.14,103.64 1 0
github.com/gatekey-project/gatekey/internal/api/network_tools_handlers.go:105.10,110.9 2 0
github.com/gatekey-project/gatekey/internal/api/network_tools_handlers.go:113.2,113.16 1 0
github.com/gatekey-project/gatekey/internal/api/network_tools_handlers.go:113.16,117.3 3 0
github.com/gatekey-project/gatekey/internal/api/network_tools_handlers.go:119.2,128.4 1 0
github.com/gatekey-project/gatekey/internal/api/network_tools_handlers.go:132.112,137.21 3 0
github.com/gatekey-project/gatekey/internal/api/network_tools_handlers.go:137.21,143.3 2 0
github.com/gatekey-project/gatekey/internal/api/network_tools_handlers.go:145.2,150.22 4 0
github.com/gatekey-project/gatekey/internal/api/network_tools_handlers.go:151.13,153.17 2 0
github.com/gatekey-project/gatekey/internal/api/network_tools_handlers.go:153.17,160.4 3 0
github.com/gatekey-project/gatekey/internal/api/network_tools_handlers.go:161.3,161.29 1 0
github.com/gatekey-project/gatekey/internal/api/network_tools_handlers.go:161.29,167.4 2 0
github.com/gatekey-project/gatekey/internal/api/network_tools_handlers.go:168.3,168.22 1 0
github.com/gatekey-project/gatekey/internal/api/network_tools_handlers.go:170.17,172.17 2 0
github.com/gatekey-project/gatekey/internal/api/network_tools_handlers.go:172.17,179.4 3 0
github.com/gatekey-project/gatekey/internal/api/network_tools_handlers.go:180.3,180.19 1 0
github.com/gatekey-project/gatekey/internal/api/network_tools_handlers.go:180.19,186.4 2 0
github.com/gatekey-project/gatekey/internal/api/network_tools_handlers.go:187.3,187.21 1 0
github.com/gatekey-project/gatekey/internal/api/network_tools_handlers.go:189.15,191.17 2 0
github.com/gatekey-project/gatekey/internal/api/network_tools_handlers.go:191.17,198.4 3 0
github.com/gatekey-project/gatekey/internal/api/network_tools_handlers.go:199.3,199.34 1 0
github.com/gatekey-project/gatekey/internal/api/network_tools_handlers.go:199.34,205.4 2 0
github.com/gatekey-project/gatekey/internal/api/network_tools_handlers.go:206.3,206.24 1 0
github.com/gatekey-project/gatekey/internal/api/network_tools_handlers.go:208.10,213.9 2 0
github.com/gatekey-project/gatekey/internal/api/network_tools_handlers.go:217.2,218.19 2 0
github.com/gatekey-project/gatekey/internal/api/network_tools_handlers.go:218.19,224.3 2 0
github.com/gatekey-project/gatekey/internal/api/network_tools_handlers.go:226.2,239.16 4 0
github.com/gatekey-project/gatekey/internal/api/network_tools_handlers.go:239.16,247.54 4 0
github.com/gatekey-project/gatekey/internal/api/network_tools_handlers.go:247.54,250.4 2 0
github.com/gatekey-project/gatekey/internal/api/network_tools_handlers.go:250.9,250.51 1 0
github.com/gatekey-project/gatekey/internal/api/network_tools_handlers.go:250.51,253.4 2 0
github.com/gatekey-project/gatekey/internal/api/network_tools_handlers.go:253.9,253.58 1 0
github.com/gatekey-project/gatekey/internal/api/network_tools_handlers.go:253.58,256.4 2 0
github.com/gatekey-project/gatekey/internal/api/network_tools_handlers.go:256.9,259.4 2 0
github.com/gatekey-project/gatekey/internal/api/network_tools_handlers.go:261.3,265.9 2 0
github.com/gatekey-project/gatekey/internal/api/network_tools_handlers.go:268.2,278.4 2 0
github.com/gatekey-project/gatekey/internal/api/network_tools_handlers.go:282.54,283.18 1 0
github.com/gatekey-project/gatekey/internal/api/network_tools_handlers.go:284.14,286.47 2 0
github.com/gatekey-project/gatekey/internal/api/network_tools_handlers.go:286.47,287.72 1 0
github.com/gatekey-project/gatekey/internal/api/network_tools_handlers.go:287.72,289.5 1 0
github.com/gatekey-project/gatekey/internal/api/network_tools_handlers.go:291.3,291.57 1 0
github.com/gatekey-project/gatekey/internal/api/network_tools_handlers.go:293.18,294.48 1 0
github.com/gatekey-project/gatekey/internal/api/network_tools_handlers.go:296.31,297.56 1 0
github.com/gatekey-project/gatekey/internal/api/network_tools_handlers.go:299.22,300.20 1 0
github.com/gatekey-project/gatekey/internal/api/network_tools_handlers.go:300.20,302.4 1 0
github.com/gatekey-project/gatekey/internal/api/network_tools_handlers.go:303.3,303.64 1 0
github.com/gatekey-project/gatekey/internal/api/network_tools_handlers.go:305.14,307.18 2 0
github.com/gatekey-project/gatekey/internal/api/network_tools_handlers.go:307.18,309.4 1 0
github.com/gatekey-project/gatekey/internal/api/network_tools_handlers.go:310.3,310.61 1 0
github.com/gatekey-project/gatekey/internal/api/network_tools_handlers.go:312.10,313.12 1 0
github.com/gatekey-project/gatekey/internal/api/network_tools_handlers.go:318.57,321.32 2 0
github.com/gatekey-project/gatekey/internal/api/network_tools_handlers.go:321.32,324.3 2 0
github.com/gatekey-project/gatekey/internal/api/network_tools_handlers.go:325.2,325.20 1 0
github.com/gatekey-project/gatekey/internal/api/network_tools_handlers.go:325.20,328.3 2 0
github.com/gatekey-project/gatekey/internal/api/network_tools_handlers.go:331.2,338.16 4 0
github.com/gatekey-project/gatekey/internal/api/network_tools_handlers.go:338.16,339.31 1 0
github.com/gatekey-project/gatekey/internal/api/network_tools_handlers.go:339.31,340.19 1 0
github.com/gatekey-project/gatekey/internal/api/network_tools_handlers.go:340.19,346.5 1 0
github.com/gatekey-project/gatekey/internal/api/network_tools_handlers.go:351.2,352.16 2 0
github.com/gatekey-project/gatekey/internal/api/network_tools_handlers.go:352.16,353.28 1 0
github.com/gatekey-project/gatekey/internal/api/network_tools_handlers.go:353.28,354.30 1 0
github.com/gatekey-project/gatekey/internal/api/network_tools_handlers.go:354.30,360.5 1 0
github.com/gatekey-project/gatekey/internal/api/network_tools_handlers.go:365.2,365.27 1 0
github.com/gatekey-project/gatekey/internal/api/network_tools_handlers.go:365.27,367.17 2 0
github.com/gatekey-project/gatekey/internal/api/network_tools_handlers.go:367.17,368.33 1 0
github.com/gatekey-project/gatekey/internal/api/network_tools_handlers.go:368.33,369.36 1 0
github.com/gatekey-project/gatekey/internal/api/network_tools_handlers.go:369.36,375.6 1 0
github.com/gatekey-project/gatekey/internal/api/network_tools_handlers.go:380.2,410.4 1 0
github.com/gatekey-project/gatekey/internal/api/providers.go:14.64,16.16 2 0
github.com/gatekey-project/gatekey/internal/api/providers.go:16.16,20.3 3 0
github.com/gatekey-project/gatekey/internal/api/providers.go:22.2,25.4 1 0
github.com/gatekey-project/gatekey/internal/api/providers.go:28.66,30.52 2 0
github.com/gatekey-project/gatekey/internal/api/providers.go:30.52,33.3 2 0
github.com/gatekey-project/gatekey/internal/api/providers.go:35.2,35.108 1 0
github.com/gatekey-project/gatekey/internal/api/providers.go:35.108,38.3 2 0
github.com/gatekey-project/gatekey/internal/api/providers.go:40.2,40.91 1 0
github.com/gatekey-project/gatekey/internal/api/providers.go:40.91,41.34 1 0
github.com/gatekey-project/gatekey/internal/api/providers.go:41.34,44.4 2 0
github.com/gatekey-project/gatekey/internal/api/providers.go:45.3,47.9 3 0
github.com/gatekey-project/gatekey/internal/api/providers.go:50.2,50.89 1 0
github.com/gatekey-project/gatekey/internal/api/providers.go:53.66,57.52 3 0
github.com/gatekey-project/gatekey/internal/api/providers.go:57.52,60.3 2 0
github.com/gatekey-project/gatekey/internal/api/providers.go:62.2,62.97 1 0
github.com/gatekey-project/gatekey/internal/api/providers.go:62.97,63.36 1 0
github.com/gatekey-project/gatekey/internal/api/providers.go:63.36,66.4 2 0
github.com/gatekey-project/gatekey/internal/api/providers.go:67.3,69.9 3 0
github.com/gatekey-project/gatekey/internal/api/providers.go:72.2,72.75 1 0
github.com/gatekey-project/gatekey/internal/api/providers.go:75.66,78.86 2 0
github.com/gatekey-project/gatekey/internal/api/providers.go:78.86,79.36 1 0
github.com/gatekey-project/gatekey/internal/api/providers.go:79.36,82.4 2 0
github.com/gatekey-project/gatekey/internal/api/providers.go:83.3,85.9 3 0
github.com/gatekey-project/gatekey/internal/api/providers.go:88.2,88.75 1 0
github.com/gatekey-project/gatekey/internal/api/providers.go:93.64,95.16 2 0
github.com/gatekey-project/gatekey/internal/api/providers.go:95.16,99.3 3 0
github.com/gatekey-project/gatekey/internal/api/providers.go:101.2,104.4 1 0
github.com/gatekey-project/gatekey/internal/api/providers.go:107.66,109.52 2 0
github.com/gatekey-project/gatekey/internal/api/providers.go:109.52,112.3 2 0
github.com/gatekey-project/gatekey/internal/api/providers.go:114.2,114.85 1 0
github.com/gatekey-project/gatekey/internal/api/providers.go:114.85,117.3 2 0
github.com/gatekey-project/gatekey/internal/api/providers.go:119.2,119.91 1 0
github.com/gatekey-project/gatekey/internal/api/providers.go:119.91,120.34 1 0
github.com/gatekey-project/gatekey/internal/api/providers.go:120.34,123.4 2 0
github.com/gatekey-project/gatekey/internal/api/providers.go:124.3,126.9 3 0
github.com/gatekey-project/gatekey/internal/api/providers.go:129.2,129.89 1 0
github.com/gatekey-project/gatekey/internal/api/providers.go:132.66,136.52 3 0
github.com/gatekey-project/gatekey/internal/api/providers.go:136.52,139.3 2 0
github.com/gatekey-project/gatekey/internal/api/providers.go:141.2,141.97 1 0
github.com/gatekey-project/gatekey/internal/api/providers.go:141.97,142.36 1 0
github.com/gatekey-project/gatekey/internal/api/providers.go:142.36,145.4 2 0
github.com/gatekey-project/gatekey/internal/api/providers.go:146.3,148.9 3 0
github.com/gatekey-project/gatekey/internal/api/providers.go:151.2,151.75 1 0
github.com/gatekey-project/gatekey/internal/api/providers.go:154.66,157.86 2 0
github.com/gatekey-project/gatekey/internal/api/providers.go:157.86,158.36 1 0
github.com/gatekey-project/gatekey/internal/api/providers.go:158.36,161.4 2 0
github.com/gatekey-project/gatekey/internal/api/providers.go:162.3,164.9 3 0
github.com/gatekey-project/gatekey/internal/api/providers.go:167.2,167.75 1 0
github.com/gatekey-project/gatekey/internal/api/proxy_handler.go:42.53,45.16 3 0
github.com/gatekey-project/gatekey/internal/api/proxy_handler.go:45.16,47.3 1 0
github.com/gatekey-project/gatekey/internal/api/proxy_handler.go:49.2,58.16 3 0
github.com/gatekey-project/gatekey/internal/api/proxy_handler.go:58.16,60.23 1 0
github.com/gatekey-project/gatekey/internal/api/proxy_handler.go:60.23,64.4 3 0
github.com/gatekey-project/gatekey/internal/api/proxy_handler.go:65.3,66.9 2 0
github.com/gatekey-project/gatekey/internal/api/proxy_handler.go:70.2,74.16 3 0
github.com/gatekey-project/gatekey/internal/api/proxy_handler.go:74.16,81.3 3 0
github.com/gatekey-project/gatekey/internal/api/proxy_handler.go:83.2,83.30 1 0
github.com/gatekey-project/gatekey/internal/api/proxy_handler.go:83.30,87.23 2 0
github.com/gatekey-project/gatekey/internal/api/proxy_handler.go:87.23,102.4 2 0
github.com/gatekey-project/gatekey/internal/api/proxy_handler.go:103.3,104.9 2 0
github.com/gatekey-project/gatekey/internal/api/proxy_handler.go:107.2,107.19 1 0
github.com/gatekey-project/gatekey/internal/api/proxy_handler.go:107.19,110.3 2 0
github.com/gatekey-project/gatekey/internal/api/proxy_handler.go:113.2,114.16 2 0
github.com/gatekey-project/gatekey/internal/api/proxy_handler.go:114.16,121.3 3 0
github.com/gatekey-project/gatekey/internal/api/proxy_handler.go:124.2,124.27 1 0
github.com/gatekey-project/gatekey/internal/api/proxy_handler.go:124.27,125.27 1 0
github.com/gatekey-project/gatekey/internal/api/proxy_handler.go:125.27,127.4 1 0
github.com/gatekey-project/gatekey/internal/api/proxy_handler.go:127.9,129.4 1 0
github.com/gatekey-project/gatekey/internal/api/proxy_handler.go:130.3,130.9 1 0
github.com/gatekey-project/gatekey/internal/api/proxy_handler.go:134.2,161.92 8 0
github.com/gatekey-project/gatekey/internal/api/proxy_handler.go:165.178,167.37 1 0
github.com/gatekey-project/gatekey/internal/api/proxy_handler.go:167.37,174.23 4 0
github.com/gatekey-project/gatekey/internal/api/proxy_handler.go:174.23,177.27 2 0
github.com/gatekey-project/gatekey/internal/api/proxy_handler.go:177.27,179.6 1 0
github.com/gatekey-project/gatekey/internal/api/proxy_handler.go:182.4,182.53 1 0
github.com/gatekey-project/gatekey/internal/api/proxy_handler.go:182.53,184.5 1 0
github.com/gatekey-project/gatekey/internal/api/proxy_handler.go:187.4,187.30 1 0
github.com/gatekey-project/gatekey/internal/api/proxy_handler.go:187.30,189.5 1 0
github.com/gatekey-project/gatekey/internal/api/proxy_handler.go:189.10,191.5 1 0
github.com/gatekey-project/gatekey/internal/api/proxy_handler.go:194.4,194.38 1 0
github.com/gatekey-project/gatekey/internal/api/proxy_handler.go:194.38,196.5 1 0
github.com/gatekey-project/gatekey/internal/api/proxy_handler.go:199.4,199.40 1 0
github.com/gatekey-project/gatekey/internal/api/proxy_handler.go:199.40,201.5 1 0
github.com/gatekey-project/gatekey/internal/api/proxy_handler.go:204.4,209.48 4 0
github.com/gatekey-project/gatekey/internal/api/proxy_handler.go:209.48,210.64 1 0
github.com/gatekey-project/gatekey/internal/api/proxy_handler.go:210.64,212.6 1 0
github.com/gatekey-project/gatekey/internal/api/proxy_handler.go:212.11,214.6 1 0
github.com/gatekey-project/gatekey/internal/api/proxy_handler.go:216.4,227.44 5 0
github.com/gatekey-project/gatekey/internal/api/proxy_handler.go:229.51,234.50 3 0
github.com/gatekey-project/gatekey/internal/api/proxy_handler.go:234.50,238.5 2 0
github.com/gatekey-project/gatekey/internal/api/proxy_handler.go:241.4,241.63 1 0
github.com/gatekey-project/gatekey/internal/api/proxy_handler.go:241.63,243.5 1 0
github.com/gatekey-project/gatekey/internal/api/proxy_handler.go:246.4,246.69 1 0
github.com/gatekey-project/gatekey/internal/api/proxy_handler.go:246.69,248.36 2 0
github.com/gatekey-project/gatekey/internal/api/proxy_handler.go:248.36,250.6 1 0
github.com/gatekey-project/gatekey/internal/api/proxy_handler.go:254.4,254.43 1 0
github.com/gatekey-project/gatekey/internal/api/proxy_handler.go:254.43,256.5 1 0
github.com/gatekey-project/gatekey/internal/api/proxy_handler.go:259.4,263.14 4 0
github.com/gatekey-project/gatekey/internal/api/proxy_handler.go:265.73,276.61 2 0
github.com/gatekey-project/gatekey/internal/api/proxy_handler.go:276.61,279.5 2 0
github.com/gatekey-project/gatekey/internal/api/proxy_handler.go:279.10,279.66 1 0
github.com/gatekey-project/gatekey/internal/api/proxy_handler.go:279.66,281.5 1 0
github.com/gatekey-project/gatekey/internal/api/proxy_handler.go:281.10,281.64 1 0
github.com/gatekey-project/gatekey/internal/api/proxy_handler.go:281.64,284.5 2 0
github.com/gatekey-project/gatekey/internal/api/proxy_handler.go:284.10,286.5 1 0
github.com/gatekey-project/gatekey/internal/api/proxy_handler.go:304.2,304.14 1 0
github.com/gatekey-project/gatekey/internal/api/proxy_handler.go:308.92,321.16 5 0
github.com/gatekey-project/gatekey/internal/api/proxy_handler.go:321.16,324.3 2 0
github.com/gatekey-project/gatekey/internal/api/proxy_handler.go:326.2,333.12 3 0
github.com/gatekey-project/gatekey/internal/api/proxy_handler.go:333.12,335.17 2 0
github.com/gatekey-project/gatekey/internal/api/proxy_handler.go:335.17,339.4 2 0
github.com/gatekey-project/gatekey/internal/api/proxy_handler.go:339.9,342.18 3 0
github.com/gatekey-project/gatekey/internal/api/proxy_handler.go:342.18,345.5 2 0
github.com/gatekey-project/gatekey/internal/api/proxy_handler.go:347.8,349.3 1 0
github.com/gatekey-project/gatekey/internal/api/proxy_handler.go:351.2,361.38 4 0
github.com/gatekey-project/gatekey/internal/api/proxy_handler.go:361.38,363.54 1 0
github.com/gatekey-project/gatekey/internal/api/proxy_handler.go:363.54,365.4 1 0
github.com/gatekey-project/gatekey/internal/api/proxy_handler.go:366.8,369.3 1 0
github.com/gatekey-project/gatekey/internal/api/proxy_handler.go:371.2,403.29 6 0
github.com/gatekey-project/gatekey/internal/api/proxy_handler.go:403.29,404.79 1 0
github.com/gatekey-project/gatekey/internal/api/proxy_handler.go:404.79,406.42 1 0
github.com/gatekey-project/gatekey/internal/api/proxy_handler.go:406.42,408.5 1 0
github.com/gatekey-project/gatekey/internal/api/proxy_handler.go:409.4,410.59 2 0
github.com/gatekey-project/gatekey/internal/api/proxy_handler.go:416.2,424.37 2 0
github.com/gatekey-project/gatekey/internal/api/proxy_handler.go:424.37,425.79 1 0
github.com/gatekey-project/gatekey/internal/api/proxy_handler.go:425.79,428.25 2 0
github.com/gatekey-project/gatekey/internal/api/proxy_handler.go:428.25,430.5 1 0
github.com/gatekey-project/gatekey/internal/api/proxy_handler.go:431.4,443.52 6 0
github.com/gatekey-project/gatekey/internal/api/proxy_handler.go:447.2,455.12 3 0
github.com/gatekey-project/gatekey/internal/api/proxy_handler.go:455.12,461.3 5 0
github.com/gatekey-project/gatekey/internal/api/proxy_handler.go:461.8,464.3 1 0
github.com/gatekey-project/gatekey/internal/api/proxy_handler.go:466.2,468.68 3 0
github.com/gatekey-project/gatekey/internal/api/proxy_handler.go:472.108,474.16 2 0
github.com/gatekey-project/gatekey/internal/api/proxy_handler.go:474.16,476.3 1 0
github.com/gatekey-project/gatekey/internal/api/proxy_handler.go:479.2,479.56 1 0
github.com/gatekey-project/gatekey/internal/api/proxy_handler.go:479.56,483.21 2 0
github.com/gatekey-project/gatekey/internal/api/proxy_handler.go:483.21,487.29 2 0
github.com/gatekey-project/gatekey/internal/api/proxy_handler.go:487.29,489.5 1 0
github.com/gatekey-project/gatekey/internal/api/proxy_handler.go:490.4,490.18 1 0
github.com/gatekey-project/gatekey/internal/api/proxy_handler.go:491.9,491.46 1 0
github.com/gatekey-project/gatekey/internal/api/proxy_handler.go:491.46,494.4 1 0
github.com/gatekey-project/gatekey/internal/api/proxy_handler.go:497.2,497.17 1 0
github.com/gatekey-project/gatekey/internal/api/proxy_handler.go:501.102,503.16 2 0
github.com/gatekey-project/gatekey/internal/api/proxy_handler.go:503.16,505.3 1 0
github.com/gatekey-project/gatekey/internal/api/proxy_handler.go:508.2,513.39 4 0
github.com/gatekey-project/gatekey/internal/api/proxy_handler.go:513.39,514.42 1 0
github.com/gatekey-project/gatekey/internal/api/proxy_handler.go:514.42,517.18 2 0
github.com/gatekey-project/gatekey/internal/api/proxy_handler.go:517.18,519.5 1 0
github.com/gatekey-project/gatekey/internal/api/proxy_handler.go:522.4,522.45 1 0
github.com/gatekey-project/gatekey/internal/api/proxy_handler.go:522.45,523.13 1 0
github.com/gatekey-project/gatekey/internal/api/proxy_handler.go:527.4,527.81 1 0
github.com/gatekey-project/gatekey/internal/api/proxy_handler.go:527.81,529.40 2 0
github.com/gatekey-project/gatekey/internal/api/proxy_handler.go:529.40,531.6 1 0
github.com/gatekey-project/gatekey/internal/api/proxy_handler.go:531.11,534.6 1 0
github.com/gatekey-project/gatekey/internal/api/proxy_handler.go:535.5,535.30 1 0
github.com/gatekey-project/gatekey/internal/api/proxy_handler.go:540.2,540.24 1 0
github.com/gatekey-project/gatekey/internal/api/proxy_handler.go:544.69,549.80 2 0
github.com/gatekey-project/gatekey/internal/api/proxy_handler.go:549.80,552.3 2 0
github.com/gatekey-project/gatekey/internal/api/proxy_handler.go:552.8,552.64 1 0
github.com/gatekey-project/gatekey/internal/api/proxy_handler.go:552.64,555.3 1 0
github.com/gatekey-project/gatekey/internal/api/proxy_handler.go:557.2,557.15 1 0
github.com/gatekey-project/gatekey/internal/api/proxy_handler.go:561.150,564.33 2 0
github.com/gatekey-project/gatekey/internal/api/proxy_handler.go:564.33,566.3 1 0
github.com/gatekey-project/gatekey/internal/api/proxy_handler.go:568.2,569.21 2 0
github.com/gatekey-project/gatekey/internal/api/proxy_handler.go:569.21,571.23 2 0
github.com/gatekey-project/gatekey/internal/api/proxy_handler.go:571.23,573.4 1 0
github.com/gatekey-project/gatekey/internal/api/proxy_handler.go:576.2,577.34 2 0
github.com/gatekey-project/gatekey/internal/api/proxy_handler.go:577.34,579.3 1 0
github.com/gatekey-project/gatekey/internal/api/proxy_handler.go:581.2,591.16 4 0
github.com/gatekey-project/gatekey/internal/api/proxy_handler.go:591.16,595.3 3 0
github.com/gatekey-project/gatekey/internal/api/proxy_handler.go:596.2,600.9 3 0
github.com/gatekey-project/gatekey/internal/api/proxy_handler.go:600.9,604.3 3 0
github.com/gatekey-project/gatekey/internal/api/proxy_handler.go:606.2,607.16 2 0
github.com/gatekey-project/gatekey/internal/api/proxy_handler.go:607.16,610.3 2 0
github.com/gatekey-project/gatekey/internal/api/proxy_handler.go:611.2,622.46 8 0
github.com/gatekey-project/gatekey/internal/api/proxy_handler.go:622.46,625.3 2 0
github.com/gatekey-project/gatekey/internal/api/proxy_handler.go:628.2,629.12 2 0
github.com/gatekey-project/gatekey/internal/api/proxy_handler.go:629.12,632.3 2 0
github.com/gatekey-project/gatekey/internal/api/proxy_handler.go:633.2,633.12 1 0
github.com/gatekey-project/gatekey/internal/api/proxy_handler.go:633.12,636.3 2 0
github.com/gatekey-project/gatekey/internal/api/proxy_handler.go:639.2,639.11 1 0
github.com/gatekey-project/gatekey/internal/api/proxy_handler.go:643.155,656.81 2 0
github.com/gatekey-project/gatekey/internal/api/proxy_handler.go:656.81,658.3 1 0
github.com/gatekey-project/gatekey/internal/api/proxy_handler.go:663.41,666.2 2 0
github.com/gatekey-project/gatekey/internal/api/proxy_handler.go:668.46,670.2 1 0
github.com/gatekey-project/gatekey/internal/api/proxy_handler.go:672.80,674.16 2 0
github.com/gatekey-project/gatekey/internal/api/proxy_handler.go:674.16,676.3 1 0
github.com/gatekey-project/gatekey/internal/api/proxy_handler.go:677.2,677.22 1 0
github.com/gatekey-project/gatekey/internal/api/proxy_handler.go:677.22,679.3 1 0
github.com/gatekey-project/gatekey/internal/api/proxy_handler.go:680.2,680.15 1 0
github.com/gatekey-project/gatekey/internal/api/proxy_handler.go:685.61,709.81 2 0
github.com/gatekey-project/gatekey/internal/api/proxy_handler.go:709.81,712.3 2 0
github.com/gatekey-project/gatekey/internal/api/proxy_handler.go:714.2,718.19 3 0
github.com/gatekey-project/gatekey/internal/api/proxy_handler.go:718.19,720.62 2 0
github.com/gatekey-project/gatekey/internal/api/proxy_handler.go:720.62,722.40 2 0
github.com/gatekey-project/gatekey/internal/api/proxy_handler.go:722.40,724.5 1 0
github.com/gatekey-project/gatekey/internal/api/proxy_handler.go:729.2,729.16 1 0
github.com/gatekey-project/gatekey/internal/api/proxy_handler.go:729.16,730.83 1 0
github.com/gatekey-project/gatekey/internal/api/proxy_handler.go:730.83,732.4 1 0
github.com/gatekey-project/gatekey/internal/api/proxy_handler.go:736.2,736.16 1 0
github.com/gatekey-project/gatekey/internal/api/proxy_handler.go:736.16,738.35 2 0
github.com/gatekey-project/gatekey/internal/api/proxy_handler.go:738.35,740.4 1 0
github.com/gatekey-project/gatekey/internal/api/proxy_handler.go:742.3,750.9 3 0
github.com/gatekey-project/gatekey/internal/api/proxy_handler.go:754.2,754.58 1 0
github.com/gatekey-project/gatekey/internal/api/proxy_handler.go:757.45,760.9 3 0
github.com/gatekey-project/gatekey/internal/api/proxy_handler.go:761.24,762.19 1 0
github.com/gatekey-project/gatekey/internal/api/proxy_handler.go:763.26,764.21 1 0
github.com/gatekey-project/gatekey/internal/api/proxy_handler.go:766.2,766.14 1 0
github.com/gatekey-project/gatekey/internal/api/proxy_handler.go:771.56,777.32 3 0
github.com/gatekey-project/gatekey/internal/api/proxy_handler.go:777.32,778.19 1 0
github.com/gatekey-project/gatekey/internal/api/proxy_handler.go:778.19,780.22 1 0
github.com/gatekey-project/gatekey/internal/api/proxy_handler.go:780.22,782.5 1 0
github.com/gatekey-project/gatekey/internal/api/proxy_handler.go:783.9,783.39 1 0
github.com/gatekey-project/gatekey/internal/api/proxy_handler.go:783.39,786.4 1 0
github.com/gatekey-project/gatekey/internal/api/proxy_handler.go:789.2,789.39 1 0
github.com/gatekey-project/gatekey/internal/api/proxy_routes.go:21.54,23.16 2 0
github.com/gatekey-project/gatekey/internal/api/proxy_routes.go:23.16,26.3 2 0
github.com/gatekey-project/gatekey/internal/api/proxy_routes.go:27.2,27.19 1 0
github.com/gatekey-project/gatekey/internal/api/proxy_routes.go:27.19,30.3 2 0
github.com/gatekey-project/gatekey/internal/api/proxy_routes.go:32.2,33.16 2 0
github.com/gatekey-project/gatekey/internal/api/proxy_routes.go:33.16,37.3 3 0
github.com/gatekey-project/gatekey/internal/api/proxy_routes.go:39.2,39.52 1 0
github.com/gatekey-project/gatekey/internal/api/proxy_routes.go:43.55,45.16 2 0
github.com/gatekey-project/gatekey/internal/api/proxy_routes.go:45.16,48.3 2 0
github.com/gatekey-project/gatekey/internal/api/proxy_routes.go:49.2,49.19 1 0
github.com/gatekey-project/gatekey/internal/api/proxy_routes.go:49.19,52.3 2 0
github.com/gatekey-project/gatekey/internal/api/proxy_routes.go:54.2,69.47 2 0
github.com/gatekey-project/gatekey/internal/api/proxy_routes.go:69.47,72.3 2 0
github.com/gatekey-project/gatekey/internal/api/proxy_routes.go:75.2,76.34 2 0
github.com/gatekey-project/gatekey/internal/api/proxy_routes.go:76.34,79.3 2 0
github.com/gatekey-project/gatekey/internal/api/proxy_routes.go:82.2,83.41 2 0
github.com/gatekey-project/gatekey/internal/api/proxy_routes.go:83.41,84.23 1 0
github.com/gatekey-project/gatekey/internal/api/proxy_routes.go:84.23,87.4 2 0
github.com/gatekey-project/gatekey/internal/api/proxy_routes.go:91.2,92.95 2 0
github.com/gatekey-project/gatekey/internal/api/proxy_routes.go:92.95,95.3 2 0
github.com/gatekey-project/gatekey/internal/api/proxy_routes.go:98.2,99.25 2 0
github.com/gatekey-project/gatekey/internal/api/proxy_routes.go:99.25,101.3 1 0
github.com/gatekey-project/gatekey/internal/api/proxy_routes.go:102.2,103.35 2 0
github.com/gatekey-project/gatekey/internal/api/proxy_routes.go:103.35,105.3 1 0
github.com/gatekey-project/gatekey/internal/api/proxy_routes.go:106.2,107.28 2 0
github.com/gatekey-project/gatekey/internal/api/proxy_routes.go:107.28,109.3 1 0
github.com/gatekey-project/gatekey/internal/api/proxy_routes.go:110.2,111.33 2 0
github.com/gatekey-project/gatekey/internal/api/proxy_routes.go:111.33,113.3 1 0
github.com/gatekey-project/gatekey/internal/api/proxy_routes.go:114.2,115.58 2 0
github.com/gatekey-project/gatekey/internal/api/proxy_routes.go:115.58,117.3 1 0
github.com/gatekey-project/gatekey/internal/api/proxy_routes.go:118.2,118.30 1 0
github.com/gatekey-project/gatekey/internal/api/proxy_routes.go:118.30,120.3 1 0
github.com/gatekey-project/gatekey/internal/api/proxy_routes.go:121.2,121.31 1 0
github.com/gatekey-project/gatekey/internal/api/proxy_routes.go:121.31,123.3 1 0
github.com/gatekey-project/gatekey/internal/api/proxy_routes.go:125.2,140.89 2 0
github.com/gatekey-project/gatekey/internal/api/proxy_routes.go:140.89,141.34 1 0
github.com/gatekey-project/gatekey/internal/api/proxy_routes.go:141.34,144.4 2 0
github.com/gatekey-project/gatekey/internal/api/proxy_routes.go:145.3,147.9 3 0
github.com/gatekey-project/gatekey/internal/api/proxy_routes.go:150.2,155.33 2 0
github.com/gatekey-project/gatekey/internal/api/proxy_routes.go:159.52,161.16 2 0
github.com/gatekey-project/gatekey/internal/api/proxy_routes.go:161.16,164.3 2 0
github.com/gatekey-project/gatekey/internal/api/proxy_routes.go:165.2,165.19 1 0
github.com/gatekey-project/gatekey/internal/api/proxy_routes.go:165.19,168.3 2 0
github.com/gatekey-project/gatekey/internal/api/proxy_routes.go:170.2,172.16 3 0
github.com/gatekey-project/gatekey/internal/api/proxy_routes.go:172.16,173.36 1 0
github.com/gatekey-project/gatekey/internal/api/proxy_routes.go:173.36,176.4 2 0
github.com/gatekey-project/gatekey/internal/api/proxy_routes.go:177.3,179.9 3 0
github.com/gatekey-project/gatekey/internal/api/proxy_routes.go:182.2,182.28 1 0
github.com/gatekey-project/gatekey/internal/api/proxy_routes.go:186.55,188.16 2 0
github.com/gatekey-project/gatekey/internal/api/proxy_routes.go:188.16,191.3 2 0
github.com/gatekey-project/gatekey/internal/api/proxy_routes.go:192.2,192.19 1 0
github.com/gatekey-project/gatekey/internal/api/proxy_routes.go:192.19,195.3 2 0
github.com/gatekey-project/gatekey/internal/api/proxy_routes.go:197.2,201.16 3 0
github.com/gatekey-project/gatekey/internal/api/proxy_routes.go:201.16,202.36 1 0
github.com/gatekey-project/gatekey/internal/api/proxy_routes.go:202.36,205.4 2 0
github.com/gatekey-project/gatekey/internal/api/proxy_routes.go:206.3,208.9 3 0
github.com/gatekey-project/gatekey/internal/api/proxy_routes.go:211.2,226.47 2 0
github.com/gatekey-project/gatekey/internal/api/proxy_routes.go:226.47,229.3 2 0
github.com/gatekey-project/gatekey/internal/api/proxy_routes.go:232.2,232.21 1 0
github.com/gatekey-project/gatekey/internal/api/proxy_routes.go:232.21,234.3 1 0
github.com/gatekey-project/gatekey/internal/api/proxy_routes.go:235.2,235.21 1 0
github.com/gatekey-project/gatekey/internal/api/proxy_routes.go:235.21,237.35 2 0
github.com/gatekey-project/gatekey/internal/api/proxy_routes.go:237.35,240.4 2 0
github.com/gatekey-project/gatekey/internal/api/proxy_routes.go:241.3,241.18 1 0
github.com/gatekey-project/gatekey/internal/api/proxy_routes.go:243.2,243.28 1 0
github.com/gatekey-project/gatekey/internal/api/proxy_routes.go:243.28,245.3 1 0
github.com/gatekey-project/gatekey/internal/api/proxy_routes.go:246.2,246.28 1 0
github.com/gatekey-project/gatekey/internal/api/proxy_routes.go:246.28,248.96 2 0
github.com/gatekey-project/gatekey/internal/api/proxy_routes.go:248.96,251.4 2 0
github.com/gatekey-project/gatekey/internal/api/proxy_routes.go:252.3,252.32 1 0
github.com/gatekey-project/gatekey/internal/api/proxy_routes.go:254.2,254.24 1 0
github.com/gatekey-project/gatekey/internal/api/proxy_routes.go:254.24,256.3 1 0
github.com/gatekey-project/gatekey/internal/api/proxy_routes.go:257.2,257.25 1 0
github.com/gatekey-project/gatekey/internal/api/proxy_routes.go:257.25,259.3 1 0
github.com/gatekey-project/gatekey/internal/api/proxy_routes.go:260.2,260.35 1 0
github.com/gatekey-project/gatekey/internal/api/proxy_routes.go:260.35,262.3 1 0
github.com/gatekey-project/gatekey/internal/api/proxy_routes.go:263.2,263.28 1 0
github.com/gatekey-project/gatekey/internal/api/proxy_routes.go:263.28,265.3 1 0
github.com/gatekey-project/gatekey/internal/api/proxy_routes.go:266.2,266.30 1 0
github.com/gatekey-project/gatekey/internal/api/proxy_routes.go:266.30,268.3 1 0
github.com/gatekey-project/gatekey/internal/api/proxy_routes.go:269.2,269.31 1 0
github.com/gatekey-project/gatekey/internal/api/proxy_routes.go:269.31,271.3 1 0
github.com/gatekey-project/gatekey/internal/api/proxy_routes.go:272.2,272.33 1 0
github.com/gatekey-project/gatekey/internal/api/proxy_routes.go:272.33,274.3 1 0
github.com/gatekey-project/gatekey/internal/api/proxy_routes.go:275.2,275.58 1 0
github.com/gatekey-project/gatekey/internal/api/proxy_routes.go:275.58,277.3 1 0
github.com/gatekey-project/gatekey/internal/api/proxy_routes.go:279.2,279.89 1 0
github.com/gatekey-project/gatekey/internal/api/proxy_routes.go:279.89,280.34 1 0
github.com/gatekey-project/gatekey/internal/api/proxy_routes.go:280.34,283.4 2 0
github.com/gatekey-project/gatekey/internal/api/proxy_routes.go:284.3,286.9 3 0
github.com/gatekey-project/gatekey/internal/api/proxy_routes.go:289.2,294.28 2 0
github.com/gatekey-project/gatekey/internal/api/proxy_routes.go:298.55,300.16 2 0
github.com/gatekey-project/gatekey/internal/api/proxy_routes.go:300.16,303.3 2 0
github.com/gatekey-project/gatekey/internal/api/proxy_routes.go:304.2,304.19 1 0
github.com/gatekey-project/gatekey/internal/api/proxy_routes.go:304.19,307.3 2 0
github.com/gatekey-project/gatekey/internal/api/proxy_routes.go:309.2,310.88 2 0
github.com/gatekey-project/gatekey/internal/api/proxy_routes.go:310.88,311.36 1 0
github.com/gatekey-project/gatekey/internal/api/proxy_routes.go:311.36,314.4 2 0
github.com/gatekey-project/gatekey/internal/api/proxy_routes.go:315.3,317.9 3 0
github.com/gatekey-project/gatekey/internal/api/proxy_routes.go:320.2,324.64 2 0
github.com/gatekey-project/gatekey/internal/api/proxy_routes.go:329.57,331.16 2 0
github.com/gatekey-project/gatekey/internal/api/proxy_routes.go:331.16,334.3 2 0
github.com/gatekey-project/gatekey/internal/api/proxy_routes.go:335.2,335.19 1 0
github.com/gatekey-project/gatekey/internal/api/proxy_routes.go:335.19,338.3 2 0
github.com/gatekey-project/gatekey/internal/api/proxy_routes.go:340.2,342.16 3 0
github.com/gatekey-project/gatekey/internal/api/proxy_routes.go:342.16,346.3 3 0
github.com/gatekey-project/gatekey/internal/api/proxy_routes.go:348.2,348.46 1 0
github.com/gatekey-project/gatekey/internal/api/proxy_routes.go:351.61,353.16 2 0
github.com/gatekey-project/gatekey/internal/api/proxy_routes.go:353.16,356.3 2 0
github.com/gatekey-project/gatekey/internal/api/proxy_routes.go:357.2,357.19 1 0
github.com/gatekey-project/gatekey/internal/api/proxy_routes.go:357.19,360.3 2 0
github.com/gatekey-project/gatekey/internal/api/proxy_routes.go:362.2,366.47 3 0
github.com/gatekey-project/gatekey/internal/api/proxy_routes.go:366.47,369.3 2 0
github.com/gatekey-project/gatekey/internal/api/proxy_routes.go:371.2,371.93 1 0
github.com/gatekey-project/gatekey/internal/api/proxy_routes.go:371.93,375.3 3 0
github.com/gatekey-project/gatekey/internal/api/proxy_routes.go:377.2,377.58 1 0
github.com/gatekey-project/gatekey/internal/api/proxy_routes.go:380.63,382.16 2 0
github.com/gatekey-project/gatekey/internal/api/proxy_routes.go:382.16,385.3 2 0
github.com/gatekey-project/gatekey/internal/api/proxy_routes.go:386.2,386.19 1 0
github.com/gatekey-project/gatekey/internal/api/proxy_routes.go:386.19,389.3 2 0
github.com/gatekey-project/gatekey/internal/api/proxy_routes.go:391.2,394.91 3 0
github.com/gatekey-project/gatekey/internal/api/proxy_routes.go:394.91,398.3 3 0
github.com/gatekey-project/gatekey/internal/api/proxy_routes.go:400.2,400.57 1 0
github.com/gatekey-project/gatekey/internal/api/proxy_routes.go:405.58,407.16 2 0
github.com/gatekey-project/gatekey/internal/api/proxy_routes.go:407.16,410.3 2 0
github.com/gatekey-project/gatekey/internal/api/proxy_routes.go:411.2,411.19 1 0
github.com/gatekey-project/gatekey/internal/api/proxy_routes.go:411.19,414.3 2 0
github.com/gatekey-project/gatekey/internal/api/proxy_routes.go:416.2,418.16 3 0
github.com/gatekey-project/gatekey/internal/api/proxy_routes.go:418.16,422.3 3 0
github.com/gatekey-project/gatekey/internal/api/proxy_routes.go:424.2,424.48 1 0
github.com/gatekey-project/gatekey/internal/api/proxy_routes.go:427.62,429.16 2 0
github.com/gatekey-project/gatekey/internal/api/proxy_routes.go:429.16,432.3 2 0
github.com/gatekey-project/gatekey/internal/api/proxy_routes.go:433.2,433.19 1 0
github.com/gatekey-project/gatekey/internal/api/proxy_routes.go:433.19,436.3 2 0
github.com/gatekey-project/gatekey/internal/api/proxy_routes.go:438.2,442.47 3 0
github.com/gatekey-project/gatekey/internal/api/proxy_routes.go:442.47,445.3 2 0
github.com/gatekey-project/gatekey/internal/api/proxy_routes.go:447.2,447.97 1 0
github.com/gatekey-project/gatekey/internal/api/proxy_routes.go:447.97,451.3 3 0
github.com/gatekey-project/gatekey/internal/api/proxy_routes.go:453.2,453.59 1 0
github.com/gatekey-project/gatekey/internal/api/proxy_routes.go:456.64,458.16 2 0
github.com/gatekey-project/gatekey/internal/api/proxy_routes.go:458.16,461.3 2 0
github.com/gatekey-project/gatekey/internal/api/proxy_routes.go:462.2,462.19 1 0
github.com/gatekey-project/gatekey/internal/api/proxy_routes.go:462.19,465.3 2 0
github.com/gatekey-project/gatekey/internal/api/proxy_routes.go:467.2,470.95 3 0
github.com/gatekey-project/gatekey/internal/api/proxy_routes.go:470.95,474.3 3 0
github.com/gatekey-project/gatekey/internal/api/proxy_routes.go:476.2,476.58 1 0
github.com/gatekey-project/gatekey/internal/api/proxy_routes.go:481.56,483.16 2 0
github.com/gatekey-project/gatekey/internal/api/proxy_routes.go:483.16,486.3 2 0
github.com/gatekey-project/gatekey/internal/api/proxy_routes.go:487.2,487.19 1 0
github.com/gatekey-project/gatekey/internal/api/proxy_routes.go:487.19,490.3 2 0
github.com/gatekey-project/gatekey/internal/api/proxy_routes.go:492.2,494.16 3 0
github.com/gatekey-project/gatekey/internal/api/proxy_routes.go:494.16,498.3 3 0
github.com/gatekey-project/gatekey/internal/api/proxy_routes.go:500.2,500.44 1 0
github.com/gatekey-project/gatekey/internal/api/proxy_routes.go:506.58,508.16 2 0
github.com/gatekey-project/gatekey/internal/api/proxy_routes.go:508.16,511.3 2 0
github.com/gatekey-project/gatekey/internal/api/proxy_routes.go:513.2,514.16 2 0
github.com/gatekey-project/gatekey/internal/api/proxy_routes.go:514.16,518.3 3 0
github.com/gatekey-project/gatekey/internal/api/proxy_routes.go:521.2,532.27 3 0
github.com/gatekey-project/gatekey/internal/api/proxy_routes.go:532.27,542.3 1 0
github.com/gatekey-project/gatekey/internal/api/proxy_routes.go:544.2,544.56 1 0
github.com/gatekey-project/gatekey/internal/api/routes.go:45.64,49.50 2 0
github.com/gatekey-project/gatekey/internal/api/routes.go:49.50,53.3 2 0
github.com/gatekey-project/gatekey/internal/api/routes.go:55.2,114.35 3 0
github.com/gatekey-project/gatekey/internal/api/routes.go:118.38,120.16 2 0
github.com/gatekey-project/gatekey/internal/api/routes.go:120.16,122.3 1 0
github.com/gatekey-project/gatekey/internal/api/routes.go:125.2,126.20 2 0
github.com/gatekey-project/gatekey/internal/api/routes.go:126.20,128.3 1 0
github.com/gatekey-project/gatekey/internal/api/routes.go:129.2,129.11 1 0
github.com/gatekey-project/gatekey/internal/api/routes.go:134.50,136.24 2 0
github.com/gatekey-project/gatekey/internal/api/routes.go:136.24,139.3 2 0
github.com/gatekey-project/gatekey/internal/api/routes.go:142.2,143.16 2 0
github.com/gatekey-project/gatekey/internal/api/routes.go:143.16,147.3 3 0
github.com/gatekey-project/gatekey/internal/api/routes.go:149.2,149.29 1 0
github.com/gatekey-project/gatekey/internal/api/routes.go:149.29,152.3 2 0
github.com/gatekey-project/gatekey/internal/api/routes.go:155.2,160.16 5 0
github.com/gatekey-project/gatekey/internal/api/routes.go:160.16,167.3 3 0
github.com/gatekey-project/gatekey/internal/api/routes.go:170.2,171.22 2 0
github.com/gatekey-project/gatekey/internal/api/routes.go:171.22,173.3 1 0
github.com/gatekey-project/gatekey/internal/api/routes.go:176.2,186.16 3 0
github.com/gatekey-project/gatekey/internal/api/routes.go:186.16,190.3 3 0
github.com/gatekey-project/gatekey/internal/api/routes.go:192.2,193.16 2 0
github.com/gatekey-project/gatekey/internal/api/routes.go:193.16,197.3 3 0
github.com/gatekey-project/gatekey/internal/api/routes.go:200.2,203.20 4 0
github.com/gatekey-project/gatekey/internal/api/routes.go:203.20,206.24 2 0
github.com/gatekey-project/gatekey/internal/api/routes.go:206.24,208.99 1 0
github.com/gatekey-project/gatekey/internal/api/routes.go:208.99,210.5 1 0
github.com/gatekey-project/gatekey/internal/api/routes.go:210.10,213.5 2 0
github.com/gatekey-project/gatekey/internal/api/routes.go:214.9,218.18 2 0
github.com/gatekey-project/gatekey/internal/api/routes.go:218.18,220.5 1 0
github.com/gatekey-project/gatekey/internal/api/routes.go:220.10,223.5 2 0
github.com/gatekey-project/gatekey/internal/api/routes.go:228.2,237.80 2 0
github.com/gatekey-project/gatekey/internal/api/routes.go:237.80,241.3 3 0
github.com/gatekey-project/gatekey/internal/api/routes.go:244.2,245.39 2 0
github.com/gatekey-project/gatekey/internal/api/routes.go:248.53,253.31 3 0
github.com/gatekey-project/gatekey/internal/api/routes.go:253.31,255.47 1 0
github.com/gatekey-project/gatekey/internal/api/routes.go:255.47,260.4 4 0
github.com/gatekey-project/gatekey/internal/api/routes.go:261.3,262.9 2 0
github.com/gatekey-project/gatekey/internal/api/routes.go:266.2,267.16 2 0
github.com/gatekey-project/gatekey/internal/api/routes.go:267.16,271.3 3 0
github.com/gatekey-project/gatekey/internal/api/routes.go:274.2,275.16 2 0
github.com/gatekey-project/gatekey/internal/api/routes.go:275.16,279.3 3 0
github.com/gatekey-project/gatekey/internal/api/routes.go:282.2,285.16 4 0
github.com/gatekey-project/gatekey/internal/api/routes.go:285.16,289.3 3 0
github.com/gatekey-project/gatekey/internal/api/routes.go:292.2,293.22 2 0
github.com/gatekey-project/gatekey/internal/api/routes.go:293.22,295.3 1 0
github.com/gatekey-project/gatekey/internal/api/routes.go:297.2,307.16 3 0
github.com/gatekey-project/gatekey/internal/api/routes.go:307.16,311.3 3 0
github.com/gatekey-project/gatekey/internal/api/routes.go:314.2,315.9 2 0
github.com/gatekey-project/gatekey/internal/api/routes.go:315.9,319.3 3 0
github.com/gatekey-project/gatekey/internal/api/routes.go:322.2,324.16 3 0
github.com/gatekey-project/gatekey/internal/api/routes.go:324.16,328.3 3 0
github.com/gatekey-project/gatekey/internal/api/routes.go:331.2,331.38 1 0
github.com/gatekey-project/gatekey/internal/api/routes.go:331.38,335.3 3 0
github.com/gatekey-project/gatekey/internal/api/routes.go:338.2,345.48 2 0
github.com/gatekey-project/gatekey/internal/api/routes.go:345.48,349.3 3 0
github.com/gatekey-project/gatekey/internal/api/routes.go:352.2,353.20 2 0
github.com/gatekey-project/gatekey/internal/api/routes.go:353.20,355.3 1 0
github.com/gatekey-project/gatekey/internal/api/routes.go:356.2,356.20 1 0
github.com/gatekey-project/gatekey/internal/api/routes.go:356.20,358.3 1 0
github.com/gatekey-project/gatekey/internal/api/routes.go:360.2,361.17 2 0
github.com/gatekey-project/gatekey/internal/api/routes.go:361.17,363.3 1 0
github.com/gatekey-project/gatekey/internal/api/routes.go:365.2,366.16 2 0
github.com/gatekey-project/gatekey/internal/api/routes.go:366.16,368.3 1 0
github.com/gatekey-project/gatekey/internal/api/routes.go:371.2,372.55 2 0
github.com/gatekey-project/gatekey/internal/api/routes.go:372.55,376.3 3 0
github.com/gatekey-project/gatekey/internal/api/routes.go:377.2,391.150 6 0
github.com/gatekey-project/gatekey/internal/api/routes.go:391.150,395.3 3 0
github.com/gatekey-project/gatekey/internal/api/routes.go:398.2,418.36 4 0
github.com/gatekey-project/gatekey/internal/api/routes.go:418.36,425.3 5 0
github.com/gatekey-project/gatekey/internal/api/routes.go:425.8,427.3 1 0
github.com/gatekey-project/gatekey/internal/api/routes.go:430.2,430.35 1 0
github.com/gatekey-project/gatekey/internal/api/routes.go:433.50,435.24 2 0
github.com/gatekey-project/gatekey/internal/api/routes.go:435.24,438.3 2 0
github.com/gatekey-project/gatekey/internal/api/routes.go:441.2,442.16 2 0
github.com/gatekey-project/gatekey/internal/api/routes.go:442.16,446.3 3 0
github.com/gatekey-project/gatekey/internal/api/routes.go:448.2,448.29 1 0
github.com/gatekey-project/gatekey/internal/api/routes.go:448.29,451.3 2 0
github.com/gatekey-project/gatekey/internal/api/routes.go:454.2,455.16 2 0
github.com/gatekey-project/gatekey/internal/api/routes.go:455.16,459.3 3 0
github.com/gatekey-project/gatekey/internal/api/routes.go:461.2,462.16 2 0
github.com/gatekey-project/gatekey/internal/api/routes.go:462.16,466.3 3 0
github.com/gatekey-project/gatekey/internal/api/routes.go:469.2,470.16 2 0
github.com/gatekey-project/gatekey/internal/api/routes.go:470.16,474.3 3 0
github.com/gatekey-project/gatekey/internal/api/routes.go:477.2,486.16 3 0
github.com/gatekey-project/gatekey/internal/api/routes.go:486.16,490.3 3 0
github.com/gatekey-project/gatekey/internal/api/routes.go:493.2,496.20 4 0
github.com/gatekey-project/gatekey/internal/api/routes.go:496.20,499.24 2 0
github.com/gatekey-project/gatekey/internal/api/routes.go:499.24,501.99 1 0
github.com/gatekey-project/gatekey/internal/api/routes.go:501.99,503.5 1 0
github.com/gatekey-project/gatekey/internal/api/routes.go:503.10,506.5 2 0
github.com/gatekey-project/gatekey/internal/api/routes.go:507.9,511.18 2 0
github.com/gatekey-project/gatekey/internal/api/routes.go:511.18,513.5 1 0
github.com/gatekey-project/gatekey/internal/api/routes.go:513.10,516.5 2 0
github.com/gatekey-project/gatekey/internal/api/routes.go:521.2,529.80 2 0
github.com/gatekey-project/gatekey/internal/api/routes.go:529.80,533.3 3 0
github.com/gatekey-project/gatekey/internal/api/routes.go:536.2,541.16 2 0
github.com/gatekey-project/gatekey/internal/api/routes.go:541.16,545.3 3 0
github.com/gatekey-project/gatekey/internal/api/routes.go:548.2,549.16 2 0
github.com/gatekey-project/gatekey/internal/api/routes.go:549.16,553.3 3 0
github.com/gatekey-project/gatekey/internal/api/routes.go:555.2,555.52 1 0
github.com/gatekey-project/gatekey/internal/api/routes.go:560.55,566.2 5 0
github.com/gatekey-project/gatekey/internal/api/routes.go:568.48,574.24 3 0
github.com/gatekey-project/gatekey/internal/api/routes.go:574.24,578.3 3 0
github.com/gatekey-project/gatekey/internal/api/routes.go:581.2,582.22 2 0
github.com/gatekey-project/gatekey/internal/api/routes.go:582.22,584.3 1 0
github.com/gatekey-project/gatekey/internal/api/routes.go:587.2,598.22 5 0
github.com/gatekey-project/gatekey/internal/api/routes.go:598.22,600.17 2 0
github.com/gatekey-project/gatekey/internal/api/routes.go:600.17,603.18 2 0
github.com/gatekey-project/gatekey/internal/api/routes.go:603.18,607.5 3 0
github.com/gatekey-project/gatekey/internal/api/routes.go:608.4,610.88 3 0
github.com/gatekey-project/gatekey/internal/api/routes.go:611.9,614.4 1 0
github.com/gatekey-project/gatekey/internal/api/routes.go:619.2,619.27 1 0
github.com/gatekey-project/gatekey/internal/api/routes.go:619.27,624.17 3 0
github.com/gatekey-project/gatekey/internal/api/routes.go:624.17,628.4 3 0
github.com/gatekey-project/gatekey/internal/api/routes.go:631.3,632.19 2 0
github.com/gatekey-project/gatekey/internal/api/routes.go:632.19,636.4 3 0
github.com/gatekey-project/gatekey/internal/api/routes.go:637.3,641.17 3 0
github.com/gatekey-project/gatekey/internal/api/routes.go:641.17,645.4 3 0
github.com/gatekey-project/gatekey/internal/api/routes.go:647.3,647.31 1 0
github.com/gatekey-project/gatekey/internal/api/routes.go:647.31,648.18 1 0
github.com/gatekey-project/gatekey/internal/api/routes.go:648.18,649.13 1 0
github.com/gatekey-project/gatekey/internal/api/routes.go:652.4,653.18 2 0
github.com/gatekey-project/gatekey/internal/api/routes.go:653.18,654.13 1 0
github.com/gatekey-project/gatekey/internal/api/routes.go:656.4,657.18 2 0
github.com/gatekey-project/gatekey/internal/api/routes.go:657.18,658.13 1 0
github.com/gatekey-project/gatekey/internal/api/routes.go:660.4,660.35 1 0
github.com/gatekey-project/gatekey/internal/api/routes.go:660.35,663.10 3 0
github.com/gatekey-project/gatekey/internal/api/routes.go:667.3,667.28 1 0
github.com/gatekey-project/gatekey/internal/api/routes.go:667.28,671.4 3 0
github.com/gatekey-project/gatekey/internal/api/routes.go:675.2,676.16 2 0
github.com/gatekey-project/gatekey/internal/api/routes.go:676.16,680.3 3 0
github.com/gatekey-project/gatekey/internal/api/routes.go:682.2,683.16 2 0
github.com/gatekey-project/gatekey/internal/api/routes.go:683.16,687.3 3 0
github.com/gatekey-project/gatekey/internal/api/routes.go:690.2,691.16 2 0
github.com/gatekey-project/gatekey/internal/api/routes.go:691.16,695.3 3 0
github.com/gatekey-project/gatekey/internal/api/routes.go:698.2,707.16 3 0
github.com/gatekey-project/gatekey/internal/api/routes.go:707.16,711.3 3 0
github.com/gatekey-project/gatekey/internal/api/routes.go:714.2,721.65 6 0
github.com/gatekey-project/gatekey/internal/api/routes.go:721.65,724.3 2 0
github.com/gatekey-project/gatekey/internal/api/routes.go:727.2,727.62 1 0
github.com/gatekey-project/gatekey/internal/api/routes.go:727.62,728.49 1 0
github.com/gatekey-project/gatekey/internal/api/routes.go:728.49,729.29 1 0
github.com/gatekey-project/gatekey/internal/api/routes.go:729.29,730.13 1 0
github.com/gatekey-project/gatekey/internal/api/routes.go:733.4,736.11 3 0
github.com/gatekey-project/gatekey/internal/api/routes.go:738.86,739.33 1 0
github.com/gatekey-project/gatekey/internal/api/routes.go:741.78,742.32 1 0
github.com/gatekey-project/gatekey/internal/api/routes.go:744.77,745.45 1 0
github.com/gatekey-project/gatekey/internal/api/routes.go:745.45,747.6 1 0
github.com/gatekey-project/gatekey/internal/api/routes.go:749.85,750.35 1 0
github.com/gatekey-project/gatekey/internal/api/routes.go:750.35,752.6 1 0
github.com/gatekey-project/gatekey/internal/api/routes.go:758.2,758.35 1 0
github.com/gatekey-project/gatekey/internal/api/routes.go:758.35,760.3 1 0
github.com/gatekey-project/gatekey/internal/api/routes.go:761.2,761.20 1 0
github.com/gatekey-project/gatekey/internal/api/routes.go:761.20,763.3 1 0
github.com/gatekey-project/gatekey/internal/api/routes.go:764.2,764.18 1 0
github.com/gatekey-project/gatekey/internal/api/routes.go:764.18,766.3 1 0
github.com/gatekey-project/gatekey/internal/api/routes.go:768.2,768.17 1 0
github.com/gatekey-project/gatekey/internal/api/routes.go:768.17,770.3 1 0
github.com/gatekey-project/gatekey/internal/api/routes.go:772.2,772.16 1 0
github.com/gatekey-project/gatekey/internal/api/routes.go:772.16,774.3 1 0
github.com/gatekey-project/gatekey/internal/api/routes.go:777.2,778.55 2 0
github.com/gatekey-project/gatekey/internal/api/routes.go:778.55,782.3 3 0
github.com/gatekey-project/gatekey/internal/api/routes.go:783.2,791.143 6 0
github.com/gatekey-project/gatekey/internal/api/routes.go:791.143,795.3 3 0
github.com/gatekey-project/gatekey/internal/api/routes.go:798.2,818.26 4 0
github.com/gatekey-project/gatekey/internal/api/routes.go:818.26,825.3 5 0
github.com/gatekey-project/gatekey/internal/api/routes.go:825.8,825.27 1 0
github.com/gatekey-project/gatekey/internal/api/routes.go:825.27,830.3 3 0
github.com/gatekey-project/gatekey/internal/api/routes.go:833.2,833.35 1 0
github.com/gatekey-project/gatekey/internal/api/routes.go:837.47,853.62 5 0
github.com/gatekey-project/gatekey/internal/api/routes.go:853.62,863.69 4 0
github.com/gatekey-project/gatekey/internal/api/routes.go:863.69,865.4 1 0
github.com/gatekey-project/gatekey/internal/api/routes.go:866.3,866.36 1 0
github.com/gatekey-project/gatekey/internal/api/routes.go:866.36,868.4 1 0
github.com/gatekey-project/gatekey/internal/api/routes.go:869.3,869.42 1 0
github.com/gatekey-project/gatekey/internal/api/routes.go:869.42,870.28 1 0
github.com/gatekey-project/gatekey/internal/api/routes.go:870.28,872.5 1 0
github.com/gatekey-project/gatekey/internal/api/routes.go:874.3,874.12 1 0
github.com/gatekey-project/gatekey/internal/api/routes.go:878.2,878.29 1 0
github.com/gatekey-project/gatekey/internal/api/routes.go:878.29,880.3 1 0
github.com/gatekey-project/gatekey/internal/api/routes.go:883.2,883.43 1 0
github.com/gatekey-project/gatekey/internal/api/routes.go:883.43,884.35 1 0
github.com/gatekey-project/gatekey/internal/api/routes.go:884.35,886.4 1 0
github.com/gatekey-project/gatekey/internal/api/routes.go:889.2,889.11 1 0
github.com/gatekey-project/gatekey/internal/api/routes.go:892.53,894.24 2 0
github.com/gatekey-project/gatekey/internal/api/routes.go:894.24,897.3 2 0
github.com/gatekey-project/gatekey/internal/api/routes.go:900.2,901.16 2 0
github.com/gatekey-project/gatekey/internal/api/routes.go:901.16,905.3 3 0
github.com/gatekey-project/gatekey/internal/api/routes.go:908.2,909.16 2 0
github.com/gatekey-project/gatekey/internal/api/routes.go:909.16,913.3 3 0
github.com/gatekey-project/gatekey/internal/api/routes.go:916.2,926.16 5 0
github.com/gatekey-project/gatekey/internal/api/routes.go:926.16,930.3 3 0
github.com/gatekey-project/gatekey/internal/api/routes.go:931.2,931.53 1 0
github.com/gatekey-project/gatekey/internal/api/routes.go:940.47,943.39 2 0
github.com/gatekey-project/gatekey/internal/api/routes.go:943.39,948.3 2 0
github.com/gatekey-project/gatekey/internal/api/routes.go:951.2,961.68 2 0
github.com/gatekey-project/gatekey/internal/api/routes.go:964.51,968.39 3 0
github.com/gatekey-project/gatekey/internal/api/routes.go:968.39,970.3 1 0
github.com/gatekey-project/gatekey/internal/api/routes.go:970.8,973.77 2 0
github.com/gatekey-project/gatekey/internal/api/routes.go:973.77,975.4 1 0
github.com/gatekey-project/gatekey/internal/api/routes.go:978.2,978.17 1 0
github.com/gatekey-project/gatekey/internal/api/routes.go:978.17,981.3 2 0
github.com/gatekey-project/gatekey/internal/api/routes.go:984.2,984.91 1 0
github.com/gatekey-project/gatekey/internal/api/routes.go:984.91,1002.3 4 0
github.com/gatekey-project/gatekey/internal/api/routes.go:1005.2,1006.16 2 0
github.com/gatekey-project/gatekey/internal/api/routes.go:1006.16,1009.3 2 0
github.com/gatekey-project/gatekey/internal/api/routes.go:1012.2,1024.4 2 0
github.com/gatekey-project/gatekey/internal/api/routes.go:1028.174,1034.21 5 0
github.com/gatekey-project/gatekey/internal/api/routes.go:1034.21,1037.3 2 0
github.com/gatekey-project/gatekey/internal/api/routes.go:1038.2,1038.21 1 0
github.com/gatekey-project/gatekey/internal/api/routes.go:1038.21,1040.3 1 0
github.com/gatekey-project/gatekey/internal/api/routes.go:1043.2,1050.50 3 0
github.com/gatekey-project/gatekey/internal/api/routes.go:1050.50,1052.17 2 0
github.com/gatekey-project/gatekey/internal/api/routes.go:1052.17,1056.4 1 0
github.com/gatekey-project/gatekey/internal/api/routes.go:1056.9,1056.43 1 0
github.com/gatekey-project/gatekey/internal/api/routes.go:1056.43,1059.4 1 0
github.com/gatekey-project/gatekey/internal/api/routes.go:1059.9,1065.33 2 0
github.com/gatekey-project/gatekey/internal/api/routes.go:1065.33,1066.41 1 0
github.com/gatekey-project/gatekey/internal/api/routes.go:1066.41,1071.11 3 0
github.com/gatekey-project/gatekey/internal/api/routes.go:1074.4,1074.16 1 0
github.com/gatekey-project/gatekey/internal/api/routes.go:1074.16,1079.5 1 0
github.com/gatekey-project/gatekey/internal/api/routes.go:1081.8,1081.57 1 0
github.com/gatekey-project/gatekey/internal/api/routes.go:1081.57,1083.17 2 0
github.com/gatekey-project/gatekey/internal/api/routes.go:1083.17,1087.4 1 0
github.com/gatekey-project/gatekey/internal/api/routes.go:1087.9,1087.43 1 0
github.com/gatekey-project/gatekey/internal/api/routes.go:1087.43,1090.4 1 0
github.com/gatekey-project/gatekey/internal/api/routes.go:1090.9,1096.33 2 0
github.com/gatekey-project/gatekey/internal/api/routes.go:1096.33,1097.41 1 0
github.com/gatekey-project/gatekey/internal/api/routes.go:1097.41,1102.11 3 0
github.com/gatekey-project/gatekey/internal/api/routes.go:1105.4,1105.16 1 0
github.com/gatekey-project/gatekey/internal/api/routes.go:1105.16,1110.5 1 0
github.com/gatekey-project/gatekey/internal/api/routes.go:1116.2,1117.44 2 0
github.com/gatekey-project/gatekey/internal/api/routes.go:1117.44,1119.17 2 0
github.com/gatekey-project/gatekey/internal/api/routes.go:1119.17,1122.4 1 0
github.com/gatekey-project/gatekey/internal/api/routes.go:1122.9,1122.28 1 0
github.com/gatekey-project/gatekey/internal/api/routes.go:1122.28,1124.4 1 0
github.com/gatekey-project/gatekey/internal/api/routes.go:1127.2,1139.50 2 0
github.com/gatekey-project/gatekey/internal/api/routes.go:1143.44,1145.27 2 0
github.com/gatekey-project/gatekey/internal/api/routes.go:1145.27,1147.31 2 0
github.com/gatekey-project/gatekey/internal/api/routes.go:1147.31,1148.54 1 0
github.com/gatekey-project/gatekey/internal/api/routes.go:1148.54,1150.10 2 0
github.com/gatekey-project/gatekey/internal/api/routes.go:1153.3,1153.16 1 0
github.com/gatekey-project/gatekey/internal/api/routes.go:1153.16,1154.9 1 0
github.com/gatekey-project/gatekey/internal/api/routes.go:1156.3,1157.23 2 0
github.com/gatekey-project/gatekey/internal/api/routes.go:1159.2,1160.15 2 0
github.com/gatekey-project/gatekey/internal/api/routes.go:1163.53,1169.34 3 0
github.com/gatekey-project/gatekey/internal/api/routes.go:1169.34,1170.16 1 0
github.com/gatekey-project/gatekey/internal/api/routes.go:1170.16,1177.4 1 0
github.com/gatekey-project/gatekey/internal/api/routes.go:1181.2,1182.34 2 0
github.com/gatekey-project/gatekey/internal/api/routes.go:1182.34,1183.16 1 0
github.com/gatekey-project/gatekey/internal/api/routes.go:1183.16,1190.4 1 0
github.com/gatekey-project/gatekey/internal/api/routes.go:1194.2,1201.54 2 0
github.com/gatekey-project/gatekey/internal/api/routes.go:1206.51,1211.47 2 0
github.com/gatekey-project/gatekey/internal/api/routes.go:1211.47,1214.3 2 0
github.com/gatekey-project/gatekey/internal/api/routes.go:1216.2,1220.16 4 0
github.com/gatekey-project/gatekey/internal/api/routes.go:1220.16,1225.3 3 0
github.com/gatekey-project/gatekey/internal/api/routes.go:1228.2,1229.55 2 0
github.com/gatekey-project/gatekey/internal/api/routes.go:1229.55,1232.3 2 0
github.com/gatekey-project/gatekey/internal/api/routes.go:1233.2,1237.120 3 0
github.com/gatekey-project/gatekey/internal/api/routes.go:1237.120,1241.3 3 0
github.com/gatekey-project/gatekey/internal/api/routes.go:1244.2,1264.4 3 0
github.com/gatekey-project/gatekey/internal/api/routes.go:1267.55,1273.47 2 0
github.com/gatekey-project/gatekey/internal/api/routes.go:1273.47,1276.3 2 0
github.com/gatekey-project/gatekey/internal/api/routes.go:1279.2,1280.16 2 0
github.com/gatekey-project/gatekey/internal/api/routes.go:1280.16,1283.3 2 0
github.com/gatekey-project/gatekey/internal/api/routes.go:1286.2,1286.103 1 0
github.com/gatekey-project/gatekey/internal/api/routes.go:1286.103,1289.3 2 0
github.com/gatekey-project/gatekey/internal/api/routes.go:1291.2,1291.74 1 0
github.com/gatekey-project/gatekey/internal/api/routes.go:1296.49,1298.23 2 0
github.com/gatekey-project/gatekey/internal/api/routes.go:1298.23,1301.3 2 0
github.com/gatekey-project/gatekey/internal/api/routes.go:1304.2,1305.16 2 0
github.com/gatekey-project/gatekey/internal/api/routes.go:1305.16,1308.3 2 0
github.com/gatekey-project/gatekey/internal/api/routes.go:1311.2,1311.94 1 0
github.com/gatekey-project/gatekey/internal/api/routes.go:1311.94,1315.3 3 0
github.com/gatekey-project/gatekey/internal/api/routes.go:1317.2,1321.44 3 0
github.com/gatekey-project/gatekey/internal/api/routes.go:1325.52,1327.17 2 0
github.com/gatekey-project/gatekey/internal/api/routes.go:1327.17,1330.3 2 0
github.com/gatekey-project/gatekey/internal/api/routes.go:1333.2,1334.31 2 0
github.com/gatekey-project/gatekey/internal/api/routes.go:1334.31,1338.3 3 0
github.com/gatekey-project/gatekey/internal/api/routes.go:1341.2,1342.16 2 0
github.com/gatekey-project/gatekey/internal/api/routes.go:1342.16,1346.3 3 0
github.com/gatekey-project/gatekey/internal/api/routes.go:1349.2,1350.16 2 0
github.com/gatekey-project/gatekey/internal/api/routes.go:1350.16,1354.3 3 0
github.com/gatekey-project/gatekey/internal/api/routes.go:1356.2,1364.21 3 0
github.com/gatekey-project/gatekey/internal/api/routes.go:1364.21,1366.3 1 0
github.com/gatekey-project/gatekey/internal/api/routes.go:1369.2,1369.39 1 0
github.com/gatekey-project/gatekey/internal/api/routes.go:1372.52,1374.17 2 0
github.com/gatekey-project/gatekey/internal/api/routes.go:1374.17,1377.3 2 0
github.com/gatekey-project/gatekey/internal/api/routes.go:1380.2,1381.9 2 0
github.com/gatekey-project/gatekey/internal/api/routes.go:1381.9,1384.3 2 0
github.com/gatekey-project/gatekey/internal/api/routes.go:1385.2,1393.33 6 0
github.com/gatekey-project/gatekey/internal/api/routes.go:1393.33,1396.3 1 0
github.com/gatekey-project/gatekey/internal/api/routes.go:1399.2,1400.22 2 0
github.com/gatekey-project/gatekey/internal/api/routes.go:1400.22,1402.3 1 0
github.com/gatekey-project/gatekey/internal/api/routes.go:1403.2,1403.21 1 0
github.com/gatekey-project/gatekey/internal/api/routes.go:1403.21,1405.3 1 0
github.com/gatekey-project/gatekey/internal/api/routes.go:1406.2,1409.39 2 0
github.com/gatekey-project/gatekey/internal/api/routes.go:1412.53,1416.47 2 0
github.com/gatekey-project/gatekey/internal/api/routes.go:1416.47,1419.3 2 0
github.com/gatekey-project/gatekey/internal/api/routes.go:1422.2,1422.82 1 0
github.com/gatekey-project/gatekey/internal/api/routes.go:1426.38,1428.46 2 0
github.com/gatekey-project/gatekey/internal/api/routes.go:1428.46,1430.3 1 0
github.com/gatekey-project/gatekey/internal/api/routes.go:1431.2,1431.50 1 0
github.com/gatekey-project/gatekey/internal/api/routes.go:1436.55,1438.39 1 0
github.com/gatekey-project/gatekey/internal/api/routes.go:1438.39,1441.3 2 0
github.com/gatekey-project/gatekey/internal/api/routes.go:1444.2,1445.16 2 0
github.com/gatekey-project/gatekey/internal/api/routes.go:1445.16,1448.3 2 0
github.com/gatekey-project/gatekey/internal/api/routes.go:1451.2,1455.47 2 0
github.com/gatekey-project/gatekey/internal/api/routes.go:1455.47,1458.3 2 0
github.com/gatekey-project/gatekey/internal/api/routes.go:1461.2,1463.16 3 0
github.com/gatekey-project/gatekey/internal/api/routes.go:1463.16,1466.3 2 0
github.com/gatekey-project/gatekey/internal/api/routes.go:1469.2,1469.23 1 0
github.com/gatekey-project/gatekey/internal/api/routes.go:1469.23,1472.3 2 0
github.com/gatekey-project/gatekey/internal/api/routes.go:1475.2,1476.16 2 0
github.com/gatekey-project/gatekey/internal/api/routes.go:1476.16,1480.3 3 0
github.com/gatekey-project/gatekey/internal/api/routes.go:1481.2,1481.16 1 0
github.com/gatekey-project/gatekey/internal/api/routes.go:1481.16,1484.3 2 0
github.com/gatekey-project/gatekey/internal/api/routes.go:1487.2,1488.23 2 0
github.com/gatekey-project/gatekey/internal/api/routes.go:1488.23,1490.3 1 0
github.com/gatekey-project/gatekey/internal/api/routes.go:1492.2,1499.16 3 0
github.com/gatekey-project/gatekey/internal/api/routes.go:1499.16,1503.3 3 0
github.com/gatekey-project/gatekey/internal/api/routes.go:1506.2,1522.16 4 0
github.com/gatekey-project/gatekey/internal/api/routes.go:1522.16,1525.3 1 0
github.com/gatekey-project/gatekey/internal/api/routes.go:1528.2,1530.35 3 0
github.com/gatekey-project/gatekey/internal/api/routes.go:1530.35,1531.23 1 0
github.com/gatekey-project/gatekey/internal/api/routes.go:1531.23,1533.26 1 0
github.com/gatekey-project/gatekey/internal/api/routes.go:1533.26,1535.19 2 0
github.com/gatekey-project/gatekey/internal/api/routes.go:1535.19,1537.6 1 0
github.com/gatekey-project/gatekey/internal/api/routes.go:1537.11,1542.6 1 0
github.com/gatekey-project/gatekey/internal/api/routes.go:1545.4,1545.54 1 0
github.com/gatekey-project/gatekey/internal/api/routes.go:1545.54,1549.5 1 0
github.com/gatekey-project/gatekey/internal/api/routes.go:1554.2,1556.17 3 0
github.com/gatekey-project/gatekey/internal/api/routes.go:1556.17,1559.3 2 0
github.com/gatekey-project/gatekey/internal/api/routes.go:1562.2,1579.16 5 0
github.com/gatekey-project/gatekey/internal/api/routes.go:1579.16,1583.3 3 0
github.com/gatekey-project/gatekey/internal/api/routes.go:1586.2,1600.80 2 0
github.com/gatekey-project/gatekey/internal/api/routes.go:1600.80,1604.3 3 0
github.com/gatekey-project/gatekey/internal/api/routes.go:1606.2,1620.4 2 0
github.com/gatekey-project/gatekey/internal/api/routes.go:1623.55,1628.16 3 0
github.com/gatekey-project/gatekey/internal/api/routes.go:1628.16,1629.34 1 0
github.com/gatekey-project/gatekey/internal/api/routes.go:1629.34,1632.4 2 0
github.com/gatekey-project/gatekey/internal/api/routes.go:1633.3,1633.33 1 0
github.com/gatekey-project/gatekey/internal/api/routes.go:1633.33,1636.4 2 0
github.com/gatekey-project/gatekey/internal/api/routes.go:1637.3,1639.9 3 0
github.com/gatekey-project/gatekey/internal/api/routes.go:1643.2,1644.61 2 0
github.com/gatekey-project/gatekey/internal/api/routes.go:1644.61,1651.3 4 0
github.com/gatekey-project/gatekey/internal/api/routes.go:1654.2,1659.78 4 0
github.com/gatekey-project/gatekey/internal/api/routes.go:1663.83,1666.39 3 0
github.com/gatekey-project/gatekey/internal/api/routes.go:1666.39,1668.3 1 0
github.com/gatekey-project/gatekey/internal/api/routes.go:1668.8,1670.77 2 0
github.com/gatekey-project/gatekey/internal/api/routes.go:1670.77,1672.4 1 0
github.com/gatekey-project/gatekey/internal/api/routes.go:1675.2,1675.17 1 0
github.com/gatekey-project/gatekey/internal/api/routes.go:1675.17,1677.3 1 0
github.com/gatekey-project/gatekey/internal/api/routes.go:1680.2,1680.37 1 0
github.com/gatekey-project/gatekey/internal/api/routes.go:1680.37,1683.17 3 0
github.com/gatekey-project/gatekey/internal/api/routes.go:1683.17,1685.4 1 0
github.com/gatekey-project/gatekey/internal/api/routes.go:1686.3,1686.38 1 0
github.com/gatekey-project/gatekey/internal/api/routes.go:1686.38,1688.4 1 0
github.com/gatekey-project/gatekey/internal/api/routes.go:1691.3,1691.13 1 0
github.com/gatekey-project/gatekey/internal/api/routes.go:1691.13,1691.96 1 0
github.com/gatekey-project/gatekey/internal/api/routes.go:1693.3,1700.9 1 0
github.com/gatekey-project/gatekey/internal/api/routes.go:1704.2,1704.91 1 0
github.com/gatekey-project/gatekey/internal/api/routes.go:1704.91,1713.3 1 0
github.com/gatekey-project/gatekey/internal/api/routes.go:1716.2,1717.16 2 0
github.com/gatekey-project/gatekey/internal/api/routes.go:1717.16,1719.3 1 0
github.com/gatekey-project/gatekey/internal/api/routes.go:1721.2,1727.8 1 0
github.com/gatekey-project/gatekey/internal/api/routes.go:1739.32,1741.2 1 0
github.com/gatekey-project/gatekey/internal/api/routes.go:1744.33,1746.46 2 0
github.com/gatekey-project/gatekey/internal/api/routes.go:1746.46,1749.3 1 0
github.com/gatekey-project/gatekey/internal/api/routes.go:1750.2,1750.30 1 0
github.com/gatekey-project/gatekey/internal/api/routes.go:1754.57,1756.16 2 0
github.com/gatekey-project/gatekey/internal/api/routes.go:1756.16,1758.3 1 0
github.com/gatekey-project/gatekey/internal/api/routes.go:1761.2,1767.30 4 0
github.com/gatekey-project/gatekey/internal/api/routes.go:1770.58,1775.16 3 0
github.com/gatekey-project/gatekey/internal/api/routes.go:1775.16,1776.34 1 0
github.com/gatekey-project/gatekey/internal/api/routes.go:1776.34,1779.4 2 0
github.com/gatekey-project/gatekey/internal/api/routes.go:1780.3,1780.33 1 0
github.com/gatekey-project/gatekey/internal/api/routes.go:1780.33,1783.4 2 0
github.com/gatekey-project/gatekey/internal/api/routes.go:1784.3,1786.9 3 0
github.com/gatekey-project/gatekey/internal/api/routes.go:1790.2,1797.4 1 0
github.com/gatekey-project/gatekey/internal/api/routes.go:1800.53,1805.16 3 0
github.com/gatekey-project/gatekey/internal/api/routes.go:1805.16,1806.34 1 0
github.com/gatekey-project/gatekey/internal/api/routes.go:1806.34,1809.4 2 0
github.com/gatekey-project/gatekey/internal/api/routes.go:1810.3,1810.33 1 0
github.com/gatekey-project/gatekey/internal/api/routes.go:1810.33,1813.4 2 0
github.com/gatekey-project/gatekey/internal/api/routes.go:1814.3,1816.9 3 0
github.com/gatekey-project/gatekey/internal/api/routes.go:1820.2,1824.55 3 0
github.com/gatekey-project/gatekey/internal/api/routes.go:1828.53,1833.16 3 0
github.com/gatekey-project/gatekey/internal/api/routes.go:1833.16,1836.3 2 0
github.com/gatekey-project/gatekey/internal/api/routes.go:1839.2,1840.16 2 0
github.com/gatekey-project/gatekey/internal/api/routes.go:1840.16,1841.34 1 0
github.com/gatekey-project/gatekey/internal/api/routes.go:1841.34,1844.4 2 0
github.com/gatekey-project/gatekey/internal/api/routes.go:1845.3,1847.9 3 0
github.com/gatekey-project/gatekey/internal/api/routes.go:1851.2,1851.29 1 0
github.com/gatekey-project/gatekey/internal/api/routes.go:1851.29,1854.3 2 0
github.com/gatekey-project/gatekey/internal/api/routes.go:1857.2,1857.101 1 0
github.com/gatekey-project/gatekey/internal/api/routes.go:1857.101,1858.34 1 0
github.com/gatekey-project/gatekey/internal/api/routes.go:1858.34,1861.4 2 0
github.com/gatekey-project/gatekey/internal/api/routes.go:1862.3,1864.9 3 0
github.com/gatekey-project/gatekey/internal/api/routes.go:1867.2,1874.4 2 0
github.com/gatekey-project/gatekey/internal/api/routes.go:1878.56,1881.16 2 0
github.com/gatekey-project/gatekey/internal/api/routes.go:1881.16,1884.3 2 0
github.com/gatekey-project/gatekey/internal/api/routes.go:1887.2,1888.16 2 0
github.com/gatekey-project/gatekey/internal/api/routes.go:1888.16,1892.3 3 0
github.com/gatekey-project/gatekey/internal/api/routes.go:1895.2,1896.30 2 0
github.com/gatekey-project/gatekey/internal/api/routes.go:1896.30,1908.27 2 0
github.com/gatekey-project/gatekey/internal/api/routes.go:1908.27,1910.4 1 0
github.com/gatekey-project/gatekey/internal/api/routes.go:1913.2,1913.49 1 0
github.com/gatekey-project/gatekey/internal/api/routes.go:1917.60,1922.16 4 0
github.com/gatekey-project/gatekey/internal/api/routes.go:1922.16,1926.3 3 0
github.com/gatekey-project/gatekey/internal/api/routes.go:1928.2,1929.30 2 0
github.com/gatekey-project/gatekey/internal/api/routes.go:1929.30,1946.27 2 0
github.com/gatekey-project/gatekey/internal/api/routes.go:1946.27,1948.4 1 0
github.com/gatekey-project/gatekey/internal/api/routes.go:1949.3,1949.30 1 0
github.com/gatekey-project/gatekey/internal/api/routes.go:1949.30,1951.4 1 0
github.com/gatekey-project/gatekey/internal/api/routes.go:1954.2,1954.65 1 0
github.com/gatekey-project/gatekey/internal/api/routes.go:1958.58,1964.47 3 0
github.com/gatekey-project/gatekey/internal/api/routes.go:1964.47,1966.3 1 0
github.com/gatekey-project/gatekey/internal/api/routes.go:1969.2,1969.94 1 0
github.com/gatekey-project/gatekey/internal/api/routes.go:1969.94,1970.34 1 0
github.com/gatekey-project/gatekey/internal/api/routes.go:1970.34,1973.4 2 0
github.com/gatekey-project/gatekey/internal/api/routes.go:1974.3,1976.9 3 0
github.com/gatekey-project/gatekey/internal/api/routes.go:1979.2,1984.4 2 0
github.com/gatekey-project/gatekey/internal/api/routes.go:1988.63,1994.47 3 0
github.com/gatekey-project/gatekey/internal/api/routes.go:1994.47,1996.3 1 0
github.com/gatekey-project/gatekey/internal/api/routes.go:1999.2,2000.16 2 0
github.com/gatekey-project/gatekey/internal/api/routes.go:2000.16,2004.3 3 0
github.com/gatekey-project/gatekey/internal/api/routes.go:2006.2,2014.4 2 0
github.com/gatekey-project/gatekey/internal/api/routes.go:2018.61,2022.16 3 0
github.com/gatekey-project/gatekey/internal/api/routes.go:2022.16,2026.3 3 0
github.com/gatekey-project/gatekey/internal/api/routes.go:2028.2,2041.30 3 0
github.com/gatekey-project/gatekey/internal/api/routes.go:2041.30,2052.27 2 0
github.com/gatekey-project/gatekey/internal/api/routes.go:2052.27,2055.4 2 0
github.com/gatekey-project/gatekey/internal/api/routes.go:2056.3,2056.36 1 0
github.com/gatekey-project/gatekey/internal/api/routes.go:2059.2,2059.51 1 0
github.com/gatekey-project/gatekey/internal/api/routes.go:2063.65,2067.16 3 0
github.com/gatekey-project/gatekey/internal/api/routes.go:2067.16,2071.3 3 0
github.com/gatekey-project/gatekey/internal/api/routes.go:2073.2,2086.30 3 0
github.com/gatekey-project/gatekey/internal/api/routes.go:2086.30,2097.27 2 0
github.com/gatekey-project/gatekey/internal/api/routes.go:2097.27,2100.4 2 0
github.com/gatekey-project/gatekey/internal/api/routes.go:2101.3,2101.36 1 0
github.com/gatekey-project/gatekey/internal/api/routes.go:2104.2,2104.51 1 0
github.com/gatekey-project/gatekey/internal/api/routes.go:2109.50,2112.2 1 0
github.com/gatekey-project/gatekey/internal/api/routes.go:2114.51,2117.2 1 0
github.com/gatekey-project/gatekey/internal/api/routes.go:2121.53,2124.2 1 0
github.com/gatekey-project/gatekey/internal/api/routes.go:2126.53,2128.2 1 0
github.com/gatekey-project/gatekey/internal/api/routes.go:2130.50,2132.2 1 0
github.com/gatekey-project/gatekey/internal/api/routes.go:2134.53,2136.2 1 0
github.com/gatekey-project/gatekey/internal/api/routes.go:2138.53,2140.2 1 0
github.com/gatekey-project/gatekey/internal/api/routes.go:2144.54,2155.47 2 0
github.com/gatekey-project/gatekey/internal/api/routes.go:2155.47,2158.3 2 0
github.com/gatekey-project/gatekey/internal/api/routes.go:2161.2,2163.16 3 0
github.com/gatekey-project/gatekey/internal/api/routes.go:2163.16,2167.3 3 0
github.com/gatekey-project/gatekey/internal/api/routes.go:2170.2,2171.24 2 0
github.com/gatekey-project/gatekey/internal/api/routes.go:2171.24,2174.17 3 0
github.com/gatekey-project/gatekey/internal/api/routes.go:2174.17,2175.34 1 0
github.com/gatekey-project/gatekey/internal/api/routes.go:2175.34,2183.5 3 0
github.com/gatekey-project/gatekey/internal/api/routes.go:2184.4,2184.34 1 0
github.com/gatekey-project/gatekey/internal/api/routes.go:2184.34,2192.5 3 0
github.com/gatekey-project/gatekey/internal/api/routes.go:2193.4,2200.10 3 0
github.com/gatekey-project/gatekey/internal/api/routes.go:2205.3,2205.48 1 0
github.com/gatekey-project/gatekey/internal/api/routes.go:2205.48,2208.48 2 0
github.com/gatekey-project/gatekey/internal/api/routes.go:2208.48,2217.5 3 0
github.com/gatekey-project/gatekey/internal/api/routes.go:2221.3,2221.37 1 0
github.com/gatekey-project/gatekey/internal/api/routes.go:2221.37,2230.4 3 0
github.com/gatekey-project/gatekey/internal/api/routes.go:2232.3,2235.40 1 0
github.com/gatekey-project/gatekey/internal/api/routes.go:2236.8,2236.35 1 0
github.com/gatekey-project/gatekey/internal/api/routes.go:2236.35,2240.17 3 0
github.com/gatekey-project/gatekey/internal/api/routes.go:2240.17,2249.4 3 0
github.com/gatekey-project/gatekey/internal/api/routes.go:2252.3,2252.23 1 0
github.com/gatekey-project/gatekey/internal/api/routes.go:2252.23,2258.4 2 0
github.com/gatekey-project/gatekey/internal/api/routes.go:2261.3,2261.41 1 0
github.com/gatekey-project/gatekey/internal/api/routes.go:2261.41,2267.4 2 0
github.com/gatekey-project/gatekey/internal/api/routes.go:2270.3,2270.37 1 0
github.com/gatekey-project/gatekey/internal/api/routes.go:2270.37,2279.4 3 0
github.com/gatekey-project/gatekey/internal/api/routes.go:2283.2,2284.16 2 0
github.com/gatekey-project/gatekey/internal/api/routes.go:2284.16,2293.3 3 0
github.com/gatekey-project/gatekey/internal/api/routes.go:2296.2,2296.20 1 0
github.com/gatekey-project/gatekey/internal/api/routes.go:2296.20,2302.3 2 0
github.com/gatekey-project/gatekey/internal/api/routes.go:2305.2,2306.16 2 0
github.com/gatekey-project/gatekey/internal/api/routes.go:2306.16,2313.3 3 0
github.com/gatekey-project/gatekey/internal/api/routes.go:2314.2,2314.16 1 0
github.com/gatekey-project/gatekey/internal/api/routes.go:2314.16,2323.3 3 0
github.com/gatekey-project/gatekey/internal/api/routes.go:2326.2,2326.92 1 0
github.com/gatekey-project/gatekey/internal/api/routes.go:2326.92,2328.17 2 0
github.com/gatekey-project/gatekey/internal/api/routes.go:2328.17,2331.4 1 0
github.com/gatekey-project/gatekey/internal/api/routes.go:2331.9,2331.22 1 0
github.com/gatekey-project/gatekey/internal/api/routes.go:2331.22,2333.60 2 0
github.com/gatekey-project/gatekey/internal/api/routes.go:2333.60,2343.5 3 0
github.com/gatekey-project/gatekey/internal/api/routes.go:2345.4,2348.41 1 0
github.com/gatekey-project/gatekey/internal/api/routes.go:2352.2,2363.4 2 0
github.com/gatekey-project/gatekey/internal/api/routes.go:2366.55,2377.47 2 0
github.com/gatekey-project/gatekey/internal/api/routes.go:2377.47,2380.3 2 0
github.com/gatekey-project/gatekey/internal/api/routes.go:2383.2,2385.16 3 0
github.com/gatekey-project/gatekey/internal/api/routes.go:2385.16,2388.3 2 0
github.com/gatekey-project/gatekey/internal/api/routes.go:2392.2,2397.31 5 0
github.com/gatekey-project/gatekey/internal/api/routes.go:2397.31,2402.3 4 0
github.com/gatekey-project/gatekey/internal/api/routes.go:2402.8,2405.42 2 0
github.com/gatekey-project/gatekey/internal/api/routes.go:2405.42,2411.4 3 0
github.com/gatekey-project/gatekey/internal/api/routes.go:2412.3,2419.50 6 0
github.com/gatekey-project/gatekey/internal/api/routes.go:2423.2,2424.30 2 0
github.com/gatekey-project/gatekey/internal/api/routes.go:2424.30,2430.3 3 0
github.com/gatekey-project/gatekey/internal/api/routes.go:2433.2,2433.92 1 0
github.com/gatekey-project/gatekey/internal/api/routes.go:2433.92,2435.20 2 0
github.com/gatekey-project/gatekey/internal/api/routes.go:2435.20,2438.4 1 0
github.com/gatekey-project/gatekey/internal/api/routes.go:2438.9,2438.22 1 0
github.com/gatekey-project/gatekey/internal/api/routes.go:2438.22,2440.60 2 0
github.com/gatekey-project/gatekey/internal/api/routes.go:2440.60,2447.5 3 0
github.com/gatekey-project/gatekey/internal/api/routes.go:2449.4,2452.41 1 0
github.com/gatekey-project/gatekey/internal/api/routes.go:2458.2,2459.16 2 0
github.com/gatekey-project/gatekey/internal/api/routes.go:2459.16,2463.3 2 0
github.com/gatekey-project/gatekey/internal/api/routes.go:2467.2,2471.28 3 0
github.com/gatekey-project/gatekey/internal/api/routes.go:2471.28,2473.3 1 0
github.com/gatekey-project/gatekey/internal/api/routes.go:2476.2,2476.21 1 0
github.com/gatekey-project/gatekey/internal/api/routes.go:2476.21,2477.34 1 0
github.com/gatekey-project/gatekey/internal/api/routes.go:2477.34,2479.43 1 0
github.com/gatekey-project/gatekey/internal/api/routes.go:2479.43,2481.5 1 0
github.com/gatekey-project/gatekey/internal/api/routes.go:2482.9,2486.4 2 0
github.com/gatekey-project/gatekey/internal/api/routes.go:2489.2,2489.35 1 0
github.com/gatekey-project/gatekey/internal/api/routes.go:2489.35,2490.21 1 0
github.com/gatekey-project/gatekey/internal/api/routes.go:2490.21,2491.12 1 0
github.com/gatekey-project/gatekey/internal/api/routes.go:2493.3,2498.28 2 0
github.com/gatekey-project/gatekey/internal/api/routes.go:2498.28,2500.4 1 0
github.com/gatekey-project/gatekey/internal/api/routes.go:2501.3,2501.27 1 0
github.com/gatekey-project/gatekey/internal/api/routes.go:2501.27,2503.4 1 0
github.com/gatekey-project/gatekey/internal/api/routes.go:2504.3,2507.30 2 0
github.com/gatekey-project/gatekey/internal/api/routes.go:2507.30,2509.25 2 0
github.com/gatekey-project/gatekey/internal/api/routes.go:2510.31,2512.36 1 0
github.com/gatekey-project/gatekey/internal/api/routes.go:2513.29,2515.44 1 0
github.com/gatekey-project/gatekey/internal/api/routes.go:2516.70,2516.70 0 0
github.com/gatekey-project/gatekey/internal/api/routes.go:2519.4,2519.19 1 0
github.com/gatekey-project/gatekey/internal/api/routes.go:2519.19,2521.5 1 0
github.com/gatekey-project/gatekey/internal/api/routes.go:2526.2,2531.16 2 0
github.com/gatekey-project/gatekey/internal/api/routes.go:2531.16,2533.3 1 0
github.com/gatekey-project/gatekey/internal/api/routes.go:2536.2,2540.16 2 0
github.com/gatekey-project/gatekey/internal/api/routes.go:2540.16,2543.3 1 0
github.com/gatekey-project/gatekey/internal/api/routes.go:2545.2,2564.4 2 0
github.com/gatekey-project/gatekey/internal/api/routes.go:2567.58,2578.47 2 0
github.com/gatekey-project/gatekey/internal/api/routes.go:2578.47,2581.3 2 0
github.com/gatekey-project/gatekey/internal/api/routes.go:2584.2,2586.16 3 0
github.com/gatekey-project/gatekey/internal/api/routes.go:2586.16,2589.3 2 0
github.com/gatekey-project/gatekey/internal/api/routes.go:2592.2,2593.96 2 0
github.com/gatekey-project/gatekey/internal/api/routes.go:2593.96,2595.3 1 0
github.com/gatekey-project/gatekey/internal/api/routes.go:2595.8,2595.115 1 0
github.com/gatekey-project/gatekey/internal/api/routes.go:2595.115,2597.3 1 0
github.com/gatekey-project/gatekey/internal/api/routes.go:2600.2,2600.18 1 0
github.com/gatekey-project/gatekey/internal/api/routes.go:2600.18,2609.17 2 0
github.com/gatekey-project/gatekey/internal/api/routes.go:2609.17,2611.4 1 0
github.com/gatekey-project/gatekey/internal/api/routes.go:2614.2,2625.4 2 0
github.com/gatekey-project/gatekey/internal/api/routes.go:2628.57,2640.47 2 0
github.com/gatekey-project/gatekey/internal/api/routes.go:2640.47,2643.3 2 0
github.com/gatekey-project/gatekey/internal/api/routes.go:2646.2,2648.16 3 0
github.com/gatekey-project/gatekey/internal/api/routes.go:2648.16,2651.3 2 0
github.com/gatekey-project/gatekey/internal/api/routes.go:2654.2,2654.24 1 0
github.com/gatekey-project/gatekey/internal/api/routes.go:2654.24,2656.3 1 0
github.com/gatekey-project/gatekey/internal/api/routes.go:2656.8,2658.3 1 0
github.com/gatekey-project/gatekey/internal/api/routes.go:2660.2,2660.16 1 0
github.com/gatekey-project/gatekey/internal/api/routes.go:2660.16,2664.3 3 0
github.com/gatekey-project/gatekey/internal/api/routes.go:2670.2,2671.33 2 0
github.com/gatekey-project/gatekey/internal/api/routes.go:2671.33,2672.30 1 0
github.com/gatekey-project/gatekey/internal/api/routes.go:2672.30,2677.4 2 0
github.com/gatekey-project/gatekey/internal/api/routes.go:2677.9,2677.56 1 0
github.com/gatekey-project/gatekey/internal/api/routes.go:2677.56,2683.4 2 0
github.com/gatekey-project/gatekey/internal/api/routes.go:2687.2,2688.46 2 0
github.com/gatekey-project/gatekey/internal/api/routes.go:2688.46,2690.3 1 0
github.com/gatekey-project/gatekey/internal/api/routes.go:2692.2,2699.4 1 0
github.com/gatekey-project/gatekey/internal/api/routes.go:2703.57,2704.17 1 0
github.com/gatekey-project/gatekey/internal/api/routes.go:2704.17,2707.3 2 0
github.com/gatekey-project/gatekey/internal/api/routes.go:2709.2,2713.47 2 0
github.com/gatekey-project/gatekey/internal/api/routes.go:2713.47,2716.3 2 0
github.com/gatekey-project/gatekey/internal/api/routes.go:2719.2,2721.16 3 0
github.com/gatekey-project/gatekey/internal/api/routes.go:2721.16,2724.3 2 0
github.com/gatekey-project/gatekey/internal/api/routes.go:2727.2,2733.16 3 0
github.com/gatekey-project/gatekey/internal/api/routes.go:2733.16,2737.3 3 0
github.com/gatekey-project/gatekey/internal/api/routes.go:2744.2,2745.21 2 0
github.com/gatekey-project/gatekey/internal/api/routes.go:2745.21,2747.3 1 0
github.com/gatekey-project/gatekey/internal/api/routes.go:2750.2,2754.28 3 0
github.com/gatekey-project/gatekey/internal/api/routes.go:2754.28,2756.31 1 0
github.com/gatekey-project/gatekey/internal/api/routes.go:2756.31,2759.4 2 0
github.com/gatekey-project/gatekey/internal/api/routes.go:2759.9,2762.18 2 0
github.com/gatekey-project/gatekey/internal/api/routes.go:2762.18,2766.5 3 0
github.com/gatekey-project/gatekey/internal/api/routes.go:2767.4,2770.84 2 0
github.com/gatekey-project/gatekey/internal/api/routes.go:2770.84,2773.5 1 0
github.com/gatekey-project/gatekey/internal/api/routes.go:2774.4,2774.84 1 0
github.com/gatekey-project/gatekey/internal/api/routes.go:2778.2,2800.48 3 0
github.com/gatekey-project/gatekey/internal/api/routes.go:2800.48,2802.3 1 0
github.com/gatekey-project/gatekey/internal/api/routes.go:2804.2,2804.33 1 0
github.com/gatekey-project/gatekey/internal/api/routes.go:2808.61,2810.16 2 0
github.com/gatekey-project/gatekey/internal/api/routes.go:2810.16,2813.3 1 0
github.com/gatekey-project/gatekey/internal/api/routes.go:2814.2,2817.25 4 0
github.com/gatekey-project/gatekey/internal/api/routes.go:2822.59,2831.47 2 0
github.com/gatekey-project/gatekey/internal/api/routes.go:2831.47,2834.3 2 0
github.com/gatekey-project/gatekey/internal/api/routes.go:2837.2,2839.16 3 0
github.com/gatekey-project/gatekey/internal/api/routes.go:2839.16,2842.3 2 0
github.com/gatekey-project/gatekey/internal/api/routes.go:2846.2,2851.34 4 0
github.com/gatekey-project/gatekey/internal/api/routes.go:2851.34,2854.3 2 0
github.com/gatekey-project/gatekey/internal/api/routes.go:2854.8,2854.121 1 0
github.com/gatekey-project/gatekey/internal/api/routes.go:2854.121,2858.3 2 0
github.com/gatekey-project/gatekey/internal/api/routes.go:2858.8,2868.3 3 0
github.com/gatekey-project/gatekey/internal/api/routes.go:2872.2,2873.16 2 0
github.com/gatekey-project/gatekey/internal/api/routes.go:2873.16,2877.3 3 0
github.com/gatekey-project/gatekey/internal/api/routes.go:2880.2,2888.29 3 0
github.com/gatekey-project/gatekey/internal/api/routes.go:2888.29,2889.21 1 0
github.com/gatekey-project/gatekey/internal/api/routes.go:2889.21,2890.12 1 0
github.com/gatekey-project/gatekey/internal/api/routes.go:2892.3,2893.28 2 0
github.com/gatekey-project/gatekey/internal/api/routes.go:2893.28,2895.4 1 0
github.com/gatekey-project/gatekey/internal/api/routes.go:2896.3,2897.27 2 0
github.com/gatekey-project/gatekey/internal/api/routes.go:2897.27,2899.4 1 0
github.com/gatekey-project/gatekey/internal/api/routes.go:2900.3,2906.34 2 0
github.com/gatekey-project/gatekey/internal/api/routes.go:2909.2,2921.4 2 0
github.com/gatekey-project/gatekey/internal/api/routes.go:2926.56,2931.47 2 0
github.com/gatekey-project/gatekey/internal/api/routes.go:2931.47,2934.3 2 0
github.com/gatekey-project/gatekey/internal/api/routes.go:2937.2,2939.16 3 0
github.com/gatekey-project/gatekey/internal/api/routes.go:2939.16,2942.3 2 0
github.com/gatekey-project/gatekey/internal/api/routes.go:2945.2,2946.16 2 0
github.com/gatekey-project/gatekey/internal/api/routes.go:2946.16,2950.3 3 0
github.com/gatekey-project/gatekey/internal/api/routes.go:2953.2,2954.16 2 0
github.com/gatekey-project/gatekey/internal/api/routes.go:2954.16,2957.3 2 0
github.com/gatekey-project/gatekey/internal/api/routes.go:2959.2,2960.16 2 0
github.com/gatekey-project/gatekey/internal/api/routes.go:2960.16,2963.3 2 0
github.com/gatekey-project/gatekey/internal/api/routes.go:2966.2,2977.26 3 0
github.com/gatekey-project/gatekey/internal/api/routes.go:2977.26,2979.25 2 0
github.com/gatekey-project/gatekey/internal/api/routes.go:2979.25,2981.4 1 0
github.com/gatekey-project/gatekey/internal/api/routes.go:2982.3,2983.24 2 0
github.com/gatekey-project/gatekey/internal/api/routes.go:2983.24,2985.4 1 0
github.com/gatekey-project/gatekey/internal/api/routes.go:2986.3,2994.5 1 0
github.com/gatekey-project/gatekey/internal/api/routes.go:2998.2,3008.4 3 0
github.com/gatekey-project/gatekey/internal/api/routes.go:3013.59,3028.47 3 0
github.com/gatekey-project/gatekey/internal/api/routes.go:3028.47,3031.3 2 0
github.com/gatekey-project/gatekey/internal/api/routes.go:3033.2,3034.16 2 0
github.com/gatekey-project/gatekey/internal/api/routes.go:3034.16,3037.3 2 0
github.com/gatekey-project/gatekey/internal/api/routes.go:3040.2,3041.37 2 0
github.com/gatekey-project/gatekey/internal/api/routes.go:3041.37,3042.28 1 0
github.com/gatekey-project/gatekey/internal/api/routes.go:3042.28,3044.4 1 0
github.com/gatekey-project/gatekey/internal/api/routes.go:3048.2,3048.37 1 0
github.com/gatekey-project/gatekey/internal/api/routes.go:3048.37,3049.28 1 0
github.com/gatekey-project/gatekey/internal/api/routes.go:3049.28,3050.12 1 0
github.com/gatekey-project/gatekey/internal/api/routes.go:3054.3,3063.17 2 0
github.com/gatekey-project/gatekey/internal/api/routes.go:3063.17,3068.12 2 0
github.com/gatekey-project/gatekey/internal/api/routes.go:3073.3,3073.55 1 0
github.com/gatekey-project/gatekey/internal/api/routes.go:3073.55,3078.33 4 0
github.com/gatekey-project/gatekey/internal/api/routes.go:3078.33,3081.5 2 0
github.com/gatekey-project/gatekey/internal/api/routes.go:3081.10,3084.44 2 0
github.com/gatekey-project/gatekey/internal/api/routes.go:3084.44,3087.6 2 0
github.com/gatekey-project/gatekey/internal/api/routes.go:3090.4,3090.20 1 0
github.com/gatekey-project/gatekey/internal/api/routes.go:3090.20,3103.19 3 0
github.com/gatekey-project/gatekey/internal/api/routes.go:3103.19,3108.6 1 0
github.com/gatekey-project/gatekey/internal/api/routes.go:3108.11,3113.6 1 0
github.com/gatekey-project/gatekey/internal/api/routes.go:3121.2,3122.37 2 0
github.com/gatekey-project/gatekey/internal/api/routes.go:3122.37,3124.3 1 0
github.com/gatekey-project/gatekey/internal/api/routes.go:3126.2,3127.25 2 0
github.com/gatekey-project/gatekey/internal/api/routes.go:3127.25,3137.3 1 0
github.com/gatekey-project/gatekey/internal/api/routes.go:3137.8,3150.3 1 0
github.com/gatekey-project/gatekey/internal/api/routes.go:3151.2,3151.16 1 0
github.com/gatekey-project/gatekey/internal/api/routes.go:3151.16,3153.3 1 0
github.com/gatekey-project/gatekey/internal/api/routes.go:3153.8,3154.58 1 0
github.com/gatekey-project/gatekey/internal/api/routes.go:3154.58,3158.4 1 0
github.com/gatekey-project/gatekey/internal/api/routes.go:3161.2,3161.42 1 0
github.com/gatekey-project/gatekey/internal/api/routes.go:3166.55,3169.2 1 0
github.com/gatekey-project/gatekey/internal/api/routes.go:3171.59,3174.2 1 0
github.com/gatekey-project/gatekey/internal/api/routes.go:3178.57,3185.16 3 0
github.com/gatekey-project/gatekey/internal/api/routes.go:3185.16,3188.3 2 0
github.com/gatekey-project/gatekey/internal/api/routes.go:3191.2,3192.16 2 0
github.com/gatekey-project/gatekey/internal/api/routes.go:3192.16,3196.3 3 0
github.com/gatekey-project/gatekey/internal/api/routes.go:3200.2,3204.30 4 0
github.com/gatekey-project/gatekey/internal/api/routes.go:3204.30,3219.30 3 0
github.com/gatekey-project/gatekey/internal/api/routes.go:3219.30,3221.4 1 0
github.com/gatekey-project/gatekey/internal/api/routes.go:3222.3,3222.34 1 0
github.com/gatekey-project/gatekey/internal/api/routes.go:3225.2,3225.50 1 0
github.com/gatekey-project/gatekey/internal/api/routes.go:3229.79,3233.39 3 0
github.com/gatekey-project/gatekey/internal/api/routes.go:3233.39,3235.3 1 0
github.com/gatekey-project/gatekey/internal/api/routes.go:3235.8,3238.77 2 0
github.com/gatekey-project/gatekey/internal/api/routes.go:3238.77,3240.4 1 0
github.com/gatekey-project/gatekey/internal/api/routes.go:3243.2,3243.17 1 0
github.com/gatekey-project/gatekey/internal/api/routes.go:3243.17,3245.3 1 0
github.com/gatekey-project/gatekey/internal/api/routes.go:3248.2,3248.37 1 0
github.com/gatekey-project/gatekey/internal/api/routes.go:3248.37,3251.17 3 0
github.com/gatekey-project/gatekey/internal/api/routes.go:3251.17,3253.4 1 0
github.com/gatekey-project/gatekey/internal/api/routes.go:3254.3,3254.38 1 0
github.com/gatekey-project/gatekey/internal/api/routes.go:3254.38,3256.4 1 0
github.com/gatekey-project/gatekey/internal/api/routes.go:3258.3,3258.13 1 0
github.com/gatekey-project/gatekey/internal/api/routes.go:3258.13,3258.95 1 0
github.com/gatekey-project/gatekey/internal/api/routes.go:3259.3,3259.41 1 0
github.com/gatekey-project/gatekey/internal/api/routes.go:3263.2,3263.91 1 0
github.com/gatekey-project/gatekey/internal/api/routes.go:3263.91,3265.3 1 0
github.com/gatekey-project/gatekey/internal/api/routes.go:3268.2,3269.16 2 0
github.com/gatekey-project/gatekey/internal/api/routes.go:3269.16,3271.3 1 0
github.com/gatekey-project/gatekey/internal/api/routes.go:3273.2,3273.33 1 0
github.com/gatekey-project/gatekey/internal/api/routes.go:3278.53,3283.16 3 0
github.com/gatekey-project/gatekey/internal/api/routes.go:3283.16,3287.3 3 0
github.com/gatekey-project/gatekey/internal/api/routes.go:3291.2,3295.30 4 0
github.com/gatekey-project/gatekey/internal/api/routes.go:3295.30,3317.70 3 0
github.com/gatekey-project/gatekey/internal/api/routes.go:3317.70,3320.4 2 0
github.com/gatekey-project/gatekey/internal/api/routes.go:3321.3,3321.48 1 0
github.com/gatekey-project/gatekey/internal/api/routes.go:3321.48,3323.28 2 0
github.com/gatekey-project/gatekey/internal/api/routes.go:3323.28,3325.5 1 0
github.com/gatekey-project/gatekey/internal/api/routes.go:3328.3,3328.30 1 0
github.com/gatekey-project/gatekey/internal/api/routes.go:3328.30,3330.4 1 0
github.com/gatekey-project/gatekey/internal/api/routes.go:3331.3,3331.34 1 0
github.com/gatekey-project/gatekey/internal/api/routes.go:3334.2,3334.50 1 0
github.com/gatekey-project/gatekey/internal/api/routes.go:3337.56,3355.47 2 0
github.com/gatekey-project/gatekey/internal/api/routes.go:3355.47,3358.3 2 0
github.com/gatekey-project/gatekey/internal/api/routes.go:3361.2,3361.46 1 0
github.com/gatekey-project/gatekey/internal/api/routes.go:3361.46,3364.3 2 0
github.com/gatekey-project/gatekey/internal/api/routes.go:3367.2,3368.23 2 0
github.com/gatekey-project/gatekey/internal/api/routes.go:3368.23,3370.3 1 0
github.com/gatekey-project/gatekey/internal/api/routes.go:3373.2,3373.84 1 0
github.com/gatekey-project/gatekey/internal/api/routes.go:3373.84,3376.3 2 0
github.com/gatekey-project/gatekey/internal/api/routes.go:3379.2,3379.22 1 0
github.com/gatekey-project/gatekey/internal/api/routes.go:3379.22,3380.45 1 0
github.com/gatekey-project/gatekey/internal/api/routes.go:3380.45,3382.4 1 0
github.com/gatekey-project/gatekey/internal/api/routes.go:3382.9,3384.4 1 0
github.com/gatekey-project/gatekey/internal/api/routes.go:3386.2,3386.27 1 0
github.com/gatekey-project/gatekey/internal/api/routes.go:3386.27,3388.3 1 0
github.com/gatekey-project/gatekey/internal/api/routes.go:3389.2,3389.29 1 0
github.com/gatekey-project/gatekey/internal/api/routes.go:3389.29,3391.3 1 0
github.com/gatekey-project/gatekey/internal/api/routes.go:3392.2,3392.25 1 0
github.com/gatekey-project/gatekey/internal/api/routes.go:3392.25,3394.3 1 0
github.com/gatekey-project/gatekey/internal/api/routes.go:3395.2,3395.27 1 0
github.com/gatekey-project/gatekey/internal/api/routes.go:3395.27,3397.3 1 0
github.com/gatekey-project/gatekey/internal/api/routes.go:3398.2,3398.27 1 0
github.com/gatekey-project/gatekey/internal/api/routes.go:3398.27,3400.3 1 0
github.com/gatekey-project/gatekey/internal/api/routes.go:3402.2,3405.42 2 0
github.com/gatekey-project/gatekey/internal/api/routes.go:3405.42,3407.28 1 0
github.com/gatekey-project/gatekey/internal/api/routes.go:3408.81,3408.81 0 0
github.com/gatekey-project/gatekey/internal/api/routes.go:3410.11,3412.10 2 0
github.com/gatekey-project/gatekey/internal/api/routes.go:3416.3,3416.80 1 0
github.com/gatekey-project/gatekey/internal/api/routes.go:3416.80,3419.4 2 0
github.com/gatekey-project/gatekey/internal/api/routes.go:3423.2,3423.44 1 0
github.com/gatekey-project/gatekey/internal/api/routes.go:3423.44,3425.3 1 0
github.com/gatekey-project/gatekey/internal/api/routes.go:3428.2,3429.16 2 0
github.com/gatekey-project/gatekey/internal/api/routes.go:3429.16,3433.3 3 0
github.com/gatekey-project/gatekey/internal/api/routes.go:3436.2,3437.31 2 0
github.com/gatekey-project/gatekey/internal/api/routes.go:3437.31,3439.3 1 0
github.com/gatekey-project/gatekey/internal/api/routes.go:3440.2,3440.44 1 0
github.com/gatekey-project/gatekey/internal/api/routes.go:3440.44,3442.3 1 0
github.com/gatekey-project/gatekey/internal/api/routes.go:3445.2,3446.31 2 0
github.com/gatekey-project/gatekey/internal/api/routes.go:3446.31,3448.3 1 0
github.com/gatekey-project/gatekey/internal/api/routes.go:3451.2,3452.24 2 0
github.com/gatekey-project/gatekey/internal/api/routes.go:3452.24,3454.3 1 0
github.com/gatekey-project/gatekey/internal/api/routes.go:3456.2,3473.67 2 0
github.com/gatekey-project/gatekey/internal/api/routes.go:3473.67,3474.33 1 0
github.com/gatekey-project/gatekey/internal/api/routes.go:3474.33,3477.4 2 0
github.com/gatekey-project/gatekey/internal/api/routes.go:3478.3,3480.9 3 0
github.com/gatekey-project/gatekey/internal/api/routes.go:3484.2,3485.16 2 0
github.com/gatekey-project/gatekey/internal/api/routes.go:3485.16,3489.3 3 0
github.com/gatekey-project/gatekey/internal/api/routes.go:3491.2,3512.42 3 0
github.com/gatekey-project/gatekey/internal/api/routes.go:3512.42,3515.3 2 0
github.com/gatekey-project/gatekey/internal/api/routes.go:3515.8,3515.51 1 0
github.com/gatekey-project/gatekey/internal/api/routes.go:3515.51,3517.39 2 0
github.com/gatekey-project/gatekey/internal/api/routes.go:3517.39,3519.4 1 0
github.com/gatekey-project/gatekey/internal/api/routes.go:3522.2,3522.38 1 0
github.com/gatekey-project/gatekey/internal/api/routes.go:3525.54,3529.69 3 0
github.com/gatekey-project/gatekey/internal/api/routes.go:3529.69,3530.35 1 0
github.com/gatekey-project/gatekey/internal/api/routes.go:3530.35,3533.4 2 0
github.com/gatekey-project/gatekey/internal/api/routes.go:3534.3,3536.9 3 0
github.com/gatekey-project/gatekey/internal/api/routes.go:3539.2,3540.73 2 0
github.com/gatekey-project/gatekey/internal/api/routes.go:3545.59,3551.16 4 0
github.com/gatekey-project/gatekey/internal/api/routes.go:3551.16,3552.35 1 0
github.com/gatekey-project/gatekey/internal/api/routes.go:3552.35,3555.4 2 0
github.com/gatekey-project/gatekey/internal/api/routes.go:3556.3,3558.9 3 0
github.com/gatekey-project/gatekey/internal/api/routes.go:3562.2,3563.16 2 0
github.com/gatekey-project/gatekey/internal/api/routes.go:3563.16,3564.35 1 0
github.com/gatekey-project/gatekey/internal/api/routes.go:3564.35,3567.4 2 0
github.com/gatekey-project/gatekey/internal/api/routes.go:3568.3,3570.9 3 0
github.com/gatekey-project/gatekey/internal/api/routes.go:3574.2,3575.26 2 0
github.com/gatekey-project/gatekey/internal/api/routes.go:3575.26,3577.3 1 0
github.com/gatekey-project/gatekey/internal/api/routes.go:3578.2,3595.4 4 0
github.com/gatekey-project/gatekey/internal/api/routes.go:3600.59,3606.16 4 0
github.com/gatekey-project/gatekey/internal/api/routes.go:3606.16,3607.35 1 0
github.com/gatekey-project/gatekey/internal/api/routes.go:3607.35,3610.4 2 0
github.com/gatekey-project/gatekey/internal/api/routes.go:3611.3,3613.9 3 0
github.com/gatekey-project/gatekey/internal/api/routes.go:3618.2,3620.100 2 0
github.com/gatekey-project/gatekey/internal/api/routes.go:3620.100,3624.3 3 0
github.com/gatekey-project/gatekey/internal/api/routes.go:3626.2,3634.4 2 0
github.com/gatekey-project/gatekey/internal/api/routes.go:3637.54,3654.47 3 0
github.com/gatekey-project/gatekey/internal/api/routes.go:3654.47,3657.3 2 0
github.com/gatekey-project/gatekey/internal/api/routes.go:3660.2,3660.46 1 0
github.com/gatekey-project/gatekey/internal/api/routes.go:3660.46,3663.3 2 0
github.com/gatekey-project/gatekey/internal/api/routes.go:3666.2,3666.22 1 0
github.com/gatekey-project/gatekey/internal/api/routes.go:3666.22,3668.3 1 0
github.com/gatekey-project/gatekey/internal/api/routes.go:3669.2,3669.27 1 0
github.com/gatekey-project/gatekey/internal/api/routes.go:3669.27,3671.3 1 0
github.com/gatekey-project/gatekey/internal/api/routes.go:3672.2,3672.29 1 0
github.com/gatekey-project/gatekey/internal/api/routes.go:3672.29,3674.3 1 0
github.com/gatekey-project/gatekey/internal/api/routes.go:3675.2,3675.25 1 0
github.com/gatekey-project/gatekey/internal/api/routes.go:3675.25,3677.3 1 0
github.com/gatekey-project/gatekey/internal/api/routes.go:3679.2,3679.27 1 0
github.com/gatekey-project/gatekey/internal/api/routes.go:3680.80,3680.80 0 0
github.com/gatekey-project/gatekey/internal/api/routes.go:3682.10,3684.9 2 0
github.com/gatekey-project/gatekey/internal/api/routes.go:3688.2,3689.79 2 0
github.com/gatekey-project/gatekey/internal/api/routes.go:3689.79,3692.3 2 0
github.com/gatekey-project/gatekey/internal/api/routes.go:3695.2,3696.16 2 0
github.com/gatekey-project/gatekey/internal/api/routes.go:3696.16,3697.35 1 0
github.com/gatekey-project/gatekey/internal/api/routes.go:3697.35,3700.4 2 0
github.com/gatekey-project/gatekey/internal/api/routes.go:3701.3,3703.9 3 0
github.com/gatekey-project/gatekey/internal/api/routes.go:3707.2,3708.31 2 0
github.com/gatekey-project/gatekey/internal/api/routes.go:3708.31,3710.3 1 0
github.com/gatekey-project/gatekey/internal/api/routes.go:3713.2,3714.31 2 0
github.com/gatekey-project/gatekey/internal/api/routes.go:3714.31,3716.3 1 0
github.com/gatekey-project/gatekey/internal/api/routes.go:3719.2,3720.24 2 0
github.com/gatekey-project/gatekey/internal/api/routes.go:3720.24,3722.3 1 0
github.com/gatekey-project/gatekey/internal/api/routes.go:3725.2,3726.27 2 0
github.com/gatekey-project/gatekey/internal/api/routes.go:3726.27,3728.3 1 0
github.com/gatekey-project/gatekey/internal/api/routes.go:3730.2,3745.62 2 0
github.com/gatekey-project/gatekey/internal/api/routes.go:3745.62,3746.35 1 0
github.com/gatekey-project/gatekey/internal/api/routes.go:3746.35,3749.4 2 0
github.com/gatekey-project/gatekey/internal/api/routes.go:3750.3,3750.33 1 0
github.com/gatekey-project/gatekey/internal/api/routes.go:3750.33,3753.4 2 0
github.com/gatekey-project/gatekey/internal/api/routes.go:3754.3,3756.9 3 0
github.com/gatekey-project/gatekey/internal/api/routes.go:3759.2,3760.73 2 0
github.com/gatekey-project/gatekey/internal/api/routes.go:3763.56,3768.16 4 0
github.com/gatekey-project/gatekey/internal/api/routes.go:3768.16,3772.3 3 0
github.com/gatekey-project/gatekey/internal/api/routes.go:3774.2,3775.26 2 0
github.com/gatekey-project/gatekey/internal/api/routes.go:3775.26,3782.3 1 0
github.com/gatekey-project/gatekey/internal/api/routes.go:3784.2,3784.47 1 0
github.com/gatekey-project/gatekey/internal/api/routes.go:3787.58,3794.47 3 0
github.com/gatekey-project/gatekey/internal/api/routes.go:3794.47,3797.3 2 0
github.com/gatekey-project/gatekey/internal/api/routes.go:3799.2,3803.39 3 0
github.com/gatekey-project/gatekey/internal/api/routes.go:3803.39,3805.81 1 0
github.com/gatekey-project/gatekey/internal/api/routes.go:3805.81,3807.4 1 0
github.com/gatekey-project/gatekey/internal/api/routes.go:3807.9,3807.92 1 0
github.com/gatekey-project/gatekey/internal/api/routes.go:3807.92,3809.4 1 0
github.com/gatekey-project/gatekey/internal/api/routes.go:3810.8,3812.88 1 0
github.com/gatekey-project/gatekey/internal/api/routes.go:3812.88,3814.4 1 0
github.com/gatekey-project/gatekey/internal/api/routes.go:3818.2,3818.91 1 0
github.com/gatekey-project/gatekey/internal/api/routes.go:3818.91,3822.3 3 0
github.com/gatekey-project/gatekey/internal/api/routes.go:3824.2,3825.69 2 0
github.com/gatekey-project/gatekey/internal/api/routes.go:3828.58,3833.85 4 0
github.com/gatekey-project/gatekey/internal/api/routes.go:3833.85,3837.3 3 0
github.com/gatekey-project/gatekey/internal/api/routes.go:3839.2,3840.70 2 0
github.com/gatekey-project/gatekey/internal/api/routes.go:3843.57,3848.16 4 0
github.com/gatekey-project/gatekey/internal/api/routes.go:3848.16,3852.3 3 0
github.com/gatekey-project/gatekey/internal/api/routes.go:3854.2,3855.27 2 0
github.com/gatekey-project/gatekey/internal/api/routes.go:3855.27,3860.3 1 0
github.com/gatekey-project/gatekey/internal/api/routes.go:3862.2,3862.48 1 0
github.com/gatekey-project/gatekey/internal/api/routes.go:3865.59,3872.47 3 0
github.com/gatekey-project/gatekey/internal/api/routes.go:3872.47,3875.3 2 0
github.com/gatekey-project/gatekey/internal/api/routes.go:3877.2,3878.91 2 0
github.com/gatekey-project/gatekey/internal/api/routes.go:3878.91,3882.3 3 0
github.com/gatekey-project/gatekey/internal/api/routes.go:3884.2,3885.70 2 0
github.com/gatekey-project/gatekey/internal/api/routes.go:3888.59,3893.89 4 0
github.com/gatekey-project/gatekey/internal/api/routes.go:3893.89,3897.3 3 0
github.com/gatekey-project/gatekey/internal/api/routes.go:3899.2,3900.71 2 0
github.com/gatekey-project/gatekey/internal/api/routes.go:3903.56,3906.2 1 0
github.com/gatekey-project/gatekey/internal/api/routes.go:3908.53,3911.2 1 0
github.com/gatekey-project/gatekey/internal/api/routes.go:3915.53,3918.16 3 0
github.com/gatekey-project/gatekey/internal/api/routes.go:3918.16,3922.3 3 0
github.com/gatekey-project/gatekey/internal/api/routes.go:3924.2,3925.29 2 0
github.com/gatekey-project/gatekey/internal/api/routes.go:3925.29,3935.22 2 0
github.com/gatekey-project/gatekey/internal/api/routes.go:3935.22,3937.4 1 0
github.com/gatekey-project/gatekey/internal/api/routes.go:3938.3,3938.37 1 0
github.com/gatekey-project/gatekey/internal/api/routes.go:3940.2,3940.50 1 0
github.com/gatekey-project/gatekey/internal/api/routes.go:3943.54,3951.47 2 0
github.com/gatekey-project/gatekey/internal/api/routes.go:3951.47,3954.3 2 0
github.com/gatekey-project/gatekey/internal/api/routes.go:3956.2,3957.25 2 0
github.com/gatekey-project/gatekey/internal/api/routes.go:3957.25,3959.3 1 0
github.com/gatekey-project/gatekey/internal/api/routes.go:3961.2,3970.67 3 0
github.com/gatekey-project/gatekey/internal/api/routes.go:3970.67,3971.33 1 0
github.com/gatekey-project/gatekey/internal/api/routes.go:3971.33,3974.4 2 0
github.com/gatekey-project/gatekey/internal/api/routes.go:3975.3,3977.9 3 0
github.com/gatekey-project/gatekey/internal/api/routes.go:3980.2,3988.27 2 0
github.com/gatekey-project/gatekey/internal/api/routes.go:3988.27,3990.3 1 0
github.com/gatekey-project/gatekey/internal/api/routes.go:3991.2,3991.38 1 0
github.com/gatekey-project/gatekey/internal/api/routes.go:3994.51,3999.16 4 0
github.com/gatekey-project/gatekey/internal/api/routes.go:3999.16,4000.35 1 0
github.com/gatekey-project/gatekey/internal/api/routes.go:4000.35,4003.4 2 0
github.com/gatekey-project/gatekey/internal/api/routes.go:4004.3,4005.9 2 0
github.com/gatekey-project/gatekey/internal/api/routes.go:4008.2,4017.27 2 0
github.com/gatekey-project/gatekey/internal/api/routes.go:4017.27,4019.3 1 0
github.com/gatekey-project/gatekey/internal/api/routes.go:4020.2,4020.33 1 0
github.com/gatekey-project/gatekey/internal/api/routes.go:4023.54,4032.47 3 0
github.com/gatekey-project/gatekey/internal/api/routes.go:4032.47,4035.3 2 0
github.com/gatekey-project/gatekey/internal/api/routes.go:4037.2,4039.16 3 0
github.com/gatekey-project/gatekey/internal/api/routes.go:4039.16,4040.35 1 0
github.com/gatekey-project/gatekey/internal/api/routes.go:4040.35,4043.4 2 0
github.com/gatekey-project/gatekey/internal/api/routes.go:4044.3,4045.9 2 0
github.com/gatekey-project/gatekey/internal/api/routes.go:4048.2,4052.25 5 0
github.com/gatekey-project/gatekey/internal/api/routes.go:4052.25,4054.3 1 0
github.com/gatekey-project/gatekey/internal/api/routes.go:4056.2,4056.67 1 0
github.com/gatekey-project/gatekey/internal/api/routes.go:4056.67,4059.3 2 0
github.com/gatekey-project/gatekey/internal/api/routes.go:4061.2,4061.73 1 0
github.com/gatekey-project/gatekey/internal/api/routes.go:4064.54,4068.62 3 0
github.com/gatekey-project/gatekey/internal/api/routes.go:4068.62,4069.35 1 0
github.com/gatekey-project/gatekey/internal/api/routes.go:4069.35,4072.4 2 0
github.com/gatekey-project/gatekey/internal/api/routes.go:4073.3,4074.9 2 0
github.com/gatekey-project/gatekey/internal/api/routes.go:4077.2,4077.73 1 0
github.com/gatekey-project/gatekey/internal/api/routes.go:4080.59,4085.16 4 0
github.com/gatekey-project/gatekey/internal/api/routes.go:4085.16,4088.3 2 0
github.com/gatekey-project/gatekey/internal/api/routes.go:4090.2,4091.29 2 0
github.com/gatekey-project/gatekey/internal/api/routes.go:4091.29,4101.29 2 0
github.com/gatekey-project/gatekey/internal/api/routes.go:4101.29,4103.4 1 0
github.com/gatekey-project/gatekey/internal/api/routes.go:4104.3,4104.30 1 0
github.com/gatekey-project/gatekey/internal/api/routes.go:4106.2,4106.50 1 0
github.com/gatekey-project/gatekey/internal/api/routes.go:4109.62,4114.16 4 0
github.com/gatekey-project/gatekey/internal/api/routes.go:4114.16,4117.3 2 0
github.com/gatekey-project/gatekey/internal/api/routes.go:4119.2,4120.26 2 0
github.com/gatekey-project/gatekey/internal/api/routes.go:4120.26,4139.3 4 0
github.com/gatekey-project/gatekey/internal/api/routes.go:4140.2,4140.54 1 0
github.com/gatekey-project/gatekey/internal/api/routes.go:4143.59,4148.16 4 0
github.com/gatekey-project/gatekey/internal/api/routes.go:4148.16,4151.3 2 0
github.com/gatekey-project/gatekey/internal/api/routes.go:4153.2,4154.29 2 0
github.com/gatekey-project/gatekey/internal/api/routes.go:4154.29,4162.3 1 0
github.com/gatekey-project/gatekey/internal/api/routes.go:4163.2,4163.50 1 0
github.com/gatekey-project/gatekey/internal/api/routes.go:4166.61,4171.47 3 0
github.com/gatekey-project/gatekey/internal/api/routes.go:4171.47,4174.3 2 0
github.com/gatekey-project/gatekey/internal/api/routes.go:4176.2,4177.93 2 0
github.com/gatekey-project/gatekey/internal/api/routes.go:4177.93,4180.3 2 0
github.com/gatekey-project/gatekey/internal/api/routes.go:4182.2,4182.72 1 0
github.com/gatekey-project/gatekey/internal/api/routes.go:4185.61,4190.91 4 0
github.com/gatekey-project/gatekey/internal/api/routes.go:4190.91,4193.3 2 0
github.com/gatekey-project/gatekey/internal/api/routes.go:4195.2,4195.73 1 0
github.com/gatekey-project/gatekey/internal/api/routes.go:4200.56,4203.16 3 0
github.com/gatekey-project/gatekey/internal/api/routes.go:4203.16,4207.3 3 0
github.com/gatekey-project/gatekey/internal/api/routes.go:4209.2,4210.26 2 0
github.com/gatekey-project/gatekey/internal/api/routes.go:4210.26,4221.23 2 0
github.com/gatekey-project/gatekey/internal/api/routes.go:4221.23,4223.4 1 0
github.com/gatekey-project/gatekey/internal/api/routes.go:4224.3,4224.25 1 0
github.com/gatekey-project/gatekey/internal/api/routes.go:4224.25,4226.4 1 0
github.com/gatekey-project/gatekey/internal/api/routes.go:4227.3,4227.24 1 0
github.com/gatekey-project/gatekey/internal/api/routes.go:4227.24,4229.4 1 0
github.com/gatekey-project/gatekey/internal/api/routes.go:4230.3,4230.25 1 0
github.com/gatekey-project/gatekey/internal/api/routes.go:4230.25,4232.4 1 0
github.com/gatekey-project/gatekey/internal/api/routes.go:4233.3,4233.32 1 0
github.com/gatekey-project/gatekey/internal/api/routes.go:4235.2,4235.53 1 0
github.com/gatekey-project/gatekey/internal/api/routes.go:4238.57,4250.47 2 0
github.com/gatekey-project/gatekey/internal/api/routes.go:4250.47,4253.3 2 0
github.com/gatekey-project/gatekey/internal/api/routes.go:4256.2,4257.31 2 0
github.com/gatekey-project/gatekey/internal/api/routes.go:4257.31,4260.3 2 0
github.com/gatekey-project/gatekey/internal/api/routes.go:4263.2,4263.98 1 0
github.com/gatekey-project/gatekey/internal/api/routes.go:4263.98,4264.29 1 0
github.com/gatekey-project/gatekey/internal/api/routes.go:4264.29,4265.60 1 0
github.com/gatekey-project/gatekey/internal/api/routes.go:4265.60,4268.5 2 0
github.com/gatekey-project/gatekey/internal/api/routes.go:4269.9,4270.50 1 0
github.com/gatekey-project/gatekey/internal/api/routes.go:4270.50,4273.5 2 0
github.com/gatekey-project/gatekey/internal/api/routes.go:4277.2,4278.25 2 0
github.com/gatekey-project/gatekey/internal/api/routes.go:4278.25,4280.3 1 0
github.com/gatekey-project/gatekey/internal/api/routes.go:4282.2,4295.70 3 0
github.com/gatekey-project/gatekey/internal/api/routes.go:4295.70,4299.3 3 0
github.com/gatekey-project/gatekey/internal/api/routes.go:4301.2,4309.25 2 0
github.com/gatekey-project/gatekey/internal/api/routes.go:4309.25,4311.3 1 0
github.com/gatekey-project/gatekey/internal/api/routes.go:4312.2,4312.36 1 0
github.com/gatekey-project/gatekey/internal/api/routes.go:4315.54,4320.16 4 0
github.com/gatekey-project/gatekey/internal/api/routes.go:4320.16,4321.38 1 0
github.com/gatekey-project/gatekey/internal/api/routes.go:4321.38,4324.4 2 0
github.com/gatekey-project/gatekey/internal/api/routes.go:4325.3,4326.9 2 0
github.com/gatekey-project/gatekey/internal/api/routes.go:4330.2,4345.25 4 0
github.com/gatekey-project/gatekey/internal/api/routes.go:4345.25,4347.3 1 0
github.com/gatekey-project/gatekey/internal/api/routes.go:4348.2,4348.27 1 0
github.com/gatekey-project/gatekey/internal/api/routes.go:4348.27,4350.3 1 0
github.com/gatekey-project/gatekey/internal/api/routes.go:4351.2,4351.26 1 0
github.com/gatekey-project/gatekey/internal/api/routes.go:4351.26,4353.3 1 0
github.com/gatekey-project/gatekey/internal/api/routes.go:4354.2,4354.27 1 0
github.com/gatekey-project/gatekey/internal/api/routes.go:4354.27,4356.3 1 0
github.com/gatekey-project/gatekey/internal/api/routes.go:4357.2,4357.31 1 0
github.com/gatekey-project/gatekey/internal/api/routes.go:4360.57,4373.47 3 0
github.com/gatekey-project/gatekey/internal/api/routes.go:4373.47,4376.3 2 0
github.com/gatekey-project/gatekey/internal/api/routes.go:4379.2,4379.98 1 0
github.com/gatekey-project/gatekey/internal/api/routes.go:4379.98,4380.29 1 0
github.com/gatekey-project/gatekey/internal/api/routes.go:4380.29,4381.60 1 0
github.com/gatekey-project/gatekey/internal/api/routes.go:4381.60,4384.5 2 0
github.com/gatekey-project/gatekey/internal/api/routes.go:4385.9,4386.50 1 0
github.com/gatekey-project/gatekey/internal/api/routes.go:4386.50,4389.5 2 0
github.com/gatekey-project/gatekey/internal/api/routes.go:4393.2,4395.16 3 0
github.com/gatekey-project/gatekey/internal/api/routes.go:4395.16,4396.38 1 0
github.com/gatekey-project/gatekey/internal/api/routes.go:4396.38,4399.4 2 0
github.com/gatekey-project/gatekey/internal/api/routes.go:4400.3,4401.9 2 0
github.com/gatekey-project/gatekey/internal/api/routes.go:4404.2,4412.25 9 0
github.com/gatekey-project/gatekey/internal/api/routes.go:4412.25,4414.3 1 0
github.com/gatekey-project/gatekey/internal/api/routes.go:4416.2,4416.70 1 0
github.com/gatekey-project/gatekey/internal/api/routes.go:4416.70,4419.3 2 0
github.com/gatekey-project/gatekey/internal/api/routes.go:4421.2,4421.77 1 0
github.com/gatekey-project/gatekey/internal/api/routes.go:4424.57,4428.68 3 0
github.com/gatekey-project/gatekey/internal/api/routes.go:4428.68,4429.38 1 0
github.com/gatekey-project/gatekey/internal/api/routes.go:4429.38,4432.4 2 0
github.com/gatekey-project/gatekey/internal/api/routes.go:4433.3,4434.9 2 0
github.com/gatekey-project/gatekey/internal/api/routes.go:4437.2,4437.77 1 0
github.com/gatekey-project/gatekey/internal/api/routes.go:4440.57,4445.47 3 0
github.com/gatekey-project/gatekey/internal/api/routes.go:4445.47,4448.3 2 0
github.com/gatekey-project/gatekey/internal/api/routes.go:4450.2,4451.84 2 0
github.com/gatekey-project/gatekey/internal/api/routes.go:4451.84,4454.3 2 0
github.com/gatekey-project/gatekey/internal/api/routes.go:4456.2,4456.66 1 0
github.com/gatekey-project/gatekey/internal/api/routes.go:4459.59,4464.82 4 0
github.com/gatekey-project/gatekey/internal/api/routes.go:4464.82,4467.3 2 0
github.com/gatekey-project/gatekey/internal/api/routes.go:4469.2,4469.67 1 0
github.com/gatekey-project/gatekey/internal/api/routes.go:4472.58,4477.47 3 0
github.com/gatekey-project/gatekey/internal/api/routes.go:4477.47,4480.3 2 0
github.com/gatekey-project/gatekey/internal/api/routes.go:4482.2,4483.88 2 0
github.com/gatekey-project/gatekey/internal/api/routes.go:4483.88,4486.3 2 0
github.com/gatekey-project/gatekey/internal/api/routes.go:4488.2,4488.67 1 0
github.com/gatekey-project/gatekey/internal/api/routes.go:4491.60,4496.86 4 0
github.com/gatekey-project/gatekey/internal/api/routes.go:4496.86,4499.3 2 0
github.com/gatekey-project/gatekey/internal/api/routes.go:4501.2,4501.68 1 0
github.com/gatekey-project/gatekey/internal/api/routes.go:4506.48,4509.2 1 0
github.com/gatekey-project/gatekey/internal/api/routes.go:4512.54,4522.2 3 0
github.com/gatekey-project/gatekey/internal/api/routes.go:4526.52,4531.16 3 0
github.com/gatekey-project/gatekey/internal/api/routes.go:4531.16,4535.3 3 0
github.com/gatekey-project/gatekey/internal/api/routes.go:4538.2,4539.35 2 0
github.com/gatekey-project/gatekey/internal/api/routes.go:4539.35,4541.3 1 0
github.com/gatekey-project/gatekey/internal/api/routes.go:4543.2,4543.55 1 0
github.com/gatekey-project/gatekey/internal/api/routes.go:4546.55,4550.47 3 0
github.com/gatekey-project/gatekey/internal/api/routes.go:4550.47,4553.3 2 0
github.com/gatekey-project/gatekey/internal/api/routes.go:4556.2,4566.30 2 0
github.com/gatekey-project/gatekey/internal/api/routes.go:4566.30,4567.28 1 0
github.com/gatekey-project/gatekey/internal/api/routes.go:4567.28,4570.4 2 0
github.com/gatekey-project/gatekey/internal/api/routes.go:4571.3,4571.62 1 0
github.com/gatekey-project/gatekey/internal/api/routes.go:4571.62,4575.4 3 0
github.com/gatekey-project/gatekey/internal/api/routes.go:4578.2,4579.61 2 0
github.com/gatekey-project/gatekey/internal/api/routes.go:4584.54,4595.35 4 0
github.com/gatekey-project/gatekey/internal/api/routes.go:4595.35,4597.17 2 0
github.com/gatekey-project/gatekey/internal/api/routes.go:4597.17,4598.9 1 0
github.com/gatekey-project/gatekey/internal/api/routes.go:4602.2,4602.16 1 0
github.com/gatekey-project/gatekey/internal/api/routes.go:4602.16,4606.3 3 0
github.com/gatekey-project/gatekey/internal/api/routes.go:4608.2,4610.41 3 0
github.com/gatekey-project/gatekey/internal/api/routes.go:4613.57,4623.35 4 0
github.com/gatekey-project/gatekey/internal/api/routes.go:4623.35,4625.17 2 0
github.com/gatekey-project/gatekey/internal/api/routes.go:4625.17,4626.9 1 0
github.com/gatekey-project/gatekey/internal/api/routes.go:4630.2,4630.16 1 0
github.com/gatekey-project/gatekey/internal/api/routes.go:4630.16,4634.3 3 0
github.com/gatekey-project/gatekey/internal/api/routes.go:4636.2,4638.41 3 0
github.com/gatekey-project/gatekey/internal/api/routes.go:4641.70,4651.35 4 0
github.com/gatekey-project/gatekey/internal/api/routes.go:4651.35,4653.17 2 0
github.com/gatekey-project/gatekey/internal/api/routes.go:4653.17,4654.9 1 0
github.com/gatekey-project/gatekey/internal/api/routes.go:4658.2,4658.16 1 0
github.com/gatekey-project/gatekey/internal/api/routes.go:4658.16,4662.3 3 0
github.com/gatekey-project/gatekey/internal/api/routes.go:4664.2,4666.41 3 0
github.com/gatekey-project/gatekey/internal/api/routes.go:4669.70,4679.35 4 0
github.com/gatekey-project/gatekey/internal/api/routes.go:4679.35,4681.17 2 0
github.com/gatekey-project/gatekey/internal/api/routes.go:4681.17,4682.9 1 0
github.com/gatekey-project/gatekey/internal/api/routes.go:4686.2,4686.16 1 0
github.com/gatekey-project/gatekey/internal/api/routes.go:4686.16,4690.3 3 0
github.com/gatekey-project/gatekey/internal/api/routes.go:4692.2,4694.41 3 0
github.com/gatekey-project/gatekey/internal/api/routes.go:4697.66,4707.35 4 0
github.com/gatekey-project/gatekey/internal/api/routes.go:4707.35,4709.17 2 0
github.com/gatekey-project/gatekey/internal/api/routes.go:4709.17,4710.9 1 0
github.com/gatekey-project/gatekey/internal/api/routes.go:4714.2,4714.16 1 0
github.com/gatekey-project/gatekey/internal/api/routes.go:4714.16,4718.3 3 0
github.com/gatekey-project/gatekey/internal/api/routes.go:4720.2,4722.41 3 0
github.com/gatekey-project/gatekey/internal/api/routes.go:4725.72,4735.35 4 0
github.com/gatekey-project/gatekey/internal/api/routes.go:4735.35,4737.17 2 0
github.com/gatekey-project/gatekey/internal/api/routes.go:4737.17,4738.9 1 0
github.com/gatekey-project/gatekey/internal/api/routes.go:4742.2,4742.16 1 0
github.com/gatekey-project/gatekey/internal/api/routes.go:4742.16,4746.3 3 0
github.com/gatekey-project/gatekey/internal/api/routes.go:4748.2,4750.41 3 0
github.com/gatekey-project/gatekey/internal/api/routes.go:4753.55,4796.32 3 0
github.com/gatekey-project/gatekey/internal/api/routes.go:4796.32,4799.3 2 0
github.com/gatekey-project/gatekey/internal/api/routes.go:4802.2,4809.49 3 0
github.com/gatekey-project/gatekey/internal/api/routes.go:4809.49,4811.3 1 0
github.com/gatekey-project/gatekey/internal/api/routes.go:4814.2,4820.35 2 0
github.com/gatekey-project/gatekey/internal/api/routes.go:4820.35,4821.45 1 0
github.com/gatekey-project/gatekey/internal/api/routes.go:4821.45,4826.4 4 0
github.com/gatekey-project/gatekey/internal/api/routes.go:4830.2,4831.61 2 0
github.com/gatekey-project/gatekey/internal/api/routes.go:4834.54,4839.20 3 0
github.com/gatekey-project/gatekey/internal/api/routes.go:4839.20,4840.27 1 0
github.com/gatekey-project/gatekey/internal/api/routes.go:4840.27,4842.4 1 0
github.com/gatekey-project/gatekey/internal/api/routes.go:4842.9,4844.4 1 0
github.com/gatekey-project/gatekey/internal/api/routes.go:4846.2,4901.31 4 0
github.com/gatekey-project/gatekey/internal/api/routes.go:4904.60,4908.20 3 0
github.com/gatekey-project/gatekey/internal/api/routes.go:4908.20,4909.27 1 0
github.com/gatekey-project/gatekey/internal/api/routes.go:4909.27,4911.4 1 0
github.com/gatekey-project/gatekey/internal/api/routes.go:4911.9,4913.4 1 0
github.com/gatekey-project/gatekey/internal/api/routes.go:4916.2,5020.33 3 0
github.com/gatekey-project/gatekey/internal/api/routes.go:5025.50,5028.16 3 0
github.com/gatekey-project/gatekey/internal/api/routes.go:5028.16,5031.3 2 0
github.com/gatekey-project/gatekey/internal/api/routes.go:5034.2,5035.26 2 0
github.com/gatekey-project/gatekey/internal/api/routes.go:5035.26,5049.3 1 0
github.com/gatekey-project/gatekey/internal/api/routes.go:5051.2,5051.49 1 0
github.com/gatekey-project/gatekey/internal/api/routes.go:5054.48,5059.16 4 0
github.com/gatekey-project/gatekey/internal/api/routes.go:5059.16,5060.32 1 0
github.com/gatekey-project/gatekey/internal/api/routes.go:5060.32,5063.4 2 0
github.com/gatekey-project/gatekey/internal/api/routes.go:5064.3,5065.9 2 0
github.com/gatekey-project/gatekey/internal/api/routes.go:5068.2,5080.4 1 0
github.com/gatekey-project/gatekey/internal/api/routes.go:5083.59,5089.16 4 0
github.com/gatekey-project/gatekey/internal/api/routes.go:5089.16,5090.32 1 0
github.com/gatekey-project/gatekey/internal/api/routes.go:5090.32,5093.4 2 0
github.com/gatekey-project/gatekey/internal/api/routes.go:5094.3,5095.9 2 0
github.com/gatekey-project/gatekey/internal/api/routes.go:5099.2,5100.16 2 0
github.com/gatekey-project/gatekey/internal/api/routes.go:5100.16,5103.3 2 0
github.com/gatekey-project/gatekey/internal/api/routes.go:5105.2,5106.26 2 0
github.com/gatekey-project/gatekey/internal/api/routes.go:5106.26,5118.3 1 0
github.com/gatekey-project/gatekey/internal/api/routes.go:5120.2,5120.56 1 0
github.com/gatekey-project/gatekey/internal/api/routes.go:5123.56,5128.16 4 0
github.com/gatekey-project/gatekey/internal/api/routes.go:5128.16,5131.3 2 0
github.com/gatekey-project/gatekey/internal/api/routes.go:5133.2,5134.29 2 0
github.com/gatekey-project/gatekey/internal/api/routes.go:5134.29,5146.3 1 0
github.com/gatekey-project/gatekey/internal/api/routes.go:5148.2,5148.52 1 0
github.com/gatekey-project/gatekey/internal/api/routes.go:5151.58,5157.47 3 0
github.com/gatekey-project/gatekey/internal/api/routes.go:5157.47,5160.3 2 0
github.com/gatekey-project/gatekey/internal/api/routes.go:5162.2,5163.87 2 0
github.com/gatekey-project/gatekey/internal/api/routes.go:5163.87,5166.3 2 0
github.com/gatekey-project/gatekey/internal/api/routes.go:5168.2,5168.74 1 0
github.com/gatekey-project/gatekey/internal/api/routes.go:5171.58,5176.85 4 0
github.com/gatekey-project/gatekey/internal/api/routes.go:5176.85,5179.3 2 0
github.com/gatekey-project/gatekey/internal/api/routes.go:5181.2,5181.73 1 0
github.com/gatekey-project/gatekey/internal/api/routes.go:5184.55,5187.16 3 0
github.com/gatekey-project/gatekey/internal/api/routes.go:5187.16,5190.3 2 0
github.com/gatekey-project/gatekey/internal/api/routes.go:5192.2,5193.26 2 0
github.com/gatekey-project/gatekey/internal/api/routes.go:5193.26,5202.3 1 0
github.com/gatekey-project/gatekey/internal/api/routes.go:5204.2,5204.49 1 0
github.com/gatekey-project/gatekey/internal/api/routes.go:5207.56,5215.47 2 0
github.com/gatekey-project/gatekey/internal/api/routes.go:5215.47,5218.3 2 0
github.com/gatekey-project/gatekey/internal/api/routes.go:5220.2,5221.104 2 0
github.com/gatekey-project/gatekey/internal/api/routes.go:5221.104,5222.30 1 0
github.com/gatekey-project/gatekey/internal/api/routes.go:5222.30,5225.4 2 0
github.com/gatekey-project/gatekey/internal/api/routes.go:5226.3,5227.9 2 0
github.com/gatekey-project/gatekey/internal/api/routes.go:5230.2,5230.75 1 0
github.com/gatekey-project/gatekey/internal/api/routes.go:5233.56,5239.16 4 0
github.com/gatekey-project/gatekey/internal/api/routes.go:5239.16,5240.32 1 0
github.com/gatekey-project/gatekey/internal/api/routes.go:5240.32,5243.4 2 0
github.com/gatekey-project/gatekey/internal/api/routes.go:5244.3,5245.9 2 0
github.com/gatekey-project/gatekey/internal/api/routes.go:5249.2,5249.30 1 0
github.com/gatekey-project/gatekey/internal/api/routes.go:5249.30,5252.3 2 0
github.com/gatekey-project/gatekey/internal/api/routes.go:5254.2,5254.65 1 0
github.com/gatekey-project/gatekey/internal/api/routes.go:5254.65,5255.32 1 0
github.com/gatekey-project/gatekey/internal/api/routes.go:5255.32,5258.4 2 0
github.com/gatekey-project/gatekey/internal/api/routes.go:5259.3,5260.9 2 0
github.com/gatekey-project/gatekey/internal/api/routes.go:5263.2,5263.70 1 0
github.com/gatekey-project/gatekey/internal/api/routes.go:5268.51,5271.16 3 0
github.com/gatekey-project/gatekey/internal/api/routes.go:5271.16,5274.3 2 0
github.com/gatekey-project/gatekey/internal/api/routes.go:5277.2,5278.27 2 0
github.com/gatekey-project/gatekey/internal/api/routes.go:5278.27,5284.3 2 0
github.com/gatekey-project/gatekey/internal/api/routes.go:5286.2,5286.50 1 0
github.com/gatekey-project/gatekey/internal/api/routes.go:5289.56,5294.16 4 0
github.com/gatekey-project/gatekey/internal/api/routes.go:5294.16,5297.3 2 0
github.com/gatekey-project/gatekey/internal/api/routes.go:5299.2,5300.28 2 0
github.com/gatekey-project/gatekey/internal/api/routes.go:5300.28,5307.3 1 0
github.com/gatekey-project/gatekey/internal/api/routes.go:5309.2,5309.71 1 0
github.com/gatekey-project/gatekey/internal/api/routes.go:5312.60,5318.16 4 0
github.com/gatekey-project/gatekey/internal/api/routes.go:5318.16,5321.3 2 0
github.com/gatekey-project/gatekey/internal/api/routes.go:5324.2,5325.32 2 0
github.com/gatekey-project/gatekey/internal/api/routes.go:5325.32,5327.17 2 0
github.com/gatekey-project/gatekey/internal/api/routes.go:5327.17,5328.12 1 0
github.com/gatekey-project/gatekey/internal/api/routes.go:5330.3,5330.28 1 0
github.com/gatekey-project/gatekey/internal/api/routes.go:5330.28,5331.22 1 0
github.com/gatekey-project/gatekey/internal/api/routes.go:5331.22,5333.10 2 0
github.com/gatekey-project/gatekey/internal/api/routes.go:5338.2,5339.31 2 0
github.com/gatekey-project/gatekey/internal/api/routes.go:5339.31,5351.3 1 0
github.com/gatekey-project/gatekey/internal/api/routes.go:5353.2,5353.76 1 0
github.com/gatekey-project/gatekey/internal/api/routes.go:5358.46,5359.17 1 0
github.com/gatekey-project/gatekey/internal/api/routes.go:5359.17,5362.3 2 0
github.com/gatekey-project/gatekey/internal/api/routes.go:5364.2,5365.17 2 0
github.com/gatekey-project/gatekey/internal/api/routes.go:5365.17,5368.3 2 0
github.com/gatekey-project/gatekey/internal/api/routes.go:5371.2,5380.4 1 0
github.com/gatekey-project/gatekey/internal/api/routes.go:5383.49,5384.17 1 0
github.com/gatekey-project/gatekey/internal/api/routes.go:5384.17,5387.3 2 0
github.com/gatekey-project/gatekey/internal/api/routes.go:5389.2,5392.41 2 0
github.com/gatekey-project/gatekey/internal/api/routes.go:5392.41,5396.3 3 0
github.com/gatekey-project/gatekey/internal/api/routes.go:5399.2,5399.24 1 0
github.com/gatekey-project/gatekey/internal/api/routes.go:5399.24,5401.17 2 0
github.com/gatekey-project/gatekey/internal/api/routes.go:5401.17,5403.4 1 0
github.com/gatekey-project/gatekey/internal/api/routes.go:5403.9,5405.4 1 0
github.com/gatekey-project/gatekey/internal/api/routes.go:5408.2,5419.4 3 0
github.com/gatekey-project/gatekey/internal/api/routes.go:5422.49,5423.17 1 0
github.com/gatekey-project/gatekey/internal/api/routes.go:5423.17,5426.3 2 0
github.com/gatekey-project/gatekey/internal/api/routes.go:5428.2,5433.47 2 0
github.com/gatekey-project/gatekey/internal/api/routes.go:5433.47,5436.3 2 0
github.com/gatekey-project/gatekey/internal/api/routes.go:5438.2,5441.81 2 0
github.com/gatekey-project/gatekey/internal/api/routes.go:5441.81,5445.3 3 0
github.com/gatekey-project/gatekey/internal/api/routes.go:5448.2,5448.24 1 0
github.com/gatekey-project/gatekey/internal/api/routes.go:5448.24,5450.17 2 0
github.com/gatekey-project/gatekey/internal/api/routes.go:5450.17,5452.4 1 0
github.com/gatekey-project/gatekey/internal/api/routes.go:5452.9,5454.4 1 0
github.com/gatekey-project/gatekey/internal/api/routes.go:5457.2,5469.4 3 0
github.com/gatekey-project/gatekey/internal/api/routes.go:5473.48,5477.16 3 0
github.com/gatekey-project/gatekey/internal/api/routes.go:5477.16,5481.3 3 0
github.com/gatekey-project/gatekey/internal/api/routes.go:5483.2,5484.25 2 0
github.com/gatekey-project/gatekey/internal/api/routes.go:5484.25,5495.3 1 0
github.com/gatekey-project/gatekey/internal/api/routes.go:5497.2,5497.45 1 0
github.com/gatekey-project/gatekey/internal/api/routes.go:5501.58,5502.17 1 0
github.com/gatekey-project/gatekey/internal/api/routes.go:5502.17,5505.3 2 0
github.com/gatekey-project/gatekey/internal/api/routes.go:5507.2,5516.16 5 0
github.com/gatekey-project/gatekey/internal/api/routes.go:5516.16,5520.3 3 0
github.com/gatekey-project/gatekey/internal/api/routes.go:5523.2,5537.63 3 0
github.com/gatekey-project/gatekey/internal/api/routes.go:5537.63,5541.3 3 0
github.com/gatekey-project/gatekey/internal/api/routes.go:5544.2,5571.4 5 0
github.com/gatekey-project/gatekey/internal/api/routes.go:5575.51,5577.16 2 0
github.com/gatekey-project/gatekey/internal/api/routes.go:5577.16,5580.3 2 0
github.com/gatekey-project/gatekey/internal/api/routes.go:5582.2,5586.16 3 0
github.com/gatekey-project/gatekey/internal/api/routes.go:5586.16,5589.3 2 0
github.com/gatekey-project/gatekey/internal/api/routes.go:5590.2,5590.44 1 0
github.com/gatekey-project/gatekey/internal/api/routes.go:5590.44,5593.3 2 0
github.com/gatekey-project/gatekey/internal/api/routes.go:5596.2,5596.57 1 0
github.com/gatekey-project/gatekey/internal/api/routes.go:5596.57,5600.3 3 0
github.com/gatekey-project/gatekey/internal/api/routes.go:5603.2,5603.46 1 0
github.com/gatekey-project/gatekey/internal/api/routes.go:5603.46,5606.3 1 0
github.com/gatekey-project/gatekey/internal/api/routes.go:5608.2,5616.4 2 0
github.com/gatekey-project/gatekey/internal/api/routes.go:5620.49,5622.16 2 0
github.com/gatekey-project/gatekey/internal/api/routes.go:5622.16,5625.3 2 0
github.com/gatekey-project/gatekey/internal/api/routes.go:5627.2,5631.16 3 0
github.com/gatekey-project/gatekey/internal/api/routes.go:5631.16,5634.3 2 0
github.com/gatekey-project/gatekey/internal/api/routes.go:5635.2,5635.36 1 0
github.com/gatekey-project/gatekey/internal/api/routes.go:5635.36,5638.3 2 0
github.com/gatekey-project/gatekey/internal/api/routes.go:5640.2,5640.55 1 0
github.com/gatekey-project/gatekey/internal/api/routes.go:5640.55,5644.3 3 0
github.com/gatekey-project/gatekey/internal/api/routes.go:5646.2,5653.4 2 0
github.com/gatekey-project/gatekey/internal/api/routes.go:5657.57,5661.16 3 0
github.com/gatekey-project/gatekey/internal/api/routes.go:5661.16,5663.47 1 0
github.com/gatekey-project/gatekey/internal/api/routes.go:5663.47,5665.4 1 0
github.com/gatekey-project/gatekey/internal/api/routes.go:5665.9,5668.4 2 0
github.com/gatekey-project/gatekey/internal/api/routes.go:5671.2,5673.4 1 0
github.com/gatekey-project/gatekey/internal/api/routes.go:5677.60,5679.16 2 0
github.com/gatekey-project/gatekey/internal/api/routes.go:5679.16,5681.3 1 0
github.com/gatekey-project/gatekey/internal/api/routes.go:5684.2,5684.97 1 0
github.com/gatekey-project/gatekey/internal/api/routes.go:5684.97,5686.3 1 0
github.com/gatekey-project/gatekey/internal/api/routes.go:5689.2,5689.24 1 0
github.com/gatekey-project/gatekey/internal/api/routes.go:5689.24,5691.17 2 0
github.com/gatekey-project/gatekey/internal/api/routes.go:5691.17,5693.4 1 0
github.com/gatekey-project/gatekey/internal/api/routes.go:5693.9,5695.4 1 0
github.com/gatekey-project/gatekey/internal/api/routes.go:5698.2,5698.12 1 0
github.com/gatekey-project/gatekey/internal/api/routes.go:5702.90,5705.16 2 0
github.com/gatekey-project/gatekey/internal/api/routes.go:5705.16,5708.3 1 0
github.com/gatekey-project/gatekey/internal/api/routes.go:5710.2,5711.36 2 0
github.com/gatekey-project/gatekey/internal/api/routes.go:5711.36,5712.38 1 0
github.com/gatekey-project/gatekey/internal/api/routes.go:5712.38,5714.4 1 0
github.com/gatekey-project/gatekey/internal/api/routes.go:5717.2,5717.120 1 0
github.com/gatekey-project/gatekey/internal/api/routes.go:5722.54,5736.56 3 0
github.com/gatekey-project/gatekey/internal/api/routes.go:5736.56,5739.3 2 0
github.com/gatekey-project/gatekey/internal/api/routes.go:5742.2,5742.50 1 0
github.com/gatekey-project/gatekey/internal/api/routes.go:5742.50,5743.84 1 0
github.com/gatekey-project/gatekey/internal/api/routes.go:5743.84,5745.4 1 0
github.com/gatekey-project/gatekey/internal/api/routes.go:5747.2,5747.53 1 0
github.com/gatekey-project/gatekey/internal/api/routes.go:5747.53,5748.72 1 0
github.com/gatekey-project/gatekey/internal/api/routes.go:5748.72,5750.4 1 0
github.com/gatekey-project/gatekey/internal/api/routes.go:5754.2,5754.50 1 0
github.com/gatekey-project/gatekey/internal/api/routes.go:5754.50,5755.67 1 0
github.com/gatekey-project/gatekey/internal/api/routes.go:5755.67,5757.4 1 0
github.com/gatekey-project/gatekey/internal/api/routes.go:5759.2,5759.44 1 0
github.com/gatekey-project/gatekey/internal/api/routes.go:5759.44,5760.63 1 0
github.com/gatekey-project/gatekey/internal/api/routes.go:5760.63,5762.4 1 0
github.com/gatekey-project/gatekey/internal/api/routes.go:5765.2,5766.16 2 0
github.com/gatekey-project/gatekey/internal/api/routes.go:5766.16,5770.3 3 0
github.com/gatekey-project/gatekey/internal/api/routes.go:5772.2,5777.4 1 0
github.com/gatekey-project/gatekey/internal/api/routes.go:5780.57,5785.47 3 0
github.com/gatekey-project/gatekey/internal/api/routes.go:5785.47,5786.71 1 0
github.com/gatekey-project/gatekey/internal/api/routes.go:5786.71,5788.4 1 0
github.com/gatekey-project/gatekey/internal/api/routes.go:5791.2,5792.16 2 0
github.com/gatekey-project/gatekey/internal/api/routes.go:5792.16,5796.3 3 0
github.com/gatekey-project/gatekey/internal/api/routes.go:5798.2,5798.30 1 0
github.com/gatekey-project/gatekey/internal/api/routes.go:5801.55,5806.19 3 0
github.com/gatekey-project/gatekey/internal/api/routes.go:5806.19,5809.3 2 0
github.com/gatekey-project/gatekey/internal/api/routes.go:5811.2,5812.28 2 0
github.com/gatekey-project/gatekey/internal/api/routes.go:5812.28,5815.3 2 0
github.com/gatekey-project/gatekey/internal/api/routes.go:5817.2,5818.16 2 0
github.com/gatekey-project/gatekey/internal/api/routes.go:5818.16,5822.3 3 0
github.com/gatekey-project/gatekey/internal/api/routes.go:5824.2,5828.4 2 0
github.com/gatekey-project/gatekey/internal/api/routes.go:5831.61,5839.2 3 0
github.com/gatekey-project/gatekey/internal/api/routes.go:5841.61,5847.47 3 0
github.com/gatekey-project/gatekey/internal/api/routes.go:5847.47,5850.3 2 0
github.com/gatekey-project/gatekey/internal/api/routes.go:5853.2,5853.54 1 0
github.com/gatekey-project/gatekey/internal/api/routes.go:5853.54,5856.3 2 0
github.com/gatekey-project/gatekey/internal/api/routes.go:5858.2,5858.115 1 0
github.com/gatekey-project/gatekey/internal/api/routes.go:5858.115,5862.3 3 0
github.com/gatekey-project/gatekey/internal/api/routes.go:5864.2,5868.4 2 0
github.com/gatekey-project/gatekey/internal/api/routes.go:5880.65,5887.36 1 0
github.com/gatekey-project/gatekey/internal/api/routes.go:5887.36,5889.3 1 0
github.com/gatekey-project/gatekey/internal/api/routes.go:5892.2,5894.16 3 0
github.com/gatekey-project/gatekey/internal/api/routes.go:5894.16,5896.3 1 0
github.com/gatekey-project/gatekey/internal/api/routes.go:5897.2,5899.38 2 0
github.com/gatekey-project/gatekey/internal/api/routes.go:5899.38,5901.3 1 0
github.com/gatekey-project/gatekey/internal/api/routes.go:5903.2,5904.67 2 0
github.com/gatekey-project/gatekey/internal/api/routes.go:5904.67,5906.3 1 0
github.com/gatekey-project/gatekey/internal/api/routes.go:5908.2,5908.56 1 0
github.com/gatekey-project/gatekey/internal/api/routes.go:5913.45,5915.54 1 0
github.com/gatekey-project/gatekey/internal/api/routes.go:5915.54,5919.19 2 0
github.com/gatekey-project/gatekey/internal/api/routes.go:5919.19,5921.22 2 0
github.com/gatekey-project/gatekey/internal/api/routes.go:5921.22,5923.5 1 0
github.com/gatekey-project/gatekey/internal/api/routes.go:5928.2,5928.48 1 0
github.com/gatekey-project/gatekey/internal/api/routes.go:5928.48,5930.3 1 0
github.com/gatekey-project/gatekey/internal/api/routes.go:5933.2,5933.57 1 0
github.com/gatekey-project/gatekey/internal/api/routes.go:5933.57,5935.3 1 0
github.com/gatekey-project/gatekey/internal/api/routes.go:5938.2,5938.55 1 0
github.com/gatekey-project/gatekey/internal/api/routes.go:5938.55,5940.3 1 0
github.com/gatekey-project/gatekey/internal/api/routes.go:5943.2,5943.21 1 0
github.com/gatekey-project/gatekey/internal/api/routes.go:5947.181,5967.57 3 0
github.com/gatekey-project/gatekey/internal/api/routes.go:5967.57,5969.3 1 0
github.com/gatekey-project/gatekey/internal/api/routes.go:5974.56,5977.16 3 0
github.com/gatekey-project/gatekey/internal/api/routes.go:5977.16,5981.3 3 0
github.com/gatekey-project/gatekey/internal/api/routes.go:5983.2,5984.27 2 0
github.com/gatekey-project/gatekey/internal/api/routes.go:5984.27,5993.3 1 0
github.com/gatekey-project/gatekey/internal/api/routes.go:5995.2,5995.50 1 0
github.com/gatekey-project/gatekey/internal/api/routes.go:5998.54,6003.16 4 0
github.com/gatekey-project/gatekey/internal/api/routes.go:6003.16,6004.38 1 0
github.com/gatekey-project/gatekey/internal/api/routes.go:6004.38,6007.4 2 0
github.com/gatekey-project/gatekey/internal/api/routes.go:6008.3,6010.9 3 0
github.com/gatekey-project/gatekey/internal/api/routes.go:6013.2,6022.4 1 0
github.com/gatekey-project/gatekey/internal/api/routes.go:6025.57,6030.47 2 0
github.com/gatekey-project/gatekey/internal/api/routes.go:6030.47,6033.3 2 0
github.com/gatekey-project/gatekey/internal/api/routes.go:6035.2,6041.71 3 0
github.com/gatekey-project/gatekey/internal/api/routes.go:6041.71,6042.36 1 0
github.com/gatekey-project/gatekey/internal/api/routes.go:6042.36,6045.4 2 0
github.com/gatekey-project/gatekey/internal/api/routes.go:6046.3,6048.9 3 0
github.com/gatekey-project/gatekey/internal/api/routes.go:6051.2,6058.4 1 0
github.com/gatekey-project/gatekey/internal/api/routes.go:6061.57,6067.47 3 0
github.com/gatekey-project/gatekey/internal/api/routes.go:6067.47,6070.3 2 0
github.com/gatekey-project/gatekey/internal/api/routes.go:6072.2,6076.16 3 0
github.com/gatekey-project/gatekey/internal/api/routes.go:6076.16,6077.38 1 0
github.com/gatekey-project/gatekey/internal/api/routes.go:6077.38,6080.4 2 0
github.com/gatekey-project/gatekey/internal/api/routes.go:6081.3,6083.9 3 0
github.com/gatekey-project/gatekey/internal/api/routes.go:6087.2,6087.20 1 0
github.com/gatekey-project/gatekey/internal/api/routes.go:6087.20,6089.3 1 0
github.com/gatekey-project/gatekey/internal/api/routes.go:6090.2,6090.27 1 0
github.com/gatekey-project/gatekey/internal/api/routes.go:6090.27,6092.3 1 0
github.com/gatekey-project/gatekey/internal/api/routes.go:6094.2,6094.71 1 0
github.com/gatekey-project/gatekey/internal/api/routes.go:6094.71,6095.36 1 0
github.com/gatekey-project/gatekey/internal/api/routes.go:6095.36,6098.4 2 0
github.com/gatekey-project/gatekey/internal/api/routes.go:6099.3,6101.9 3 0
github.com/gatekey-project/gatekey/internal/api/routes.go:6104.2,6104.64 1 0
github.com/gatekey-project/gatekey/internal/api/routes.go:6107.57,6111.68 3 0
github.com/gatekey-project/gatekey/internal/api/routes.go:6111.68,6112.38 1 0
github.com/gatekey-project/gatekey/internal/api/routes.go:6112.38,6115.4 2 0
github.com/gatekey-project/gatekey/internal/api/routes.go:6116.3,6118.9 3 0
github.com/gatekey-project/gatekey/internal/api/routes.go:6121.2,6121.64 1 0
github.com/gatekey-project/gatekey/internal/api/routes.go:6124.62,6129.16 4 0
github.com/gatekey-project/gatekey/internal/api/routes.go:6129.16,6133.3 3 0
github.com/gatekey-project/gatekey/internal/api/routes.go:6135.2,6136.28 2 0
github.com/gatekey-project/gatekey/internal/api/routes.go:6136.28,6144.3 1 0
github.com/gatekey-project/gatekey/internal/api/routes.go:6146.2,6146.51 1 0
github.com/gatekey-project/gatekey/internal/api/routes.go:6149.60,6155.47 3 0
github.com/gatekey-project/gatekey/internal/api/routes.go:6155.47,6158.3 2 0
github.com/gatekey-project/gatekey/internal/api/routes.go:6161.2,6161.58 1 0
github.com/gatekey-project/gatekey/internal/api/routes.go:6161.58,6164.3 2 0
github.com/gatekey-project/gatekey/internal/api/routes.go:6166.2,6170.16 3 0
github.com/gatekey-project/gatekey/internal/api/routes.go:6170.16,6171.38 1 0
github.com/gatekey-project/gatekey/internal/api/routes.go:6171.38,6174.4 2 0
github.com/gatekey-project/gatekey/internal/api/routes.go:6175.3,6177.9 3 0
github.com/gatekey-project/gatekey/internal/api/routes.go:6181.2,6181.29 1 0
github.com/gatekey-project/gatekey/internal/api/routes.go:6181.29,6183.17 2 0
github.com/gatekey-project/gatekey/internal/api/routes.go:6183.17,6186.4 2 0
github.com/gatekey-project/gatekey/internal/api/routes.go:6187.8,6189.17 2 0
github.com/gatekey-project/gatekey/internal/api/routes.go:6189.17,6192.4 2 0
github.com/gatekey-project/gatekey/internal/api/routes.go:6195.2,6195.89 1 0
github.com/gatekey-project/gatekey/internal/api/routes.go:6195.89,6199.3 3 0
github.com/gatekey-project/gatekey/internal/api/routes.go:6201.2,6201.72 1 0
github.com/gatekey-project/gatekey/internal/api/routes.go:6204.63,6211.84 5 0
github.com/gatekey-project/gatekey/internal/api/routes.go:6211.84,6212.34 1 0
github.com/gatekey-project/gatekey/internal/api/routes.go:6212.34,6215.4 2 0
github.com/gatekey-project/gatekey/internal/api/routes.go:6216.3,6218.9 3 0
github.com/gatekey-project/gatekey/internal/api/routes.go:6221.2,6221.76 1 0
github.com/gatekey-project/gatekey/internal/api/routes.go:6229.60,6234.16 4 0
github.com/gatekey-project/gatekey/internal/api/routes.go:6234.16,6236.3 1 0
github.com/gatekey-project/gatekey/internal/api/routes.go:6238.2,6241.4 1 0
github.com/gatekey-project/gatekey/internal/api/routes.go:6245.63,6251.47 2 0
github.com/gatekey-project/gatekey/internal/api/routes.go:6251.47,6254.3 2 0
github.com/gatekey-project/gatekey/internal/api/routes.go:6257.2,6257.64 1 0
github.com/gatekey-project/gatekey/internal/api/routes.go:6257.64,6260.3 2 0
github.com/gatekey-project/gatekey/internal/api/routes.go:6262.2,6264.110 2 0
github.com/gatekey-project/gatekey/internal/api/routes.go:6264.110,6268.3 3 0
github.com/gatekey-project/gatekey/internal/api/routes.go:6270.2,6270.95 1 0
github.com/gatekey-project/gatekey/internal/api/routes.go:6270.95,6274.3 3 0
github.com/gatekey-project/gatekey/internal/api/routes.go:6276.2,6279.4 1 0
github.com/gatekey-project/gatekey/internal/api/routes.go:6283.58,6287.16 3 0
github.com/gatekey-project/gatekey/internal/api/routes.go:6287.16,6291.3 3 0
github.com/gatekey-project/gatekey/internal/api/routes.go:6294.2,6302.29 3 0
github.com/gatekey-project/gatekey/internal/api/routes.go:6302.29,6304.17 2 0
github.com/gatekey-project/gatekey/internal/api/routes.go:6304.17,6306.4 1 0
github.com/gatekey-project/gatekey/internal/api/routes.go:6307.3,6312.4 1 0
github.com/gatekey-project/gatekey/internal/api/routes.go:6315.2,6315.31 1 0
github.com/gatekey-project/gatekey/internal/api/routes.go:6319.59,6327.47 2 0
github.com/gatekey-project/gatekey/internal/api/routes.go:6327.47,6330.3 2 0
github.com/gatekey-project/gatekey/internal/api/routes.go:6333.2,6334.29 2 0
github.com/gatekey-project/gatekey/internal/api/routes.go:6334.29,6336.17 2 0
github.com/gatekey-project/gatekey/internal/api/routes.go:6336.17,6337.12 1 0
github.com/gatekey-project/gatekey/internal/api/routes.go:6339.3,6339.51 1 0
github.com/gatekey-project/gatekey/internal/api/routes.go:6339.51,6342.4 2 0
github.com/gatekey-project/gatekey/internal/api/routes.go:6346.2,6346.50 1 0
github.com/gatekey-project/gatekey/internal/api/routes.go:6346.50,6348.34 2 0
github.com/gatekey-project/gatekey/internal/api/routes.go:6348.34,6350.18 2 0
github.com/gatekey-project/gatekey/internal/api/routes.go:6350.18,6351.13 1 0
github.com/gatekey-project/gatekey/internal/api/routes.go:6353.4,6353.52 1 0
github.com/gatekey-project/gatekey/internal/api/routes.go:6353.52,6356.5 2 0
github.com/gatekey-project/gatekey/internal/api/routes.go:6360.2,6363.16 3 0
github.com/gatekey-project/gatekey/internal/api/routes.go:6363.16,6367.3 3 0
github.com/gatekey-project/gatekey/internal/api/routes.go:6369.2,6369.34 1 0
github.com/gatekey-project/gatekey/internal/api/routes.go:6373.56,6378.16 4 0
github.com/gatekey-project/gatekey/internal/api/routes.go:6378.16,6379.40 1 0
github.com/gatekey-project/gatekey/internal/api/routes.go:6379.40,6382.4 2 0
github.com/gatekey-project/gatekey/internal/api/routes.go:6383.3,6385.9 3 0
github.com/gatekey-project/gatekey/internal/api/routes.go:6388.2,6388.29 1 0
github.com/gatekey-project/gatekey/internal/api/routes.go:6392.59,6403.47 3 0
github.com/gatekey-project/gatekey/internal/api/routes.go:6403.47,6406.3 2 0
github.com/gatekey-project/gatekey/internal/api/routes.go:6409.2,6410.29 2 0
github.com/gatekey-project/gatekey/internal/api/routes.go:6410.29,6412.17 2 0
github.com/gatekey-project/gatekey/internal/api/routes.go:6412.17,6413.12 1 0
github.com/gatekey-project/gatekey/internal/api/routes.go:6415.3,6415.51 1 0
github.com/gatekey-project/gatekey/internal/api/routes.go:6415.51,6418.4 2 0
github.com/gatekey-project/gatekey/internal/api/routes.go:6422.2,6422.50 1 0
github.com/gatekey-project/gatekey/internal/api/routes.go:6422.50,6424.34 2 0
github.com/gatekey-project/gatekey/internal/api/routes.go:6424.34,6426.18 2 0
github.com/gatekey-project/gatekey/internal/api/routes.go:6426.18,6427.13 1 0
github.com/gatekey-project/gatekey/internal/api/routes.go:6429.4,6429.52 1 0
github.com/gatekey-project/gatekey/internal/api/routes.go:6429.52,6432.5 2 0
github.com/gatekey-project/gatekey/internal/api/routes.go:6436.2,6439.16 3 0
github.com/gatekey-project/gatekey/internal/api/routes.go:6439.16,6440.40 1 0
github.com/gatekey-project/gatekey/internal/api/routes.go:6440.40,6443.4 2 0
github.com/gatekey-project/gatekey/internal/api/routes.go:6444.3,6446.9 3 0
github.com/gatekey-project/gatekey/internal/api/routes.go:6449.2,6449.29 1 0
github.com/gatekey-project/gatekey/internal/api/routes.go:6453.59,6457.60 3 0
github.com/gatekey-project/gatekey/internal/api/routes.go:6457.60,6458.40 1 0
github.com/gatekey-project/gatekey/internal/api/routes.go:6458.40,6461.4 2 0
github.com/gatekey-project/gatekey/internal/api/routes.go:6462.3,6464.9 3 0
github.com/gatekey-project/gatekey/internal/api/routes.go:6467.2,6467.57 1 0
github.com/gatekey-project/gatekey/internal/api/routes.go:6471.59,6475.16 3 0
github.com/gatekey-project/gatekey/internal/api/routes.go:6475.16,6479.3 3 0
github.com/gatekey-project/gatekey/internal/api/routes.go:6481.2,6481.30 1 0
github.com/gatekey-project/gatekey/internal/api/routes.go:6485.57,6490.47 2 0
github.com/gatekey-project/gatekey/internal/api/routes.go:6490.47,6493.3 2 0
github.com/gatekey-project/gatekey/internal/api/routes.go:6495.2,6498.68 2 0
github.com/gatekey-project/gatekey/internal/api/routes.go:6498.68,6499.40 1 0
github.com/gatekey-project/gatekey/internal/api/routes.go:6499.40,6502.4 2 0
github.com/gatekey-project/gatekey/internal/api/routes.go:6503.3,6505.9 3 0
github.com/gatekey-project/gatekey/internal/api/routes.go:6508.2,6508.71 1 0
github.com/gatekey-project/gatekey/internal/api/routes.go:6508.71,6512.3 3 0
github.com/gatekey-project/gatekey/internal/api/routes.go:6514.2,6514.65 1 0
github.com/gatekey-project/gatekey/internal/api/routes.go:6518.60,6522.70 3 0
github.com/gatekey-project/gatekey/internal/api/routes.go:6522.70,6526.3 3 0
github.com/gatekey-project/gatekey/internal/api/routes.go:6528.2,6528.69 1 0
github.com/gatekey-project/gatekey/internal/api/routes.go:6532.57,6537.16 4 0
github.com/gatekey-project/gatekey/internal/api/routes.go:6537.16,6541.3 3 0
github.com/gatekey-project/gatekey/internal/api/routes.go:6543.2,6543.30 1 0
github.com/gatekey-project/gatekey/internal/api/routes.go:6547.55,6554.47 3 0
github.com/gatekey-project/gatekey/internal/api/routes.go:6554.47,6557.3 2 0
github.com/gatekey-project/gatekey/internal/api/routes.go:6559.2,6562.68 2 0
github.com/gatekey-project/gatekey/internal/api/routes.go:6562.68,6563.40 1 0
github.com/gatekey-project/gatekey/internal/api/routes.go:6563.40,6566.4 2 0
github.com/gatekey-project/gatekey/internal/api/routes.go:6567.3,6569.9 3 0
github.com/gatekey-project/gatekey/internal/api/routes.go:6572.2,6572.77 1 0
github.com/gatekey-project/gatekey/internal/api/routes.go:6572.77,6576.3 3 0
github.com/gatekey-project/gatekey/internal/api/routes.go:6578.2,6578.63 1 0
github.com/gatekey-project/gatekey/internal/api/routes.go:6582.58,6587.76 4 0
github.com/gatekey-project/gatekey/internal/api/routes.go:6587.76,6591.3 3 0
github.com/gatekey-project/gatekey/internal/api/routes.go:6593.2,6593.67 1 0
github.com/gatekey-project/gatekey/internal/api/routes.go:6597.58,6602.16 4 0
github.com/gatekey-project/gatekey/internal/api/routes.go:6602.16,6606.3 3 0
github.com/gatekey-project/gatekey/internal/api/routes.go:6608.2,6608.30 1 0
github.com/gatekey-project/gatekey/internal/api/routes.go:6612.56,6619.47 3 0
github.com/gatekey-project/gatekey/internal/api/routes.go:6619.47,6622.3 2 0
github.com/gatekey-project/gatekey/internal/api/routes.go:6624.2,6627.68 2 0
github.com/gatekey-project/gatekey/internal/api/routes.go:6627.68,6628.40 1 0
github.com/gatekey-project/gatekey/internal/api/routes.go:6628.40,6631.4 2 0
github.com/gatekey-project/gatekey/internal/api/routes.go:6632.3,6634.9 3 0
github.com/gatekey-project/gatekey/internal/api/routes.go:6637.2,6637.81 1 0
github.com/gatekey-project/gatekey/internal/api/routes.go:6637.81,6641.3 3 0
github.com/gatekey-project/gatekey/internal/api/routes.go:6643.2,6643.64 1 0
github.com/gatekey-project/gatekey/internal/api/routes.go:6647.59,6652.80 4 0
github.com/gatekey-project/gatekey/internal/api/routes.go:6652.80,6656.3 3 0
github.com/gatekey-project/gatekey/internal/api/routes.go:6658.2,6658.68 1 0
github.com/gatekey-project/gatekey/internal/api/server.go:54.73,56.34 1 0
github.com/gatekey-project/gatekey/internal/api/server.go:56.34,58.3 1 0
github.com/gatekey-project/gatekey/internal/api/server.go:58.8,60.3 1 0
github.com/gatekey-project/gatekey/internal/api/server.go:62.2,71.37 4 0
github.com/gatekey-project/gatekey/internal/api/server.go:71.37,80.35 2 0
github.com/gatekey-project/gatekey/internal/api/server.go:80.35,82.53 1 0
github.com/gatekey-project/gatekey/internal/api/server.go:82.53,87.38 4 0
github.com/gatekey-project/gatekey/internal/api/server.go:87.38,90.6 2 0
github.com/gatekey-project/gatekey/internal/api/server.go:91.5,92.11 2 0
github.com/gatekey-project/gatekey/internal/api/server.go:95.4,95.21 1 0
github.com/gatekey-project/gatekey/internal/api/server.go:100.2,100.40 1 0
github.com/gatekey-project/gatekey/internal/api/server.go:100.40,102.3 1 0
github.com/gatekey-project/gatekey/internal/api/server.go:105.2,107.16 3 0
github.com/gatekey-project/gatekey/internal/api/server.go:107.16,109.3 1 0
github.com/gatekey-project/gatekey/internal/api/server.go:112.2,134.16 20 0
github.com/gatekey-project/gatekey/internal/api/server.go:134.16,136.3 1 0
github.com/gatekey-project/gatekey/internal/api/server.go:139.2,140.15 2 0
github.com/gatekey-project/gatekey/internal/api/server.go:140.15,142.17 2 0
github.com/gatekey-project/gatekey/internal/api/server.go:142.17,144.4 1 0
github.com/gatekey-project/gatekey/internal/api/server.go:148.2,149.16 2 0
github.com/gatekey-project/gatekey/internal/api/server.go:149.16,151.3 1 0
github.com/gatekey-project/gatekey/internal/api/server.go:153.2,182.13 2 0
github.com/gatekey-project/gatekey/internal/api/server.go:182.13,189.17 5 0
github.com/gatekey-project/gatekey/internal/api/server.go:189.17,191.4 1 0
github.com/gatekey-project/gatekey/internal/api/server.go:193.3,193.23 1 0
github.com/gatekey-project/gatekey/internal/api/server.go:193.23,194.74 1 0
github.com/gatekey-project/gatekey/internal/api/server.go:194.74,197.5 2 0
github.com/gatekey-project/gatekey/internal/api/server.go:197.10,200.5 2 0
github.com/gatekey-project/gatekey/internal/api/server.go:201.9,204.4 1 0
github.com/gatekey-project/gatekey/internal/api/server.go:206.3,207.64 2 0
github.com/gatekey-project/gatekey/internal/api/server.go:211.2,224.17 9 0
github.com/gatekey-project/gatekey/internal/api/server.go:228.32,236.2 5 0
github.com/gatekey-project/gatekey/internal/api/server.go:236.2,239.3 2 0
github.com/gatekey-project/gatekey/internal/api/server.go:239.3,264.4 15 0
github.com/gatekey-project/gatekey/internal/api/server.go:267.3,268.3 2 0
github.com/gatekey-project/gatekey/internal/api/server.go:268.3,289.4 18 0
github.com/gatekey-project/gatekey/internal/api/server.go:292.3,293.3 2 0
github.com/gatekey-project/gatekey/internal/api/server.go:293.3,300.4 6 0
github.com/gatekey-project/gatekey/internal/api/server.go:303.3,304.3 2 0
github.com/gatekey-project/gatekey/internal/api/server.go:304.3,307.4 2 0
github.com/gatekey-project/gatekey/internal/api/server.go:310.3,311.3 2 0
github.com/gatekey-project/gatekey/internal/api/server.go:311.3,317.4 5 0
github.com/gatekey-project/gatekey/internal/api/server.go:320.3,321.3 2 0
github.com/gatekey-project/gatekey/internal/api/server.go:321.3,330.4 8 0
github.com/gatekey-project/gatekey/internal/api/server.go:333.3,334.3 2 0
github.com/gatekey-project/gatekey/internal/api/server.go:334.3,339.4 4 0
github.com/gatekey-project/gatekey/internal/api/server.go:342.3,343.3 2 0
github.com/gatekey-project/gatekey/internal/api/server.go:343.3,355.4 11 0
github.com/gatekey-project/gatekey/internal/api/server.go:358.3,359.3 2 0
github.com/gatekey-project/gatekey/internal/api/server.go:359.3,362.4 2 0
github.com/gatekey-project/gatekey/internal/api/server.go:365.3,366.3 2 0
github.com/gatekey-project/gatekey/internal/api/server.go:366.3,369.4 2 0
github.com/gatekey-project/gatekey/internal/api/server.go:372.3,373.3 2 0
github.com/gatekey-project/gatekey/internal/api/server.go:373.3,378.4 4 0
github.com/gatekey-project/gatekey/internal/api/server.go:381.3,382.3 2 0
github.com/gatekey-project/gatekey/internal/api/server.go:382.3,385.4 2 0
github.com/gatekey-project/gatekey/internal/api/server.go:388.3,389.3 2 0
github.com/gatekey-project/gatekey/internal/api/server.go:389.3,392.4 2 0
github.com/gatekey-project/gatekey/internal/api/server.go:395.3,402.3 4 0
github.com/gatekey-project/gatekey/internal/api/server.go:402.3,578.4 141 0
github.com/gatekey-project/gatekey/internal/api/server.go:581.3,582.3 2 0
github.com/gatekey-project/gatekey/internal/api/server.go:582.3,587.4 4 0
github.com/gatekey-project/gatekey/internal/api/server.go:590.3,607.3 10 0
github.com/gatekey-project/gatekey/internal/api/server.go:607.3,612.4 4 0
github.com/gatekey-project/gatekey/internal/api/server.go:616.2,620.30 3 0
github.com/gatekey-project/gatekey/internal/api/server.go:620.30,622.3 1 0
github.com/gatekey-project/gatekey/internal/api/server.go:625.2,646.56 14 0
github.com/gatekey-project/gatekey/internal/api/server.go:650.52,659.2 2 0
github.com/gatekey-project/gatekey/internal/api/server.go:662.74,671.2 2 0
github.com/gatekey-project/gatekey/internal/api/server.go:674.54,676.23 1 0
github.com/gatekey-project/gatekey/internal/api/server.go:676.23,678.3 1 0
github.com/gatekey-project/gatekey/internal/api/server.go:680.2,680.25 1 0
github.com/gatekey-project/gatekey/internal/api/server.go:680.25,682.3 1 0
github.com/gatekey-project/gatekey/internal/api/server.go:683.2,683.12 1 0
github.com/gatekey-project/gatekey/internal/api/server.go:687.61,698.6 5 0
github.com/gatekey-project/gatekey/internal/api/server.go:698.6,699.10 1 0
github.com/gatekey-project/gatekey/internal/api/server.go:700.21,702.10 2 0
github.com/gatekey-project/gatekey/internal/api/server.go:703.19,705.18 2 0
github.com/gatekey-project/gatekey/internal/api/server.go:705.18,707.5 1 0
github.com/gatekey-project/gatekey/internal/api/server.go:707.10,707.24 1 0
github.com/gatekey-project/gatekey/internal/api/server.go:707.24,709.5 1 0
github.com/gatekey-project/gatekey/internal/api/server.go:715.56,725.6 5 0
github.com/gatekey-project/gatekey/internal/api/server.go:725.6,726.10 1 0
github.com/gatekey-project/gatekey/internal/api/server.go:727.21,729.10 2 0
github.com/gatekey-project/gatekey/internal/api/server.go:730.19,731.32 1 0
github.com/gatekey-project/gatekey/internal/api/server.go:737.61,747.16 4 0
github.com/gatekey-project/gatekey/internal/api/server.go:747.16,749.3 1 0
github.com/gatekey-project/gatekey/internal/api/server.go:749.8,749.22 1 0
github.com/gatekey-project/gatekey/internal/api/server.go:749.22,754.3 1 0
github.com/gatekey-project/gatekey/internal/api/server.go:757.2,758.16 2 0
github.com/gatekey-project/gatekey/internal/api/server.go:758.16,760.3 1 0
github.com/gatekey-project/gatekey/internal/api/server.go:760.8,760.26 1 0
github.com/gatekey-project/gatekey/internal/api/server.go:760.26,765.3 1 0
github.com/gatekey-project/gatekey/internal/api/server.go:768.2,769.16 2 0
github.com/gatekey-project/gatekey/internal/api/server.go:769.16,771.3 1 0
github.com/gatekey-project/gatekey/internal/api/server.go:771.8,771.24 1 0
github.com/gatekey-project/gatekey/internal/api/server.go:771.24,776.3 1 0
github.com/gatekey-project/gatekey/internal/api/server.go:779.2,780.16 2 0
github.com/gatekey-project/gatekey/internal/api/server.go:780.16,782.3 1 0
github.com/gatekey-project/gatekey/internal/api/server.go:782.8,782.27 1 0
github.com/gatekey-project/gatekey/internal/api/server.go:782.27,784.3 1 0
github.com/gatekey-project/gatekey/internal/api/server.go:787.2,788.16 2 0
github.com/gatekey-project/gatekey/internal/api/server.go:788.16,790.3 1 0
github.com/gatekey-project/gatekey/internal/api/server.go:790.8,790.33 1 0
github.com/gatekey-project/gatekey/internal/api/server.go:790.33,793.3 1 0
github.com/gatekey-project/gatekey/internal/api/server.go:796.2,797.16 2 0
github.com/gatekey-project/gatekey/internal/api/server.go:797.16,799.3 1 0
github.com/gatekey-project/gatekey/internal/api/server.go:799.8,799.33 1 0
github.com/gatekey-project/gatekey/internal/api/server.go:799.33,802.3 1 0
github.com/gatekey-project/gatekey/internal/api/server.go:806.58,816.6 5 0
github.com/gatekey-project/gatekey/internal/api/server.go:816.6,817.10 1 0
github.com/gatekey-project/gatekey/internal/api/server.go:818.21,820.10 2 0
github.com/gatekey-project/gatekey/internal/api/server.go:821.19,822.30 1 0
github.com/gatekey-project/gatekey/internal/api/server.go:828.59,833.24 2 0
github.com/gatekey-project/gatekey/internal/api/server.go:833.24,835.3 1 0
github.com/gatekey-project/gatekey/internal/api/server.go:837.2,838.16 2 0
github.com/gatekey-project/gatekey/internal/api/server.go:838.16,841.3 2 0
github.com/gatekey-project/gatekey/internal/api/server.go:843.2,843.15 1 0
github.com/gatekey-project/gatekey/internal/api/server.go:843.15,847.3 1 0
github.com/gatekey-project/gatekey/internal/api/server.go:851.52,852.30 1 0
github.com/gatekey-project/gatekey/internal/api/server.go:852.30,862.18 7 0
github.com/gatekey-project/gatekey/internal/api/server.go:862.18,864.4 1 0
github.com/gatekey-project/gatekey/internal/api/server.go:866.3,873.4 1 0
github.com/gatekey-project/gatekey/internal/api/server.go:881.46,889.39 5 1
github.com/gatekey-project/gatekey/internal/api/server.go:889.39,896.3 3 0
github.com/gatekey-project/gatekey/internal/api/server.go:896.8,900.3 1 0
github.com/gatekey-project/gatekey/internal/api/server.go:903.2,903.17 1 0
github.com/gatekey-project/gatekey/internal/api/server.go:903.17,907.3 1 0
github.com/gatekey-project/gatekey/internal/api/server.go:907.8,911.3 1 0
github.com/gatekey-project/gatekey/internal/api/server.go:913.2,918.4 1 0
github.com/gatekey-project/gatekey/internal/api/server.go:923.45,927.39 2 1
github.com/gatekey-project/gatekey/internal/api/server.go:927.39,934.3 2 0
github.com/gatekey-project/gatekey/internal/api/server.go:936.2,939.4 1 0
github.com/gatekey-project/gatekey/internal/api/server.go:944.44,949.2 1 1
github.com/gatekey-project/gatekey/internal/api/server.go:956.77,958.16 2 0
github.com/gatekey-project/gatekey/internal/api/server.go:958.16,960.3 1 0
github.com/gatekey-project/gatekey/internal/api/server.go:961.2,967.8 1 0
github.com/gatekey-project/gatekey/internal/api/server.go:970.79,979.2 2 0
github.com/gatekey-project/gatekey/internal/api/session_handlers.go:14.55,15.25 1 0
github.com/gatekey-project/gatekey/internal/api/session_handlers.go:15.25,18.3 2 0
github.com/gatekey-project/gatekey/internal/api/session_handlers.go:20.2,20.57 1 0
github.com/gatekey-project/gatekey/internal/api/session_handlers.go:24.62,25.25 1 0
github.com/gatekey-project/gatekey/internal/api/session_handlers.go:25.25,28.3 2 0
github.com/gatekey-project/gatekey/internal/api/session_handlers.go:31.2,32.32 2 0
github.com/gatekey-project/gatekey/internal/api/session_handlers.go:32.32,35.3 2 0
github.com/gatekey-project/gatekey/internal/api/session_handlers.go:36.2,36.20 1 0
github.com/gatekey-project/gatekey/internal/api/session_handlers.go:36.20,39.3 2 0
github.com/gatekey-project/gatekey/internal/api/session_handlers.go:41.2,44.70 2 0
github.com/gatekey-project/gatekey/internal/api/session_handlers.go:48.59,51.32 2 0
github.com/gatekey-project/gatekey/internal/api/session_handlers.go:51.32,54.3 2 0
github.com/gatekey-project/gatekey/internal/api/session_handlers.go:55.2,55.20 1 0
github.com/gatekey-project/gatekey/internal/api/session_handlers.go:55.20,58.3 2 0
github.com/gatekey-project/gatekey/internal/api/session_handlers.go:60.2,60.25 1 0
github.com/gatekey-project/gatekey/internal/api/session_handlers.go:60.25,63.3 2 0
github.com/gatekey-project/gatekey/internal/api/session_handlers.go:65.2,66.48 2 0
github.com/gatekey-project/gatekey/internal/api/session_handlers.go:70.74,73.18 2 0
github.com/gatekey-project/gatekey/internal/api/session_handlers.go:74.13,77.17 2 0
github.com/gatekey-project/gatekey/internal/api/session_handlers.go:77.17,82.4 2 0
github.com/gatekey-project/gatekey/internal/api/session_handlers.go:83.3,83.45 1 0
github.com/gatekey-project/gatekey/internal/api/session_handlers.go:85.17,88.17 2 0
github.com/gatekey-project/gatekey/internal/api/session_handlers.go:88.17,93.4 2 0
github.com/gatekey-project/gatekey/internal/api/session_handlers.go:94.3,94.40 1 0
github.com/gatekey-project/gatekey/internal/api/session_handlers.go:96.15,99.17 2 0
github.com/gatekey-project/gatekey/internal/api/session_handlers.go:99.17,104.4 2 0
github.com/gatekey-project/gatekey/internal/api/session_handlers.go:105.3,105.46 1 0
github.com/gatekey-project/gatekey/internal/api/session_handlers.go:108.2,108.14 1 0
github.com/gatekey-project/gatekey/internal/api/topology_handlers.go:74.52,79.32 3 0
github.com/gatekey-project/gatekey/internal/api/topology_handlers.go:79.32,82.3 2 0
github.com/gatekey-project/gatekey/internal/api/topology_handlers.go:83.2,83.20 1 0
github.com/gatekey-project/gatekey/internal/api/topology_handlers.go:83.20,86.3 2 0
github.com/gatekey-project/gatekey/internal/api/topology_handlers.go:89.2,90.16 2 0
github.com/gatekey-project/gatekey/internal/api/topology_handlers.go:90.16,94.3 3 0
github.com/gatekey-project/gatekey/internal/api/topology_handlers.go:97.2,98.16 2 0
github.com/gatekey-project/gatekey/internal/api/topology_handlers.go:98.16,102.3 3 0
github.com/gatekey-project/gatekey/internal/api/topology_handlers.go:105.2,113.30 2 0
github.com/gatekey-project/gatekey/internal/api/topology_handlers.go:113.30,125.3 1 0
github.com/gatekey-project/gatekey/internal/api/topology_handlers.go:128.2,128.27 1 0
github.com/gatekey-project/gatekey/internal/api/topology_handlers.go:128.27,131.65 2 0
github.com/gatekey-project/gatekey/internal/api/topology_handlers.go:131.65,133.4 1 0
github.com/gatekey-project/gatekey/internal/api/topology_handlers.go:136.3,141.24 4 0
github.com/gatekey-project/gatekey/internal/api/topology_handlers.go:141.24,143.4 1 0
github.com/gatekey-project/gatekey/internal/api/topology_handlers.go:145.3,163.17 3 0
github.com/gatekey-project/gatekey/internal/api/topology_handlers.go:163.17,165.12 2 0
github.com/gatekey-project/gatekey/internal/api/topology_handlers.go:168.3,168.32 1 0
github.com/gatekey-project/gatekey/internal/api/topology_handlers.go:168.32,183.35 3 0
github.com/gatekey-project/gatekey/internal/api/topology_handlers.go:183.35,185.5 1 0
github.com/gatekey-project/gatekey/internal/api/topology_handlers.go:186.4,192.6 1 0
github.com/gatekey-project/gatekey/internal/api/topology_handlers.go:196.2,196.33 1 0
github.com/gatekey-project/gatekey/internal/api/topology_handlers.go:224.58,229.32 3 0
github.com/gatekey-project/gatekey/internal/api/topology_handlers.go:229.32,232.3 2 0
github.com/gatekey-project/gatekey/internal/api/topology_handlers.go:233.2,233.20 1 0
github.com/gatekey-project/gatekey/internal/api/topology_handlers.go:233.20,236.3 2 0
github.com/gatekey-project/gatekey/internal/api/topology_handlers.go:239.2,240.16 2 0
github.com/gatekey-project/gatekey/internal/api/topology_handlers.go:240.16,244.3 3 0
github.com/gatekey-project/gatekey/internal/api/topology_handlers.go:246.2,249.4 1 0
github.com/gatekey-project/gatekey/internal/api/topology_handlers.go:253.89,290.16 5 0
github.com/gatekey-project/gatekey/internal/api/topology_handlers.go:290.16,292.3 1 0
github.com/gatekey-project/gatekey/internal/api/topology_handlers.go:293.2,295.22 2 0
github.com/gatekey-project/gatekey/internal/api/topology_handlers.go:295.22,304.17 4 0
github.com/gatekey-project/gatekey/internal/api/topology_handlers.go:304.17,306.4 1 0
github.com/gatekey-project/gatekey/internal/api/topology_handlers.go:307.3,308.22 2 0
github.com/gatekey-project/gatekey/internal/api/topology_handlers.go:308.22,310.4 1 0
github.com/gatekey-project/gatekey/internal/api/topology_handlers.go:311.3,311.22 1 0
github.com/gatekey-project/gatekey/internal/api/topology_handlers.go:311.22,313.4 1 0
github.com/gatekey-project/gatekey/internal/api/topology_handlers.go:315.3,315.97 1 0
github.com/gatekey-project/gatekey/internal/api/topology_handlers.go:315.97,317.4 1 0
github.com/gatekey-project/gatekey/internal/api/topology_handlers.go:318.3,318.36 1 0
github.com/gatekey-project/gatekey/internal/api/topology_handlers.go:320.2,320.39 1 0
github.com/gatekey-project/gatekey/internal/api/topology_handlers.go:320.39,322.3 1 0
github.com/gatekey-project/gatekey/internal/api/topology_handlers.go:325.2,341.16 2 0
github.com/gatekey-project/gatekey/internal/api/topology_handlers.go:341.16,343.3 1 0
github.com/gatekey-project/gatekey/internal/api/topology_handlers.go:344.2,346.25 2 0
github.com/gatekey-project/gatekey/internal/api/topology_handlers.go:346.25,355.17 4 0
github.com/gatekey-project/gatekey/internal/api/topology_handlers.go:355.17,357.4 1 0
github.com/gatekey-project/gatekey/internal/api/topology_handlers.go:358.3,359.22 2 0
github.com/gatekey-project/gatekey/internal/api/topology_handlers.go:359.22,361.4 1 0
github.com/gatekey-project/gatekey/internal/api/topology_handlers.go:362.3,362.22 1 0
github.com/gatekey-project/gatekey/internal/api/topology_handlers.go:362.22,364.4 1 0
github.com/gatekey-project/gatekey/internal/api/topology_handlers.go:366.3,366.97 1 0
github.com/gatekey-project/gatekey/internal/api/topology_handlers.go:366.97,368.4 1 0
github.com/gatekey-project/gatekey/internal/api/topology_handlers.go:369.3,369.36 1 0
github.com/gatekey-project/gatekey/internal/api/topology_handlers.go:371.2,371.36 1 0
github.com/gatekey-project/gatekey/internal/api/topology_handlers.go:376.52,378.16 2 0
github.com/gatekey-project/gatekey/internal/api/topology_handlers.go:378.16,380.3 1 0
github.com/gatekey-project/gatekey/internal/api/topology_handlers.go:383.2,384.15 2 0
github.com/gatekey-project/gatekey/internal/api/topology_handlers.go:384.15,386.3 1 0
github.com/gatekey-project/gatekey/internal/api/topology_handlers.go:387.2,387.15 1 0
github.com/gatekey-project/gatekey/internal/api/topology_handlers.go:387.15,389.3 1 0
github.com/gatekey-project/gatekey/internal/api/topology_handlers.go:392.2,393.20 2 0
github.com/gatekey-project/gatekey/internal/api/wireguard_handlers.go:21.64,23.16 2 0
github.com/gatekey-project/gatekey/internal/api/wireguard_handlers.go:23.16,26.3 2 0
github.com/gatekey-project/gatekey/internal/api/wireguard_handlers.go:28.2,31.47 2 0
github.com/gatekey-project/gatekey/internal/api/wireguard_handlers.go:31.47,34.3 2 0
github.com/gatekey-project/gatekey/internal/api/wireguard_handlers.go:36.2,40.16 3 0
github.com/gatekey-project/gatekey/internal/api/wireguard_handlers.go:40.16,41.35 1 0
github.com/gatekey-project/gatekey/internal/api/wireguard_handlers.go:41.35,44.4 2 0
github.com/gatekey-project/gatekey/internal/api/wireguard_handlers.go:45.3,47.9 3 0
github.com/gatekey-project/gatekey/internal/api/wireguard_handlers.go:51.2,51.52 1 0
github.com/gatekey-project/gatekey/internal/api/wireguard_handlers.go:51.52,54.3 2 0
github.com/gatekey-project/gatekey/internal/api/wireguard_handlers.go:57.2,57.23 1 0
github.com/gatekey-project/gatekey/internal/api/wireguard_handlers.go:57.23,60.3 2 0
github.com/gatekey-project/gatekey/internal/api/wireguard_handlers.go:63.2,63.31 1 0
github.com/gatekey-project/gatekey/internal/api/wireguard_handlers.go:63.31,66.3 2 0
github.com/gatekey-project/gatekey/internal/api/wireguard_handlers.go:69.2,70.16 2 0
github.com/gatekey-project/gatekey/internal/api/wireguard_handlers.go:70.16,74.3 3 0
github.com/gatekey-project/gatekey/internal/api/wireguard_handlers.go:75.2,75.16 1 0
github.com/gatekey-project/gatekey/internal/api/wireguard_handlers.go:75.16,78.3 2 0
github.com/gatekey-project/gatekey/internal/api/wireguard_handlers.go:81.2,82.88 2 0
github.com/gatekey-project/gatekey/internal/api/wireguard_handlers.go:82.88,84.20 2 0
github.com/gatekey-project/gatekey/internal/api/wireguard_handlers.go:84.20,87.4 1 0
github.com/gatekey-project/gatekey/internal/api/wireguard_handlers.go:87.9,87.22 1 0
github.com/gatekey-project/gatekey/internal/api/wireguard_handlers.go:87.22,89.60 2 0
github.com/gatekey-project/gatekey/internal/api/wireguard_handlers.go:89.60,95.5 3 0
github.com/gatekey-project/gatekey/internal/api/wireguard_handlers.go:96.4,98.39 1 0
github.com/gatekey-project/gatekey/internal/api/wireguard_handlers.go:103.2,108.16 4 0
github.com/gatekey-project/gatekey/internal/api/wireguard_handlers.go:108.16,112.3 3 0
github.com/gatekey-project/gatekey/internal/api/wireguard_handlers.go:115.2,116.16 2 0
github.com/gatekey-project/gatekey/internal/api/wireguard_handlers.go:116.16,120.3 3 0
github.com/gatekey-project/gatekey/internal/api/wireguard_handlers.go:123.2,124.16 2 0
github.com/gatekey-project/gatekey/internal/api/wireguard_handlers.go:124.16,128.3 3 0
github.com/gatekey-project/gatekey/internal/api/wireguard_handlers.go:130.2,131.16 2 0
github.com/gatekey-project/gatekey/internal/api/wireguard_handlers.go:131.16,135.3 3 0
github.com/gatekey-project/gatekey/internal/api/wireguard_handlers.go:138.2,138.34 1 0
github.com/gatekey-project/gatekey/internal/api/wireguard_handlers.go:138.34,140.3 1 0
github.com/gatekey-project/gatekey/internal/api/wireguard_handlers.go:142.2,143.16 2 0
github.com/gatekey-project/gatekey/internal/api/wireguard_handlers.go:143.16,147.3 3 0
github.com/gatekey-project/gatekey/internal/api/wireguard_handlers.go:150.2,151.28 2 0
github.com/gatekey-project/gatekey/internal/api/wireguard_handlers.go:151.28,154.3 1 0
github.com/gatekey-project/gatekey/internal/api/wireguard_handlers.go:154.8,157.17 2 0
github.com/gatekey-project/gatekey/internal/api/wireguard_handlers.go:157.17,161.4 3 0
github.com/gatekey-project/gatekey/internal/api/wireguard_handlers.go:164.3,164.30 1 0
github.com/gatekey-project/gatekey/internal/api/wireguard_handlers.go:164.30,165.24 1 0
github.com/gatekey-project/gatekey/internal/api/wireguard_handlers.go:165.24,166.13 1 0
github.com/gatekey-project/gatekey/internal/api/wireguard_handlers.go:168.4,168.25 1 0
github.com/gatekey-project/gatekey/internal/api/wireguard_handlers.go:169.31,170.48 1 0
github.com/gatekey-project/gatekey/internal/api/wireguard_handlers.go:171.29,173.54 1 0
github.com/gatekey-project/gatekey/internal/api/wireguard_handlers.go:178.3,178.27 1 0
github.com/gatekey-project/gatekey/internal/api/wireguard_handlers.go:178.27,180.4 1 0
github.com/gatekey-project/gatekey/internal/api/wireguard_handlers.go:184.2,185.21 2 0
github.com/gatekey-project/gatekey/internal/api/wireguard_handlers.go:185.21,186.34 1 0
github.com/gatekey-project/gatekey/internal/api/wireguard_handlers.go:186.34,188.4 1 0
github.com/gatekey-project/gatekey/internal/api/wireguard_handlers.go:188.9,190.4 1 0
github.com/gatekey-project/gatekey/internal/api/wireguard_handlers.go:194.2,195.20 2 0
github.com/gatekey-project/gatekey/internal/api/wireguard_handlers.go:195.20,197.3 1 0
github.com/gatekey-project/gatekey/internal/api/wireguard_handlers.go:198.2,198.31 1 0
github.com/gatekey-project/gatekey/internal/api/wireguard_handlers.go:198.31,200.3 1 0
github.com/gatekey-project/gatekey/internal/api/wireguard_handlers.go:200.8,202.3 1 0
github.com/gatekey-project/gatekey/internal/api/wireguard_handlers.go:205.2,220.16 3 0
github.com/gatekey-project/gatekey/internal/api/wireguard_handlers.go:220.16,224.3 3 0
github.com/gatekey-project/gatekey/internal/api/wireguard_handlers.go:227.2,244.62 4 0
github.com/gatekey-project/gatekey/internal/api/wireguard_handlers.go:244.62,248.3 3 0
github.com/gatekey-project/gatekey/internal/api/wireguard_handlers.go:250.2,268.4 3 0
github.com/gatekey-project/gatekey/internal/api/wireguard_handlers.go:272.65,274.16 2 0
github.com/gatekey-project/gatekey/internal/api/wireguard_handlers.go:274.16,277.3 2 0
github.com/gatekey-project/gatekey/internal/api/wireguard_handlers.go:279.2,282.16 3 0
github.com/gatekey-project/gatekey/internal/api/wireguard_handlers.go:282.16,286.3 3 0
github.com/gatekey-project/gatekey/internal/api/wireguard_handlers.go:288.2,302.30 4 0
github.com/gatekey-project/gatekey/internal/api/wireguard_handlers.go:302.30,304.27 2 0
github.com/gatekey-project/gatekey/internal/api/wireguard_handlers.go:304.27,306.4 1 0
github.com/gatekey-project/gatekey/internal/api/wireguard_handlers.go:306.9,306.38 1 0
github.com/gatekey-project/gatekey/internal/api/wireguard_handlers.go:306.38,308.4 1 0
github.com/gatekey-project/gatekey/internal/api/wireguard_handlers.go:310.3,320.5 1 0
github.com/gatekey-project/gatekey/internal/api/wireguard_handlers.go:323.2,323.51 1 0
github.com/gatekey-project/gatekey/internal/api/wireguard_handlers.go:327.64,329.16 2 0
github.com/gatekey-project/gatekey/internal/api/wireguard_handlers.go:329.16,332.3 2 0
github.com/gatekey-project/gatekey/internal/api/wireguard_handlers.go:334.2,338.16 4 0
github.com/gatekey-project/gatekey/internal/api/wireguard_handlers.go:338.16,339.36 1 0
github.com/gatekey-project/gatekey/internal/api/wireguard_handlers.go:339.36,342.4 2 0
github.com/gatekey-project/gatekey/internal/api/wireguard_handlers.go:343.3,343.35 1 0
github.com/gatekey-project/gatekey/internal/api/wireguard_handlers.go:343.35,346.4 2 0
github.com/gatekey-project/gatekey/internal/api/wireguard_handlers.go:347.3,347.35 1 0
github.com/gatekey-project/gatekey/internal/api/wireguard_handlers.go:347.35,350.4 2 0
github.com/gatekey-project/gatekey/internal/api/wireguard_handlers.go:351.3,353.9 3 0
github.com/gatekey-project/gatekey/internal/api/wireguard_handlers.go:357.2,357.34 1 0
github.com/gatekey-project/gatekey/internal/api/wireguard_handlers.go:357.34,360.3 2 0
github.com/gatekey-project/gatekey/internal/api/wireguard_handlers.go:363.2,363.70 1 0
github.com/gatekey-project/gatekey/internal/api/wireguard_handlers.go:363.70,365.3 1 0
github.com/gatekey-project/gatekey/internal/api/wireguard_handlers.go:367.2,368.56 2 0
github.com/gatekey-project/gatekey/internal/api/wireguard_handlers.go:372.62,374.16 2 0
github.com/gatekey-project/gatekey/internal/api/wireguard_handlers.go:374.16,377.3 2 0
github.com/gatekey-project/gatekey/internal/api/wireguard_handlers.go:379.2,383.16 4 0
github.com/gatekey-project/gatekey/internal/api/wireguard_handlers.go:383.16,384.100 1 0
github.com/gatekey-project/gatekey/internal/api/wireguard_handlers.go:384.100,387.4 2 0
github.com/gatekey-project/gatekey/internal/api/wireguard_handlers.go:388.3,390.9 3 0
github.com/gatekey-project/gatekey/internal/api/wireguard_handlers.go:394.2,394.34 1 0
github.com/gatekey-project/gatekey/internal/api/wireguard_handlers.go:394.34,397.3 2 0
github.com/gatekey-project/gatekey/internal/api/wireguard_handlers.go:399.2,399.80 1 0
github.com/gatekey-project/gatekey/internal/api/wireguard_handlers.go:399.80,403.3 3 0
github.com/gatekey-project/gatekey/internal/api/wireguard_handlers.go:405.2,409.59 2 0
github.com/gatekey-project/gatekey/internal/api/wireguard_handlers.go:415.66,417.16 2 0
github.com/gatekey-project/gatekey/internal/api/wireguard_handlers.go:417.16,420.3 2 0
github.com/gatekey-project/gatekey/internal/api/wireguard_handlers.go:421.2,421.20 1 0
github.com/gatekey-project/gatekey/internal/api/wireguard_handlers.go:421.20,424.3 2 0
github.com/gatekey-project/gatekey/internal/api/wireguard_handlers.go:426.2,431.36 4 0
github.com/gatekey-project/gatekey/internal/api/wireguard_handlers.go:431.36,433.3 1 0
github.com/gatekey-project/gatekey/internal/api/wireguard_handlers.go:434.2,434.37 1 0
github.com/gatekey-project/gatekey/internal/api/wireguard_handlers.go:434.37,436.3 1 0
github.com/gatekey-project/gatekey/internal/api/wireguard_handlers.go:438.2,439.16 2 0
github.com/gatekey-project/gatekey/internal/api/wireguard_handlers.go:439.16,443.3 3 0
github.com/gatekey-project/gatekey/internal/api/wireguard_handlers.go:445.2,463.30 4 0
github.com/gatekey-project/gatekey/internal/api/wireguard_handlers.go:463.30,465.27 2 0
github.com/gatekey-project/gatekey/internal/api/wireguard_handlers.go:465.27,467.4 1 0
github.com/gatekey-project/gatekey/internal/api/wireguard_handlers.go:467.9,467.38 1 0
github.com/gatekey-project/gatekey/internal/api/wireguard_handlers.go:467.38,469.4 1 0
github.com/gatekey-project/gatekey/internal/api/wireguard_handlers.go:471.3,485.5 1 0
github.com/gatekey-project/gatekey/internal/api/wireguard_handlers.go:488.2,493.4 1 0
github.com/gatekey-project/gatekey/internal/api/wireguard_handlers.go:497.67,499.16 2 0
github.com/gatekey-project/gatekey/internal/api/wireguard_handlers.go:499.16,502.3 2 0
github.com/gatekey-project/gatekey/internal/api/wireguard_handlers.go:503.2,503.20 1 0
github.com/gatekey-project/gatekey/internal/api/wireguard_handlers.go:503.20,506.3 2 0
github.com/gatekey-project/gatekey/internal/api/wireguard_handlers.go:508.2,513.47 3 0
github.com/gatekey-project/gatekey/internal/api/wireguard_handlers.go:513.47,515.3 1 0
github.com/gatekey-project/gatekey/internal/api/wireguard_handlers.go:516.2,516.22 1 0
github.com/gatekey-project/gatekey/internal/api/wireguard_handlers.go:516.22,518.3 1 0
github.com/gatekey-project/gatekey/internal/api/wireguard_handlers.go:520.2,522.74 2 0
github.com/gatekey-project/gatekey/internal/api/wireguard_handlers.go:522.74,523.36 1 0
github.com/gatekey-project/gatekey/internal/api/wireguard_handlers.go:523.36,526.4 2 0
github.com/gatekey-project/gatekey/internal/api/wireguard_handlers.go:527.3,529.9 3 0
github.com/gatekey-project/gatekey/internal/api/wireguard_handlers.go:532.2,536.59 2 0
github.com/gatekey-project/gatekey/internal/api/wireguard_handlers.go:540.64,542.16 2 0
github.com/gatekey-project/gatekey/internal/api/wireguard_handlers.go:542.16,545.3 2 0
github.com/gatekey-project/gatekey/internal/api/wireguard_handlers.go:546.2,546.20 1 0
github.com/gatekey-project/gatekey/internal/api/wireguard_handlers.go:546.20,549.3 2 0
github.com/gatekey-project/gatekey/internal/api/wireguard_handlers.go:551.2,554.16 3 0
github.com/gatekey-project/gatekey/internal/api/wireguard_handlers.go:554.16,558.3 3 0
github.com/gatekey-project/gatekey/internal/api/wireguard_handlers.go:560.2,578.29 3 0
github.com/gatekey-project/gatekey/internal/api/wireguard_handlers.go:578.29,595.3 1 0
github.com/gatekey-project/gatekey/internal/api/wireguard_handlers.go:597.2,597.49 1 0
github.com/gatekey-project/gatekey/internal/api/wireguard_handlers.go:603.66,607.47 2 0
github.com/gatekey-project/gatekey/internal/api/wireguard_handlers.go:607.47,610.3 2 0
github.com/gatekey-project/gatekey/internal/api/wireguard_handlers.go:612.2,616.16 3 0
github.com/gatekey-project/gatekey/internal/api/wireguard_handlers.go:616.16,617.35 1 0
github.com/gatekey-project/gatekey/internal/api/wireguard_handlers.go:617.35,620.4 2 0
github.com/gatekey-project/gatekey/internal/api/wireguard_handlers.go:621.3,623.9 3 0
github.com/gatekey-project/gatekey/internal/api/wireguard_handlers.go:627.2,627.52 1 0
github.com/gatekey-project/gatekey/internal/api/wireguard_handlers.go:627.52,630.3 2 0
github.com/gatekey-project/gatekey/internal/api/wireguard_handlers.go:633.2,633.61 1 0
github.com/gatekey-project/gatekey/internal/api/wireguard_handlers.go:633.61,635.17 2 0
github.com/gatekey-project/gatekey/internal/api/wireguard_handlers.go:635.17,639.4 3 0
github.com/gatekey-project/gatekey/internal/api/wireguard_handlers.go:641.3,641.113 1 0
github.com/gatekey-project/gatekey/internal/api/wireguard_handlers.go:641.113,645.4 3 0
github.com/gatekey-project/gatekey/internal/api/wireguard_handlers.go:647.3,648.42 2 0
github.com/gatekey-project/gatekey/internal/api/wireguard_handlers.go:652.2,653.16 2 0
github.com/gatekey-project/gatekey/internal/api/wireguard_handlers.go:653.16,657.3 3 0
github.com/gatekey-project/gatekey/internal/api/wireguard_handlers.go:659.2,669.30 3 0
github.com/gatekey-project/gatekey/internal/api/wireguard_handlers.go:669.30,678.3 1 0
github.com/gatekey-project/gatekey/internal/api/wireguard_handlers.go:681.2,682.86 2 0
github.com/gatekey-project/gatekey/internal/api/wireguard_handlers.go:682.86,684.3 1 0
github.com/gatekey-project/gatekey/internal/api/wireguard_handlers.go:686.2,700.4 2 0
github.com/gatekey-project/gatekey/internal/api/wireguard_handlers.go:704.66,711.47 2 0
github.com/gatekey-project/gatekey/internal/api/wireguard_handlers.go:711.47,714.3 2 0
github.com/gatekey-project/gatekey/internal/api/wireguard_handlers.go:716.2,719.16 3 0
github.com/gatekey-project/gatekey/internal/api/wireguard_handlers.go:719.16,720.35 1 0
github.com/gatekey-project/gatekey/internal/api/wireguard_handlers.go:720.35,723.4 2 0
github.com/gatekey-project/gatekey/internal/api/wireguard_handlers.go:724.3,726.9 3 0
github.com/gatekey-project/gatekey/internal/api/wireguard_handlers.go:730.2,731.86 2 0
github.com/gatekey-project/gatekey/internal/api/wireguard_handlers.go:731.86,733.3 1 0
github.com/gatekey-project/gatekey/internal/api/wireguard_handlers.go:735.2,738.4 1 0
github.com/gatekey-project/gatekey/internal/api/wireguard_handlers.go:742.66,746.47 2 0
github.com/gatekey-project/gatekey/internal/api/wireguard_handlers.go:746.47,749.3 2 0
github.com/gatekey-project/gatekey/internal/api/wireguard_handlers.go:751.2,754.16 3 0
github.com/gatekey-project/gatekey/internal/api/wireguard_handlers.go:754.16,755.35 1 0
github.com/gatekey-project/gatekey/internal/api/wireguard_handlers.go:755.35,758.4 2 0
github.com/gatekey-project/gatekey/internal/api/wireguard_handlers.go:759.3,761.9 3 0
github.com/gatekey-project/gatekey/internal/api/wireguard_handlers.go:765.2,766.16 2 0
github.com/gatekey-project/gatekey/internal/api/wireguard_handlers.go:766.16,770.3 3 0
github.com/gatekey-project/gatekey/internal/api/wireguard_handlers.go:772.2,782.30 3 0
github.com/gatekey-project/gatekey/internal/api/wireguard_handlers.go:782.30,791.3 1 0
github.com/gatekey-project/gatekey/internal/api/wireguard_handlers.go:793.2,796.4 1 0
github.com/gatekey-project/gatekey/internal/api/wireguard_handlers.go:800.66,811.47 2 0
github.com/gatekey-project/gatekey/internal/api/wireguard_handlers.go:811.47,814.3 2 0
github.com/gatekey-project/gatekey/internal/api/wireguard_handlers.go:816.2,819.16 3 0
github.com/gatekey-project/gatekey/internal/api/wireguard_handlers.go:819.16,820.35 1 0
github.com/gatekey-project/gatekey/internal/api/wireguard_handlers.go:820.35,823.4 2 0
github.com/gatekey-project/gatekey/internal/api/wireguard_handlers.go:824.3,826.9 3 0
github.com/gatekey-project/gatekey/internal/api/wireguard_handlers.go:830.2,830.33 1 0
github.com/gatekey-project/gatekey/internal/api/wireguard_handlers.go:830.33,832.29 2 0
github.com/gatekey-project/gatekey/internal/api/wireguard_handlers.go:832.29,835.4 2 0
github.com/gatekey-project/gatekey/internal/api/wireguard_handlers.go:838.3,839.17 2 0
github.com/gatekey-project/gatekey/internal/api/wireguard_handlers.go:839.17,841.12 1 0
github.com/gatekey-project/gatekey/internal/api/wireguard_handlers.go:845.3,846.77 2 0
github.com/gatekey-project/gatekey/internal/api/wireguard_handlers.go:846.77,848.4 1 0
github.com/gatekey-project/gatekey/internal/api/wireguard_handlers.go:851.3,867.63 2 0
github.com/gatekey-project/gatekey/internal/api/wireguard_handlers.go:867.63,871.4 1 0
github.com/gatekey-project/gatekey/internal/api/wireguard_handlers.go:874.2,874.46 1 0
github.com/gatekey-project/gatekey/internal/api/wireguard_handlers.go:880.62,883.28 2 0
github.com/gatekey-project/gatekey/internal/api/wireguard_handlers.go:883.28,885.3 1 0
github.com/gatekey-project/gatekey/internal/api/wireguard_handlers.go:885.8,885.35 1 0
github.com/gatekey-project/gatekey/internal/api/wireguard_handlers.go:885.35,887.3 1 0
github.com/gatekey-project/gatekey/internal/api/wireguard_handlers.go:887.8,892.3 2 0
github.com/gatekey-project/gatekey/internal/api/wireguard_handlers.go:895.2,903.68 4 0
github.com/gatekey-project/gatekey/internal/api/wireguard_handlers.go:903.68,910.3 2 0
github.com/gatekey-project/gatekey/internal/api/wireguard_handlers.go:912.2,914.44 1 0
github.com/gatekey-project/gatekey/internal/openvpn/config.go:18.36,20.2 1 0
github.com/gatekey-project/gatekey/internal/openvpn/config.go:30.82,32.16 2 1
github.com/gatekey-project/gatekey/internal/openvpn/config.go:32.16,34.3 1 0
github.com/gatekey-project/gatekey/internal/openvpn/config.go:36.2,40.8 1 1
github.com/gatekey-project/gatekey/internal/openvpn/config.go:94.55,95.17 1 1
github.com/gatekey-project/gatekey/internal/openvpn/config.go:96.25,106.4 1 0
github.com/gatekey-project/gatekey/internal/openvpn/config.go:107.31,116.4 1 0
github.com/gatekey-project/gatekey/internal/openvpn/config.go:117.10,126.4 1 1
github.com/gatekey-project/gatekey/internal/openvpn/config.go:153.83,155.20 2 1
github.com/gatekey-project/gatekey/internal/openvpn/config.go:155.20,157.3 1 0
github.com/gatekey-project/gatekey/internal/openvpn/config.go:160.2,161.26 2 1
github.com/gatekey-project/gatekey/internal/openvpn/config.go:161.26,163.3 1 0
github.com/gatekey-project/gatekey/internal/openvpn/config.go:166.2,167.25 2 1
github.com/gatekey-project/gatekey/internal/openvpn/config.go:167.25,169.3 1 1
github.com/gatekey-project/gatekey/internal/openvpn/config.go:170.2,193.32 3 1
github.com/gatekey-project/gatekey/internal/openvpn/config.go:193.32,195.41 2 0
github.com/gatekey-project/gatekey/internal/openvpn/config.go:195.41,197.4 1 0
github.com/gatekey-project/gatekey/internal/openvpn/config.go:198.3,198.19 1 0
github.com/gatekey-project/gatekey/internal/openvpn/config.go:198.19,201.4 2 0
github.com/gatekey-project/gatekey/internal/openvpn/config.go:204.2,205.55 2 1
github.com/gatekey-project/gatekey/internal/openvpn/config.go:205.55,207.3 1 0
github.com/gatekey-project/gatekey/internal/openvpn/config.go:210.2,218.8 2 1
github.com/gatekey-project/gatekey/internal/openvpn/config.go:222.43,236.2 2 1
github.com/gatekey-project/gatekey/internal/openvpn/config.go:342.43,349.48 2 0
github.com/gatekey-project/gatekey/internal/openvpn/config.go:349.48,351.3 1 0
github.com/gatekey-project/gatekey/internal/openvpn/config.go:353.2,357.31 4 0
github.com/gatekey-project/gatekey/internal/openvpn/config.go:357.31,363.3 1 0
github.com/gatekey-project/gatekey/internal/openvpn/config.go:365.2,366.25 2 0
github.com/gatekey-project/gatekey/internal/openvpn/config.go:398.61,400.16 2 0
github.com/gatekey-project/gatekey/internal/openvpn/config.go:400.16,402.3 1 0
github.com/gatekey-project/gatekey/internal/openvpn/config.go:404.2,405.48 2 0
github.com/gatekey-project/gatekey/internal/openvpn/config.go:405.48,407.3 1 0
github.com/gatekey-project/gatekey/internal/openvpn/config.go:409.2,409.25 1 0
github.com/gatekey-project/gatekey/internal/openvpn/hooks.go:60.55,68.2 1 1
github.com/gatekey-project/gatekey/internal/openvpn/hooks.go:71.69,90.16 3 1
github.com/gatekey-project/gatekey/internal/openvpn/hooks.go:90.16,92.3 1 0
github.com/gatekey-project/gatekey/internal/openvpn/hooks.go:94.2,95.16 2 1
github.com/gatekey-project/gatekey/internal/openvpn/hooks.go:95.16,97.3 1 0
github.com/gatekey-project/gatekey/internal/openvpn/hooks.go:99.2,102.16 3 1
github.com/gatekey-project/gatekey/internal/openvpn/hooks.go:102.16,104.3 1 0
github.com/gatekey-project/gatekey/internal/openvpn/hooks.go:105.2,114.68 3 1
github.com/gatekey-project/gatekey/internal/openvpn/hooks.go:114.68,116.3 1 0
github.com/gatekey-project/gatekey/internal/openvpn/hooks.go:118.2,121.8 1 1
github.com/gatekey-project/gatekey/internal/openvpn/hooks.go:125.70,142.16 3 1
github.com/gatekey-project/gatekey/internal/openvpn/hooks.go:142.16,144.3 1 0
github.com/gatekey-project/gatekey/internal/openvpn/hooks.go:146.2,147.16 2 1
github.com/gatekey-project/gatekey/internal/openvpn/hooks.go:147.16,149.3 1 0
github.com/gatekey-project/gatekey/internal/openvpn/hooks.go:151.2,154.16 3 1
github.com/gatekey-project/gatekey/internal/openvpn/hooks.go:154.16,156.3 1 0
github.com/gatekey-project/gatekey/internal/openvpn/hooks.go:157.2,160.69 3 1
github.com/gatekey-project/gatekey/internal/openvpn/hooks.go:160.69,162.3 1 0
github.com/gatekey-project/gatekey/internal/openvpn/hooks.go:164.2,164.23 1 1
github.com/gatekey-project/gatekey/internal/openvpn/hooks.go:168.56,186.16 3 1
github.com/gatekey-project/gatekey/internal/openvpn/hooks.go:186.16,188.3 1 0
github.com/gatekey-project/gatekey/internal/openvpn/hooks.go:190.2,191.16 2 1
github.com/gatekey-project/gatekey/internal/openvpn/hooks.go:191.16,193.3 1 0
github.com/gatekey-project/gatekey/internal/openvpn/hooks.go:195.2,198.16 3 1
github.com/gatekey-project/gatekey/internal/openvpn/hooks.go:198.16,200.3 1 0
github.com/gatekey-project/gatekey/internal/openvpn/hooks.go:201.2,203.28 2 1
github.com/gatekey-project/gatekey/internal/openvpn/hooks.go:203.28,205.3 1 1
github.com/gatekey-project/gatekey/internal/openvpn/hooks.go:207.2,207.12 1 1
github.com/gatekey-project/gatekey/internal/openvpn/hooks.go:221.139,237.16 3 1
github.com/gatekey-project/gatekey/internal/openvpn/hooks.go:237.16,239.3 1 0
github.com/gatekey-project/gatekey/internal/openvpn/hooks.go:241.2,242.16 2 1
github.com/gatekey-project/gatekey/internal/openvpn/hooks.go:242.16,244.3 1 0
github.com/gatekey-project/gatekey/internal/openvpn/hooks.go:246.2,249.16 3 1
github.com/gatekey-project/gatekey/internal/openvpn/hooks.go:249.16,251.3 1 0
github.com/gatekey-project/gatekey/internal/openvpn/hooks.go:252.2,254.28 2 1
github.com/gatekey-project/gatekey/internal/openvpn/hooks.go:254.28,256.3 1 1
github.com/gatekey-project/gatekey/internal/openvpn/hooks.go:258.2,259.67 2 1
github.com/gatekey-project/gatekey/internal/openvpn/hooks.go:259.67,261.3 1 0
github.com/gatekey-project/gatekey/internal/openvpn/hooks.go:263.2,263.21 1 1
github.com/gatekey-project/gatekey/internal/openvpn/hooks.go:284.62,292.16 3 1
github.com/gatekey-project/gatekey/internal/openvpn/hooks.go:292.16,294.3 1 0
github.com/gatekey-project/gatekey/internal/openvpn/hooks.go:296.2,297.16 2 1
github.com/gatekey-project/gatekey/internal/openvpn/hooks.go:297.16,299.3 1 0
github.com/gatekey-project/gatekey/internal/openvpn/hooks.go:301.2,304.16 3 1
github.com/gatekey-project/gatekey/internal/openvpn/hooks.go:304.16,306.3 1 0
github.com/gatekey-project/gatekey/internal/openvpn/hooks.go:307.2,309.28 2 1
github.com/gatekey-project/gatekey/internal/openvpn/hooks.go:309.28,312.3 2 1
github.com/gatekey-project/gatekey/internal/openvpn/hooks.go:314.2,315.67 2 1
github.com/gatekey-project/gatekey/internal/openvpn/hooks.go:315.67,317.3 1 0
github.com/gatekey-project/gatekey/internal/openvpn/hooks.go:319.2,319.21 1 1
github.com/gatekey-project/gatekey/internal/openvpn/hooks.go:323.59,325.16 2 1
github.com/gatekey-project/gatekey/internal/openvpn/hooks.go:325.16,327.3 1 1
github.com/gatekey-project/gatekey/internal/openvpn/hooks.go:328.2,332.21 4 1
github.com/gatekey-project/gatekey/internal/openvpn/hooks.go:332.21,335.22 3 1
github.com/gatekey-project/gatekey/internal/openvpn/hooks.go:335.22,337.4 1 1
github.com/gatekey-project/gatekey/internal/openvpn/hooks.go:340.2,340.27 1 1
github.com/gatekey-project/gatekey/internal/openvpn/hooks.go:344.40,371.28 3 0
github.com/gatekey-project/gatekey/internal/openvpn/hooks.go:371.28,372.37 1 0
github.com/gatekey-project/gatekey/internal/openvpn/hooks.go:372.37,374.4 1 0
github.com/gatekey-project/gatekey/internal/openvpn/hooks.go:377.2,377.12 1 0
github.com/gatekey-project/gatekey/internal/openvpn/hooks.go:381.54,398.2 2 0
github.com/gatekey-project/gatekey/internal/openvpn/hooks.go:401.60,403.16 2 1
github.com/gatekey-project/gatekey/internal/openvpn/hooks.go:403.16,405.3 1 1
github.com/gatekey-project/gatekey/internal/openvpn/hooks.go:406.2,408.30 2 1
github.com/gatekey-project/gatekey/internal/openvpn/hooks.go:408.30,409.58 1 1
github.com/gatekey-project/gatekey/internal/openvpn/hooks.go:409.58,411.4 1 0
github.com/gatekey-project/gatekey/internal/openvpn/hooks.go:414.2,414.12 1 1
github.com/gatekey-project/gatekey/internal/k8s/secrets.go:31.49,33.98 1 0
github.com/gatekey-project/gatekey/internal/k8s/secrets.go:33.98,35.3 1 0
github.com/gatekey-project/gatekey/internal/k8s/secrets.go:37.2,38.16 2 0
github.com/gatekey-project/gatekey/internal/k8s/secrets.go:38.16,40.3 1 0
github.com/gatekey-project/gatekey/internal/k8s/secrets.go:42.2,43.16 2 0
github.com/gatekey-project/gatekey/internal/k8s/secrets.go:43.16,45.3 1 0
github.com/gatekey-project/gatekey/internal/k8s/secrets.go:48.2,49.16 2 0
github.com/gatekey-project/gatekey/internal/k8s/secrets.go:49.16,51.3 1 0
github.com/gatekey-project/gatekey/internal/k8s/secrets.go:53.2,56.8 1 0
github.com/gatekey-project/gatekey/internal/k8s/secrets.go:61.87,85.16 3 0
github.com/gatekey-project/gatekey/internal/k8s/secrets.go:85.16,86.34 1 0
github.com/gatekey-project/gatekey/internal/k8s/secrets.go:86.34,89.18 2 0
github.com/gatekey-project/gatekey/internal/k8s/secrets.go:89.18,91.5 1 0
github.com/gatekey-project/gatekey/internal/k8s/secrets.go:92.4,92.14 1 0
github.com/gatekey-project/gatekey/internal/k8s/secrets.go:94.3,94.71 1 0
github.com/gatekey-project/gatekey/internal/k8s/secrets.go:97.2,97.12 1 0
github.com/gatekey-project/gatekey/internal/k8s/secrets.go:102.79,104.16 2 0
github.com/gatekey-project/gatekey/internal/k8s/secrets.go:104.16,105.29 1 0
github.com/gatekey-project/gatekey/internal/k8s/secrets.go:105.29,107.4 1 0
github.com/gatekey-project/gatekey/internal/k8s/secrets.go:108.3,108.72 1 0
github.com/gatekey-project/gatekey/internal/k8s/secrets.go:111.2,112.9 2 0
github.com/gatekey-project/gatekey/internal/k8s/secrets.go:112.9,114.3 1 0
github.com/gatekey-project/gatekey/internal/k8s/secrets.go:116.2,116.30 1 0
github.com/gatekey-project/gatekey/internal/k8s/secrets.go:120.78,122.43 2 0
github.com/gatekey-project/gatekey/internal/k8s/secrets.go:122.43,124.3 1 0
github.com/gatekey-project/gatekey/internal/k8s/secrets.go:125.2,125.12 1 0
github.com/gatekey-project/gatekey/internal/k8s/secrets.go:129.86,131.16 2 0
github.com/gatekey-project/gatekey/internal/k8s/secrets.go:131.16,132.29 1 0
github.com/gatekey-project/gatekey/internal/k8s/secrets.go:132.29,134.4 1 0
github.com/gatekey-project/gatekey/internal/k8s/secrets.go:135.3,135.77 1 0
github.com/gatekey-project/gatekey/internal/k8s/secrets.go:137.2,137.18 1 0
github.com/gatekey-project/gatekey/internal/client/auth.go:32.50,34.2 1 0
github.com/gatekey-project/gatekey/internal/client/auth.go:37.77,38.30 1 0
github.com/gatekey-project/gatekey/internal/client/auth.go:38.30,40.3 1 0
github.com/gatekey-project/gatekey/internal/client/auth.go:43.2,44.16 2 0
github.com/gatekey-project/gatekey/internal/client/auth.go:44.16,46.3 1 0
github.com/gatekey-project/gatekey/internal/client/auth.go:47.2,51.16 4 0
github.com/gatekey-project/gatekey/internal/client/auth.go:51.16,53.3 1 0
github.com/gatekey-project/gatekey/internal/client/auth.go:54.2,57.16 3 0
github.com/gatekey-project/gatekey/internal/client/auth.go:57.16,59.3 1 0
github.com/gatekey-project/gatekey/internal/client/auth.go:60.2,62.48 2 0
github.com/gatekey-project/gatekey/internal/client/auth.go:62.48,64.3 1 0
github.com/gatekey-project/gatekey/internal/client/auth.go:65.2,65.38 1 0
github.com/gatekey-project/gatekey/internal/client/auth.go:65.38,67.3 1 0
github.com/gatekey-project/gatekey/internal/client/auth.go:70.2,79.67 2 0
github.com/gatekey-project/gatekey/internal/client/auth.go:79.67,81.3 1 0
github.com/gatekey-project/gatekey/internal/client/auth.go:84.2,85.40 2 0
github.com/gatekey-project/gatekey/internal/client/auth.go:85.40,87.3 1 0
github.com/gatekey-project/gatekey/internal/client/auth.go:90.2,95.12 5 0
github.com/gatekey-project/gatekey/internal/client/auth.go:99.72,100.30 1 0
github.com/gatekey-project/gatekey/internal/client/auth.go:100.30,102.3 1 0
github.com/gatekey-project/gatekey/internal/client/auth.go:105.2,106.16 2 0
github.com/gatekey-project/gatekey/internal/client/auth.go:106.16,108.3 1 0
github.com/gatekey-project/gatekey/internal/client/auth.go:109.2,118.74 5 0
github.com/gatekey-project/gatekey/internal/client/auth.go:118.74,120.4 1 0
github.com/gatekey-project/gatekey/internal/client/auth.go:124.2,124.12 1 0
github.com/gatekey-project/gatekey/internal/client/auth.go:124.12,125.65 1 0
github.com/gatekey-project/gatekey/internal/client/auth.go:125.65,127.4 1 0
github.com/gatekey-project/gatekey/internal/client/auth.go:130.2,130.15 1 0
github.com/gatekey-project/gatekey/internal/client/auth.go:130.15,134.3 3 0
github.com/gatekey-project/gatekey/internal/client/auth.go:137.2,138.16 2 0
github.com/gatekey-project/gatekey/internal/client/auth.go:138.16,140.3 1 0
github.com/gatekey-project/gatekey/internal/client/auth.go:141.2,148.15 6 0
github.com/gatekey-project/gatekey/internal/client/auth.go:148.15,151.3 2 0
github.com/gatekey-project/gatekey/internal/client/auth.go:151.8,153.56 2 0
github.com/gatekey-project/gatekey/internal/client/auth.go:153.56,157.4 3 0
github.com/gatekey-project/gatekey/internal/client/auth.go:160.2,163.9 2 0
github.com/gatekey-project/gatekey/internal/client/auth.go:164.28,165.44 1 0
github.com/gatekey-project/gatekey/internal/client/auth.go:165.44,167.4 1 0
github.com/gatekey-project/gatekey/internal/client/auth.go:168.3,169.28 2 0
github.com/gatekey-project/gatekey/internal/client/auth.go:169.28,171.4 1 0
github.com/gatekey-project/gatekey/internal/client/auth.go:172.3,172.13 1 0
github.com/gatekey-project/gatekey/internal/client/auth.go:174.24,175.13 1 0
github.com/gatekey-project/gatekey/internal/client/auth.go:177.20,178.19 1 0
github.com/gatekey-project/gatekey/internal/client/auth.go:180.37,181.48 1 0
github.com/gatekey-project/gatekey/internal/client/auth.go:186.129,187.31 1 0
github.com/gatekey-project/gatekey/internal/client/auth.go:187.31,190.3 2 0
github.com/gatekey-project/gatekey/internal/client/auth.go:193.2,193.56 1 0
github.com/gatekey-project/gatekey/internal/client/auth.go:193.56,195.20 2 0
github.com/gatekey-project/gatekey/internal/client/auth.go:195.20,197.4 1 0
github.com/gatekey-project/gatekey/internal/client/auth.go:198.3,200.9 3 0
github.com/gatekey-project/gatekey/internal/client/auth.go:204.2,206.33 2 0
github.com/gatekey-project/gatekey/internal/client/auth.go:206.33,207.64 1 0
github.com/gatekey-project/gatekey/internal/client/auth.go:207.64,211.4 3 0
github.com/gatekey-project/gatekey/internal/client/auth.go:212.8,218.68 5 0
github.com/gatekey-project/gatekey/internal/client/auth.go:218.68,222.4 3 0
github.com/gatekey-project/gatekey/internal/client/auth.go:225.2,225.29 1 0
github.com/gatekey-project/gatekey/internal/client/auth.go:225.29,229.3 3 0
github.com/gatekey-project/gatekey/internal/client/auth.go:231.2,232.21 2 0
github.com/gatekey-project/gatekey/internal/client/auth.go:236.93,240.13 3 0
github.com/gatekey-project/gatekey/internal/client/auth.go:240.13,264.3 1 0
github.com/gatekey-project/gatekey/internal/client/auth.go:264.8,290.3 1 0
github.com/gatekey-project/gatekey/internal/client/auth.go:292.2,292.23 1 0
github.com/gatekey-project/gatekey/internal/client/auth.go:296.38,299.68 2 0
github.com/gatekey-project/gatekey/internal/client/auth.go:299.68,301.3 1 0
github.com/gatekey-project/gatekey/internal/client/auth.go:304.2,304.27 1 0
github.com/gatekey-project/gatekey/internal/client/auth.go:304.27,306.41 2 0
github.com/gatekey-project/gatekey/internal/client/auth.go:306.41,308.4 1 0
github.com/gatekey-project/gatekey/internal/client/auth.go:311.2,312.12 2 0
github.com/gatekey-project/gatekey/internal/client/auth.go:316.54,320.16 3 0
github.com/gatekey-project/gatekey/internal/client/auth.go:320.16,321.25 1 0
github.com/gatekey-project/gatekey/internal/client/auth.go:321.25,323.4 1 0
github.com/gatekey-project/gatekey/internal/client/auth.go:324.3,324.58 1 0
github.com/gatekey-project/gatekey/internal/client/auth.go:327.2,328.53 2 0
github.com/gatekey-project/gatekey/internal/client/auth.go:328.53,330.3 1 0
github.com/gatekey-project/gatekey/internal/client/auth.go:333.2,333.68 1 0
github.com/gatekey-project/gatekey/internal/client/auth.go:333.68,335.3 1 0
github.com/gatekey-project/gatekey/internal/client/auth.go:337.2,337.20 1 0
github.com/gatekey-project/gatekey/internal/client/auth.go:341.57,343.16 2 0
github.com/gatekey-project/gatekey/internal/client/auth.go:343.16,345.3 1 0
github.com/gatekey-project/gatekey/internal/client/auth.go:347.2,348.60 2 0
github.com/gatekey-project/gatekey/internal/client/auth.go:348.60,350.3 1 0
github.com/gatekey-project/gatekey/internal/client/auth.go:352.2,352.12 1 0
github.com/gatekey-project/gatekey/internal/client/auth.go:356.41,357.27 1 0
github.com/gatekey-project/gatekey/internal/client/auth.go:357.27,359.3 1 0
github.com/gatekey-project/gatekey/internal/client/auth.go:360.2,361.35 2 0
github.com/gatekey-project/gatekey/internal/client/auth.go:366.55,368.27 1 0
github.com/gatekey-project/gatekey/internal/client/auth.go:368.27,370.3 1 0
github.com/gatekey-project/gatekey/internal/client/auth.go:373.2,374.16 2 0
github.com/gatekey-project/gatekey/internal/client/auth.go:374.16,376.3 1 0
github.com/gatekey-project/gatekey/internal/client/auth.go:378.2,378.43 1 0
github.com/gatekey-project/gatekey/internal/client/auth.go:382.36,385.22 2 0
github.com/gatekey-project/gatekey/internal/client/auth.go:386.16,387.34 1 0
github.com/gatekey-project/gatekey/internal/client/auth.go:388.15,391.36 2 0
github.com/gatekey-project/gatekey/internal/client/auth.go:391.36,392.55 1 0
github.com/gatekey-project/gatekey/internal/client/auth.go:392.55,394.10 2 0
github.com/gatekey-project/gatekey/internal/client/auth.go:397.3,397.17 1 0
github.com/gatekey-project/gatekey/internal/client/auth.go:397.17,399.4 1 0
github.com/gatekey-project/gatekey/internal/client/auth.go:400.17,401.69 1 0
github.com/gatekey-project/gatekey/internal/client/auth.go:402.10,403.44 1 0
github.com/gatekey-project/gatekey/internal/client/auth.go:406.2,406.20 1 0
github.com/gatekey-project/gatekey/internal/client/auth.go:410.63,412.16 2 0
github.com/gatekey-project/gatekey/internal/client/auth.go:412.16,414.3 1 0
github.com/gatekey-project/gatekey/internal/client/auth.go:416.2,416.30 1 0
github.com/gatekey-project/gatekey/internal/client/auth.go:416.30,418.3 1 0
github.com/gatekey-project/gatekey/internal/client/auth.go:421.2,422.16 2 0
github.com/gatekey-project/gatekey/internal/client/auth.go:422.16,424.3 1 0
github.com/gatekey-project/gatekey/internal/client/auth.go:425.2,431.16 4 0
github.com/gatekey-project/gatekey/internal/client/auth.go:431.16,433.3 1 0
github.com/gatekey-project/gatekey/internal/client/auth.go:434.2,437.16 3 0
github.com/gatekey-project/gatekey/internal/client/auth.go:437.16,439.3 1 0
github.com/gatekey-project/gatekey/internal/client/auth.go:440.2,442.38 2 0
github.com/gatekey-project/gatekey/internal/client/auth.go:442.38,444.3 1 0
github.com/gatekey-project/gatekey/internal/client/auth.go:446.2,447.69 2 0
github.com/gatekey-project/gatekey/internal/client/auth.go:447.69,449.3 1 0
github.com/gatekey-project/gatekey/internal/client/auth.go:452.2,452.30 1 0
github.com/gatekey-project/gatekey/internal/client/auth.go:452.30,454.3 1 0
github.com/gatekey-project/gatekey/internal/client/auth.go:455.2,455.29 1 0
github.com/gatekey-project/gatekey/internal/client/auth.go:455.29,457.3 1 0
github.com/gatekey-project/gatekey/internal/client/auth.go:459.2,459.31 1 0
github.com/gatekey-project/gatekey/internal/client/config.go:28.30,39.2 3 0
github.com/gatekey-project/gatekey/internal/client/config.go:42.53,46.22 2 0
github.com/gatekey-project/gatekey/internal/client/config.go:46.22,48.17 2 0
github.com/gatekey-project/gatekey/internal/client/config.go:48.17,50.4 1 0
github.com/gatekey-project/gatekey/internal/client/config.go:51.3,51.65 1 0
github.com/gatekey-project/gatekey/internal/client/config.go:54.2,58.55 3 0
github.com/gatekey-project/gatekey/internal/client/config.go:58.55,60.3 1 0
github.com/gatekey-project/gatekey/internal/client/config.go:63.2,64.16 2 0
github.com/gatekey-project/gatekey/internal/client/config.go:64.16,65.25 1 0
github.com/gatekey-project/gatekey/internal/client/config.go:65.25,68.4 1 0
github.com/gatekey-project/gatekey/internal/client/config.go:69.3,69.59 1 0
github.com/gatekey-project/gatekey/internal/client/config.go:72.2,72.50 1 0
github.com/gatekey-project/gatekey/internal/client/config.go:72.50,74.3 1 0
github.com/gatekey-project/gatekey/internal/client/config.go:77.2,77.59 1 0
github.com/gatekey-project/gatekey/internal/client/config.go:77.59,79.3 1 0
github.com/gatekey-project/gatekey/internal/client/config.go:81.2,81.17 1 0
github.com/gatekey-project/gatekey/internal/client/config.go:85.60,89.22 3 0
github.com/gatekey-project/gatekey/internal/client/config.go:89.22,91.17 2 0
github.com/gatekey-project/gatekey/internal/client/config.go:91.17,93.4 1 0
github.com/gatekey-project/gatekey/internal/client/config.go:94.3,94.65 1 0
github.com/gatekey-project/gatekey/internal/client/config.go:97.2,101.55 3 0
github.com/gatekey-project/gatekey/internal/client/config.go:101.55,103.3 1 0
github.com/gatekey-project/gatekey/internal/client/config.go:105.2,105.57 1 0
github.com/gatekey-project/gatekey/internal/client/config.go:105.57,107.3 1 0
github.com/gatekey-project/gatekey/internal/client/config.go:109.2,109.35 1 0
github.com/gatekey-project/gatekey/internal/client/config.go:109.35,111.3 1 0
github.com/gatekey-project/gatekey/internal/client/config.go:113.2,115.12 3 0
github.com/gatekey-project/gatekey/internal/client/config.go:119.31,121.16 2 0
github.com/gatekey-project/gatekey/internal/client/config.go:121.16,123.3 1 0
github.com/gatekey-project/gatekey/internal/client/config.go:125.2,125.63 1 0
github.com/gatekey-project/gatekey/internal/client/config.go:125.63,127.3 1 0
github.com/gatekey-project/gatekey/internal/client/config.go:129.2,129.12 1 0
github.com/gatekey-project/gatekey/internal/client/config.go:133.47,136.13 2 0
github.com/gatekey-project/gatekey/internal/client/config.go:137.30,138.22 1 0
github.com/gatekey-project/gatekey/internal/client/config.go:139.35,140.26 1 0
github.com/gatekey-project/gatekey/internal/client/config.go:141.39,142.28 1 0
github.com/gatekey-project/gatekey/internal/client/config.go:143.20,144.22 1 0
github.com/gatekey-project/gatekey/internal/client/config.go:145.19,146.21 1 0
github.com/gatekey-project/gatekey/internal/client/config.go:147.17,148.19 1 0
github.com/gatekey-project/gatekey/internal/client/config.go:149.10,150.58 1 0
github.com/gatekey-project/gatekey/internal/client/config.go:153.2,153.33 1 0
github.com/gatekey-project/gatekey/internal/client/config.go:153.33,155.3 1 0
github.com/gatekey-project/gatekey/internal/client/config.go:157.2,158.12 2 0
github.com/gatekey-project/gatekey/internal/client/config.go:162.32,172.2 9 0
github.com/gatekey-project/gatekey/internal/client/config.go:175.35,177.2 1 0
github.com/gatekey-project/gatekey/internal/client/config.go:180.37,182.2 1 0
github.com/gatekey-project/gatekey/internal/client/config.go:185.35,187.2 1 0
github.com/gatekey-project/gatekey/internal/client/config.go:190.35,192.2 1 0
github.com/gatekey-project/gatekey/internal/client/config.go:195.45,197.2 1 0
github.com/gatekey-project/gatekey/internal/client/config.go:200.41,202.2 1 0
github.com/gatekey-project/gatekey/internal/client/config.go:205.60,207.2 1 0
github.com/gatekey-project/gatekey/internal/client/config.go:210.60,212.2 1 0
github.com/gatekey-project/gatekey/internal/client/config.go:215.63,217.2 1 0
github.com/gatekey-project/gatekey/internal/client/config.go:220.65,222.2 1 0
github.com/gatekey-project/gatekey/internal/client/config.go:225.62,227.2 1 0
github.com/gatekey-project/gatekey/internal/client/fips.go:21.34,30.29 6 0
github.com/gatekey-project/gatekey/internal/client/fips.go:30.29,33.24 3 0
github.com/gatekey-project/gatekey/internal/client/fips.go:33.24,35.4 1 0
github.com/gatekey-project/gatekey/internal/client/fips.go:39.2,41.23 3 0
github.com/gatekey-project/gatekey/internal/client/fips.go:41.23,43.3 1 0
github.com/gatekey-project/gatekey/internal/client/fips.go:46.2,48.23 3 0
github.com/gatekey-project/gatekey/internal/client/fips.go:48.23,50.3 1 0
github.com/gatekey-project/gatekey/internal/client/fips.go:53.2,59.28 5 0
github.com/gatekey-project/gatekey/internal/client/fips.go:59.28,61.19 2 0
github.com/gatekey-project/gatekey/internal/client/fips.go:61.19,63.4 1 0
github.com/gatekey-project/gatekey/internal/client/fips.go:64.3,65.26 2 0
github.com/gatekey-project/gatekey/internal/client/fips.go:65.26,67.4 1 0
github.com/gatekey-project/gatekey/internal/client/fips.go:70.2,84.18 11 0
github.com/gatekey-project/gatekey/internal/client/fips.go:84.18,87.3 2 0
github.com/gatekey-project/gatekey/internal/client/fips.go:87.8,91.3 3 0
github.com/gatekey-project/gatekey/internal/client/fips.go:93.2,93.12 1 0
github.com/gatekey-project/gatekey/internal/client/fips.go:97.36,101.22 3 0
github.com/gatekey-project/gatekey/internal/client/fips.go:102.15,105.17 2 0
github.com/gatekey-project/gatekey/internal/client/fips.go:106.17,116.35 10 0
github.com/gatekey-project/gatekey/internal/client/fips.go:117.47,129.35 12 0
github.com/gatekey-project/gatekey/internal/client/fips.go:130.17,143.50 13 0
github.com/gatekey-project/gatekey/internal/client/fips.go:144.17,152.76 8 0
github.com/gatekey-project/gatekey/internal/client/fips.go:153.11,161.67 8 0
github.com/gatekey-project/gatekey/internal/client/fips.go:163.16,176.87 13 0
github.com/gatekey-project/gatekey/internal/client/fips.go:177.17,189.36 12 0
github.com/gatekey-project/gatekey/internal/client/fips.go:190.10,191.79 1 0
github.com/gatekey-project/gatekey/internal/client/fips.go:194.2,195.63 2 0
github.com/gatekey-project/gatekey/internal/client/fips.go:199.33,201.16 2 0
github.com/gatekey-project/gatekey/internal/client/fips.go:201.16,203.3 1 0
github.com/gatekey-project/gatekey/internal/client/fips.go:205.2,207.9 2 0
github.com/gatekey-project/gatekey/internal/client/fips.go:208.43,209.18 1 0
github.com/gatekey-project/gatekey/internal/client/fips.go:210.81,211.16 1 0
github.com/gatekey-project/gatekey/internal/client/fips.go:212.43,213.18 1 0
github.com/gatekey-project/gatekey/internal/client/fips.go:214.42,215.17 1 0
github.com/gatekey-project/gatekey/internal/client/fips.go:216.46,217.21 1 0
github.com/gatekey-project/gatekey/internal/client/fips.go:218.43,219.18 1 0
github.com/gatekey-project/gatekey/internal/client/fips.go:220.43,221.18 1 0
github.com/gatekey-project/gatekey/internal/client/fips.go:222.10,223.19 1 0
github.com/gatekey-project/gatekey/internal/client/fips.go:229.29,231.29 1 0
github.com/gatekey-project/gatekey/internal/client/fips.go:231.29,233.59 2 0
github.com/gatekey-project/gatekey/internal/client/fips.go:233.59,235.4 1 0
github.com/gatekey-project/gatekey/internal/client/fips.go:240.2,242.60 3 0
github.com/gatekey-project/gatekey/internal/client/fips.go:242.60,244.3 1 0
github.com/gatekey-project/gatekey/internal/client/fips.go:246.2,246.14 1 0
github.com/gatekey-project/gatekey/internal/client/fips.go:250.38,259.16 3 0
github.com/gatekey-project/gatekey/internal/client/fips.go:259.16,262.3 2 0
github.com/gatekey-project/gatekey/internal/client/fips.go:264.2,264.44 1 0
github.com/gatekey-project/gatekey/internal/client/fips.go:264.44,268.3 3 0
github.com/gatekey-project/gatekey/internal/client/fips.go:268.8,270.3 1 0
github.com/gatekey-project/gatekey/internal/client/fips.go:272.2,272.15 1 0
github.com/gatekey-project/gatekey/internal/client/fips.go:276.36,286.16 4 0
github.com/gatekey-project/gatekey/internal/client/fips.go:286.16,290.3 3 0
github.com/gatekey-project/gatekey/internal/client/fips.go:292.2,295.97 2 0
github.com/gatekey-project/gatekey/internal/client/fips.go:295.97,299.3 3 0
github.com/gatekey-project/gatekey/internal/client/fips.go:299.8,303.69 3 0
github.com/gatekey-project/gatekey/internal/client/fips.go:303.69,307.4 3 0
github.com/gatekey-project/gatekey/internal/client/fips.go:307.9,310.4 2 0
github.com/gatekey-project/gatekey/internal/client/fips.go:314.2,315.20 2 0
github.com/gatekey-project/gatekey/internal/client/fips.go:315.20,317.3 1 0
github.com/gatekey-project/gatekey/internal/client/fips.go:319.2,319.15 1 0
github.com/gatekey-project/gatekey/internal/client/fips.go:323.39,332.16 3 0
github.com/gatekey-project/gatekey/internal/client/fips.go:332.16,336.3 3 0
github.com/gatekey-project/gatekey/internal/client/fips.go:339.2,347.16 7 0
github.com/gatekey-project/gatekey/internal/client/fips.go:347.16,351.3 3 0
github.com/gatekey-project/gatekey/internal/client/fips.go:353.2,357.37 4 0
github.com/gatekey-project/gatekey/internal/client/fips.go:357.37,358.42 1 0
github.com/gatekey-project/gatekey/internal/client/fips.go:358.42,360.4 1 0
github.com/gatekey-project/gatekey/internal/client/fips.go:363.2,363.28 1 0
github.com/gatekey-project/gatekey/internal/client/fips.go:363.28,367.3 3 0
github.com/gatekey-project/gatekey/internal/client/fips.go:367.8,370.3 2 0
github.com/gatekey-project/gatekey/internal/client/fips.go:372.2,372.15 1 0
github.com/gatekey-project/gatekey/internal/client/fips.go:376.33,388.2 3 0
github.com/gatekey-project/gatekey/internal/client/vpn.go:60.48,65.2 1 0
github.com/gatekey-project/gatekey/internal/client/vpn.go:68.77,73.23 2 0
github.com/gatekey-project/gatekey/internal/client/vpn.go:73.23,74.84 1 0
github.com/gatekey-project/gatekey/internal/client/vpn.go:74.84,75.34 1 0
github.com/gatekey-project/gatekey/internal/client/vpn.go:75.34,77.5 1 0
github.com/gatekey-project/gatekey/internal/client/vpn.go:79.4,79.47 1 0
github.com/gatekey-project/gatekey/internal/client/vpn.go:84.2,88.16 3 0
github.com/gatekey-project/gatekey/internal/client/vpn.go:88.16,90.3 1 0
github.com/gatekey-project/gatekey/internal/client/vpn.go:93.2,93.70 1 0
github.com/gatekey-project/gatekey/internal/client/vpn.go:93.70,95.3 1 0
github.com/gatekey-project/gatekey/internal/client/vpn.go:98.2,99.16 2 0
github.com/gatekey-project/gatekey/internal/client/vpn.go:99.16,101.3 1 0
github.com/gatekey-project/gatekey/internal/client/vpn.go:103.2,103.24 1 0
github.com/gatekey-project/gatekey/internal/client/vpn.go:103.24,105.3 1 0
github.com/gatekey-project/gatekey/internal/client/vpn.go:108.2,109.23 2 0
github.com/gatekey-project/gatekey/internal/client/vpn.go:109.23,110.25 1 0
github.com/gatekey-project/gatekey/internal/client/vpn.go:110.25,112.4 1 0
github.com/gatekey-project/gatekey/internal/client/vpn.go:112.9,114.4 1 0
github.com/gatekey-project/gatekey/internal/client/vpn.go:115.8,116.27 1 0
github.com/gatekey-project/gatekey/internal/client/vpn.go:116.27,117.89 1 0
github.com/gatekey-project/gatekey/internal/client/vpn.go:117.89,119.10 2 0
github.com/gatekey-project/gatekey/internal/client/vpn.go:122.3,122.29 1 0
github.com/gatekey-project/gatekey/internal/client/vpn.go:122.29,124.4 1 0
github.com/gatekey-project/gatekey/internal/client/vpn.go:128.2,128.92 1 0
github.com/gatekey-project/gatekey/internal/client/vpn.go:128.92,129.33 1 0
github.com/gatekey-project/gatekey/internal/client/vpn.go:129.33,131.4 1 0
github.com/gatekey-project/gatekey/internal/client/vpn.go:135.2,136.23 2 0
github.com/gatekey-project/gatekey/internal/client/vpn.go:136.23,138.3 1 0
github.com/gatekey-project/gatekey/internal/client/vpn.go:140.2,140.32 1 0
github.com/gatekey-project/gatekey/internal/client/vpn.go:140.32,142.3 1 0
github.com/gatekey-project/gatekey/internal/client/vpn.go:145.2,153.16 5 0
github.com/gatekey-project/gatekey/internal/client/vpn.go:153.16,155.3 1 0
github.com/gatekey-project/gatekey/internal/client/vpn.go:158.2,159.16 2 0
github.com/gatekey-project/gatekey/internal/client/vpn.go:159.16,161.3 1 0
github.com/gatekey-project/gatekey/internal/client/vpn.go:164.2,175.53 3 0
github.com/gatekey-project/gatekey/internal/client/vpn.go:175.53,177.51 1 0
github.com/gatekey-project/gatekey/internal/client/vpn.go:177.51,179.4 1 0
github.com/gatekey-project/gatekey/internal/client/vpn.go:180.3,180.64 1 0
github.com/gatekey-project/gatekey/internal/client/vpn.go:183.2,185.12 3 0
github.com/gatekey-project/gatekey/internal/client/vpn.go:189.83,193.46 2 0
github.com/gatekey-project/gatekey/internal/client/vpn.go:193.46,194.48 1 0
github.com/gatekey-project/gatekey/internal/client/vpn.go:194.48,196.74 2 0
github.com/gatekey-project/gatekey/internal/client/vpn.go:196.74,198.5 1 0
github.com/gatekey-project/gatekey/internal/client/vpn.go:203.2,203.59 1 0
github.com/gatekey-project/gatekey/internal/client/vpn.go:203.59,205.30 2 0
github.com/gatekey-project/gatekey/internal/client/vpn.go:205.30,207.38 2 0
github.com/gatekey-project/gatekey/internal/client/vpn.go:207.38,209.24 2 0
github.com/gatekey-project/gatekey/internal/client/vpn.go:209.24,211.67 2 0
github.com/gatekey-project/gatekey/internal/client/vpn.go:211.67,213.7 1 0
github.com/gatekey-project/gatekey/internal/client/vpn.go:220.2,220.27 1 0
github.com/gatekey-project/gatekey/internal/client/vpn.go:220.27,221.15 1 0
github.com/gatekey-project/gatekey/internal/client/vpn.go:221.15,223.4 1 0
github.com/gatekey-project/gatekey/internal/client/vpn.go:225.2,225.10 1 0
github.com/gatekey-project/gatekey/internal/client/vpn.go:229.80,230.49 1 0
github.com/gatekey-project/gatekey/internal/client/vpn.go:230.49,231.52 1 0
github.com/gatekey-project/gatekey/internal/client/vpn.go:231.52,233.31 1 0
github.com/gatekey-project/gatekey/internal/client/vpn.go:233.31,234.40 1 0
github.com/gatekey-project/gatekey/internal/client/vpn.go:234.40,239.6 3 0
github.com/gatekey-project/gatekey/internal/client/vpn.go:239.11,242.6 1 0
github.com/gatekey-project/gatekey/internal/client/vpn.go:244.4,244.40 1 0
github.com/gatekey-project/gatekey/internal/client/vpn.go:250.41,252.2 1 0
github.com/gatekey-project/gatekey/internal/client/vpn.go:255.66,258.38 2 0
github.com/gatekey-project/gatekey/internal/client/vpn.go:258.38,261.25 2 0
github.com/gatekey-project/gatekey/internal/client/vpn.go:261.25,263.4 1 0
github.com/gatekey-project/gatekey/internal/client/vpn.go:265.3,265.32 1 0
github.com/gatekey-project/gatekey/internal/client/vpn.go:265.32,267.4 1 0
github.com/gatekey-project/gatekey/internal/client/vpn.go:268.3,270.13 3 0
github.com/gatekey-project/gatekey/internal/client/vpn.go:274.2,274.23 1 0
github.com/gatekey-project/gatekey/internal/client/vpn.go:274.23,276.3 1 0
github.com/gatekey-project/gatekey/internal/client/vpn.go:279.2,280.13 2 0
github.com/gatekey-project/gatekey/internal/client/vpn.go:280.13,282.47 1 0
github.com/gatekey-project/gatekey/internal/client/vpn.go:282.47,283.44 1 0
github.com/gatekey-project/gatekey/internal/client/vpn.go:283.44,287.10 4 0
github.com/gatekey-project/gatekey/internal/client/vpn.go:292.2,292.13 1 0
github.com/gatekey-project/gatekey/internal/client/vpn.go:292.13,294.3 1 0
github.com/gatekey-project/gatekey/internal/client/vpn.go:297.2,304.12 5 0
github.com/gatekey-project/gatekey/internal/client/vpn.go:308.76,309.38 1 0
github.com/gatekey-project/gatekey/internal/client/vpn.go:309.38,311.3 1 0
github.com/gatekey-project/gatekey/internal/client/vpn.go:313.2,314.49 2 0
github.com/gatekey-project/gatekey/internal/client/vpn.go:314.49,317.3 2 0
github.com/gatekey-project/gatekey/internal/client/vpn.go:320.2,323.28 3 0
github.com/gatekey-project/gatekey/internal/client/vpn.go:323.28,325.3 1 0
github.com/gatekey-project/gatekey/internal/client/vpn.go:325.8,327.3 1 0
github.com/gatekey-project/gatekey/internal/client/vpn.go:328.2,328.12 1 0
github.com/gatekey-project/gatekey/internal/client/vpn.go:332.82,334.37 1 0
github.com/gatekey-project/gatekey/internal/client/vpn.go:334.37,337.3 2 0
github.com/gatekey-project/gatekey/internal/client/vpn.go:341.2,341.18 1 0
github.com/gatekey-project/gatekey/internal/client/vpn.go:341.18,343.17 2 0
github.com/gatekey-project/gatekey/internal/client/vpn.go:343.17,345.55 1 0
github.com/gatekey-project/gatekey/internal/client/vpn.go:345.55,346.67 1 0
github.com/gatekey-project/gatekey/internal/client/vpn.go:346.67,348.6 1 0
github.com/gatekey-project/gatekey/internal/client/vpn.go:349.10,351.37 2 0
github.com/gatekey-project/gatekey/internal/client/vpn.go:351.37,353.6 1 0
github.com/gatekey-project/gatekey/internal/client/vpn.go:359.2,360.54 2 0
github.com/gatekey-project/gatekey/internal/client/vpn.go:360.54,361.79 1 0
github.com/gatekey-project/gatekey/internal/client/vpn.go:361.79,362.52 1 0
github.com/gatekey-project/gatekey/internal/client/vpn.go:362.52,364.5 1 0
github.com/gatekey-project/gatekey/internal/client/vpn.go:369.2,372.29 2 0
github.com/gatekey-project/gatekey/internal/client/vpn.go:372.29,374.3 1 0
github.com/gatekey-project/gatekey/internal/client/vpn.go:377.2,379.49 3 0
github.com/gatekey-project/gatekey/internal/client/vpn.go:383.45,387.46 3 0
github.com/gatekey-project/gatekey/internal/client/vpn.go:387.46,388.80 1 0
github.com/gatekey-project/gatekey/internal/client/vpn.go:388.80,390.4 1 0
github.com/gatekey-project/gatekey/internal/client/vpn.go:394.2,395.16 2 0
github.com/gatekey-project/gatekey/internal/client/vpn.go:395.16,397.3 1 0
github.com/gatekey-project/gatekey/internal/client/vpn.go:399.2,400.29 2 0
github.com/gatekey-project/gatekey/internal/client/vpn.go:400.29,402.37 2 0
github.com/gatekey-project/gatekey/internal/client/vpn.go:402.37,404.23 2 0
github.com/gatekey-project/gatekey/internal/client/vpn.go:404.23,407.34 2 0
github.com/gatekey-project/gatekey/internal/client/vpn.go:407.34,409.6 1 0
github.com/gatekey-project/gatekey/internal/client/vpn.go:417.59,423.16 4 0
github.com/gatekey-project/gatekey/internal/client/vpn.go:423.16,425.3 1 0
github.com/gatekey-project/gatekey/internal/client/vpn.go:427.2,427.32 1 0
github.com/gatekey-project/gatekey/internal/client/vpn.go:427.32,430.17 2 0
github.com/gatekey-project/gatekey/internal/client/vpn.go:430.17,431.12 1 0
github.com/gatekey-project/gatekey/internal/client/vpn.go:435.3,437.17 3 0
github.com/gatekey-project/gatekey/internal/client/vpn.go:437.17,438.12 1 0
github.com/gatekey-project/gatekey/internal/client/vpn.go:441.3,444.87 2 0
github.com/gatekey-project/gatekey/internal/client/vpn.go:444.87,446.4 1 0
github.com/gatekey-project/gatekey/internal/client/vpn.go:449.2,449.17 1 0
github.com/gatekey-project/gatekey/internal/client/vpn.go:454.43,456.16 2 0
github.com/gatekey-project/gatekey/internal/client/vpn.go:456.16,458.3 1 0
github.com/gatekey-project/gatekey/internal/client/vpn.go:461.2,462.16 2 0
github.com/gatekey-project/gatekey/internal/client/vpn.go:462.16,463.64 1 0
github.com/gatekey-project/gatekey/internal/client/vpn.go:463.64,465.4 1 0
github.com/gatekey-project/gatekey/internal/client/vpn.go:467.3,467.63 1 0
github.com/gatekey-project/gatekey/internal/client/vpn.go:467.63,471.31 4 0
github.com/gatekey-project/gatekey/internal/client/vpn.go:471.31,473.5 1 0
github.com/gatekey-project/gatekey/internal/client/vpn.go:474.4,474.10 1 0
github.com/gatekey-project/gatekey/internal/client/vpn.go:477.3,478.9 2 0
github.com/gatekey-project/gatekey/internal/client/vpn.go:482.2,485.29 2 0
github.com/gatekey-project/gatekey/internal/client/vpn.go:485.29,487.3 1 0
github.com/gatekey-project/gatekey/internal/client/vpn.go:491.61,497.16 3 0
github.com/gatekey-project/gatekey/internal/client/vpn.go:497.16,499.3 1 0
github.com/gatekey-project/gatekey/internal/client/vpn.go:502.2,502.92 1 0
github.com/gatekey-project/gatekey/internal/client/vpn.go:502.92,504.3 1 0
github.com/gatekey-project/gatekey/internal/client/vpn.go:508.2,510.113 3 0
github.com/gatekey-project/gatekey/internal/client/vpn.go:510.113,512.3 1 0
github.com/gatekey-project/gatekey/internal/client/vpn.go:514.2,514.19 1 0
github.com/gatekey-project/gatekey/internal/client/vpn.go:518.72,520.16 2 0
github.com/gatekey-project/gatekey/internal/client/vpn.go:520.16,522.3 1 0
github.com/gatekey-project/gatekey/internal/client/vpn.go:523.2,523.59 1 0
github.com/gatekey-project/gatekey/internal/client/vpn.go:527.127,536.16 6 0
github.com/gatekey-project/gatekey/internal/client/vpn.go:536.16,538.3 1 0
github.com/gatekey-project/gatekey/internal/client/vpn.go:539.2,543.16 4 0
github.com/gatekey-project/gatekey/internal/client/vpn.go:543.16,545.3 1 0
github.com/gatekey-project/gatekey/internal/client/vpn.go:546.2,548.38 2 0
github.com/gatekey-project/gatekey/internal/client/vpn.go:548.38,551.3 2 0
github.com/gatekey-project/gatekey/internal/client/vpn.go:553.2,558.71 2 0
github.com/gatekey-project/gatekey/internal/client/vpn.go:558.71,560.3 1 0
github.com/gatekey-project/gatekey/internal/client/vpn.go:563.2,565.16 3 0
github.com/gatekey-project/gatekey/internal/client/vpn.go:565.16,567.3 1 0
github.com/gatekey-project/gatekey/internal/client/vpn.go:568.2,571.16 3 0
github.com/gatekey-project/gatekey/internal/client/vpn.go:571.16,573.3 1 0
github.com/gatekey-project/gatekey/internal/client/vpn.go:574.2,576.46 2 0
github.com/gatekey-project/gatekey/internal/client/vpn.go:576.46,579.3 2 0
github.com/gatekey-project/gatekey/internal/client/vpn.go:581.2,582.16 2 0
github.com/gatekey-project/gatekey/internal/client/vpn.go:582.16,584.3 1 0
github.com/gatekey-project/gatekey/internal/client/vpn.go:586.2,586.67 1 0
github.com/gatekey-project/gatekey/internal/client/vpn.go:586.67,588.3 1 0
github.com/gatekey-project/gatekey/internal/client/vpn.go:590.2,590.24 1 0
github.com/gatekey-project/gatekey/internal/client/vpn.go:594.95,597.16 3 0
github.com/gatekey-project/gatekey/internal/client/vpn.go:597.16,599.3 1 0
github.com/gatekey-project/gatekey/internal/client/vpn.go:600.2,604.16 4 0
github.com/gatekey-project/gatekey/internal/client/vpn.go:604.16,606.3 1 0
github.com/gatekey-project/gatekey/internal/client/vpn.go:607.2,609.38 2 0
github.com/gatekey-project/gatekey/internal/client/vpn.go:609.38,611.3 1 0
github.com/gatekey-project/gatekey/internal/client/vpn.go:613.2,617.71 2 0
github.com/gatekey-project/gatekey/internal/client/vpn.go:617.71,619.3 1 0
github.com/gatekey-project/gatekey/internal/client/vpn.go:621.2,621.28 1 0
github.com/gatekey-project/gatekey/internal/client/vpn.go:621.28,622.25 1 0
github.com/gatekey-project/gatekey/internal/client/vpn.go:622.25,641.4 18 0
github.com/gatekey-project/gatekey/internal/client/vpn.go:642.3,642.52 1 0
github.com/gatekey-project/gatekey/internal/client/vpn.go:645.2,645.12 1 0
github.com/gatekey-project/gatekey/internal/client/vpn.go:649.104,651.16 2 0
github.com/gatekey-project/gatekey/internal/client/vpn.go:651.16,653.3 1 0
github.com/gatekey-project/gatekey/internal/client/vpn.go:655.2,659.62 3 0
github.com/gatekey-project/gatekey/internal/client/vpn.go:659.63,661.3 0 0
github.com/gatekey-project/gatekey/internal/client/vpn.go:663.2,675.15 4 0
github.com/gatekey-project/gatekey/internal/client/vpn.go:675.15,679.3 3 0
github.com/gatekey-project/gatekey/internal/client/vpn.go:679.8,681.3 1 0
github.com/gatekey-project/gatekey/internal/client/vpn.go:683.2,687.36 4 0
github.com/gatekey-project/gatekey/internal/client/vpn.go:687.36,689.3 1 0
github.com/gatekey-project/gatekey/internal/client/vpn.go:691.2,691.35 1 0
github.com/gatekey-project/gatekey/internal/client/vpn.go:691.35,692.83 1 0
github.com/gatekey-project/gatekey/internal/client/vpn.go:692.83,694.4 1 0
github.com/gatekey-project/gatekey/internal/client/vpn.go:695.3,695.59 1 0
github.com/gatekey-project/gatekey/internal/client/vpn.go:698.2,701.16 3 0
github.com/gatekey-project/gatekey/internal/client/vpn.go:701.16,702.83 1 0
github.com/gatekey-project/gatekey/internal/client/vpn.go:702.83,705.22 3 0
github.com/gatekey-project/gatekey/internal/client/vpn.go:705.22,707.5 1 0
github.com/gatekey-project/gatekey/internal/client/vpn.go:708.4,708.92 1 0
github.com/gatekey-project/gatekey/internal/client/vpn.go:710.3,710.69 1 0
github.com/gatekey-project/gatekey/internal/client/vpn.go:713.2,714.16 2 0
github.com/gatekey-project/gatekey/internal/client/vpn.go:714.16,716.3 1 0
github.com/gatekey-project/gatekey/internal/client/vpn.go:719.2,719.15 1 0
github.com/gatekey-project/gatekey/internal/client/vpn.go:719.15,721.3 1 0
github.com/gatekey-project/gatekey/internal/client/vpn.go:723.2,723.17 1 0
github.com/gatekey-project/gatekey/internal/client/vpn.go:727.52,733.46 4 0
github.com/gatekey-project/gatekey/internal/client/vpn.go:733.46,734.51 1 0
github.com/gatekey-project/gatekey/internal/client/vpn.go:734.51,736.4 1 0
github.com/gatekey-project/gatekey/internal/client/vpn.go:739.2,739.22 1 0
github.com/gatekey-project/gatekey/internal/client/vpn.go:739.22,740.17 1 0
github.com/gatekey-project/gatekey/internal/client/vpn.go:740.17,745.4 1 0
github.com/gatekey-project/gatekey/internal/client/vpn.go:745.9,747.4 1 0
github.com/gatekey-project/gatekey/internal/client/vpn.go:748.3,748.13 1 0
github.com/gatekey-project/gatekey/internal/client/vpn.go:751.2,751.16 1 0
github.com/gatekey-project/gatekey/internal/client/vpn.go:751.16,753.47 2 0
github.com/gatekey-project/gatekey/internal/client/vpn.go:753.47,754.52 1 0
github.com/gatekey-project/gatekey/internal/client/vpn.go:754.52,757.5 2 0
github.com/gatekey-project/gatekey/internal/client/vpn.go:759.3,762.5 1 0
github.com/gatekey-project/gatekey/internal/client/vpn.go:766.2,766.22 1 0
github.com/gatekey-project/gatekey/internal/client/vpn.go:766.22,768.47 1 0
github.com/gatekey-project/gatekey/internal/client/vpn.go:768.47,769.52 1 0
github.com/gatekey-project/gatekey/internal/client/vpn.go:769.52,771.10 2 0
github.com/gatekey-project/gatekey/internal/client/vpn.go:774.8,777.50 2 0
github.com/gatekey-project/gatekey/internal/client/vpn.go:777.50,778.52 1 0
github.com/gatekey-project/gatekey/internal/client/vpn.go:778.52,782.37 4 0
github.com/gatekey-project/gatekey/internal/client/vpn.go:782.37,784.6 1 0
github.com/gatekey-project/gatekey/internal/client/vpn.go:784.11,784.40 1 0
github.com/gatekey-project/gatekey/internal/client/vpn.go:784.40,786.6 1 0
github.com/gatekey-project/gatekey/internal/client/vpn.go:787.5,788.22 2 0
github.com/gatekey-project/gatekey/internal/client/vpn.go:788.22,790.6 1 0
github.com/gatekey-project/gatekey/internal/client/vpn.go:791.5,794.27 4 0
github.com/gatekey-project/gatekey/internal/client/vpn.go:794.27,796.6 1 0
github.com/gatekey-project/gatekey/internal/client/vpn.go:797.5,798.45 2 0
github.com/gatekey-project/gatekey/internal/client/vpn.go:798.45,800.6 1 0
github.com/gatekey-project/gatekey/internal/client/vpn.go:801.5,801.18 1 0
github.com/gatekey-project/gatekey/internal/client/vpn.go:806.2,806.12 1 0
github.com/gatekey-project/gatekey/internal/client/vpn.go:810.67,811.37 1 0
github.com/gatekey-project/gatekey/internal/client/vpn.go:811.37,813.3 1 0
github.com/gatekey-project/gatekey/internal/client/vpn.go:813.8,815.3 1 0
github.com/gatekey-project/gatekey/internal/client/vpn.go:819.72,820.37 1 0
github.com/gatekey-project/gatekey/internal/client/vpn.go:820.37,822.3 1 0
github.com/gatekey-project/gatekey/internal/client/vpn.go:823.2,823.52 1 0
github.com/gatekey-project/gatekey/internal/client/vpn.go:827.72,832.19 4 0
github.com/gatekey-project/gatekey/internal/client/vpn.go:832.19,834.3 1 0
github.com/gatekey-project/gatekey/internal/client/vpn.go:836.2,836.22 1 0
github.com/gatekey-project/gatekey/internal/client/vpn.go:837.19,838.35 1 0
github.com/gatekey-project/gatekey/internal/client/vpn.go:839.20,844.43 5 0
github.com/gatekey-project/gatekey/internal/client/vpn.go:844.43,848.4 3 0
github.com/gatekey-project/gatekey/internal/client/vpn.go:849.3,849.9 1 0
github.com/gatekey-project/gatekey/internal/client/vpn.go:850.16,855.43 5 0
github.com/gatekey-project/gatekey/internal/client/vpn.go:855.43,859.4 3 0
github.com/gatekey-project/gatekey/internal/client/vpn.go:860.3,860.9 1 0
github.com/gatekey-project/gatekey/internal/client/vpn.go:863.2,868.24 6 0
github.com/gatekey-project/gatekey/internal/client/vpn.go:868.24,870.3 1 0
github.com/gatekey-project/gatekey/internal/client/vpn.go:871.2,871.25 1 0
github.com/gatekey-project/gatekey/internal/client/vpn.go:871.25,873.3 1 0
github.com/gatekey-project/gatekey/internal/client/vpn.go:874.2,874.42 1 0
github.com/gatekey-project/gatekey/internal/client/vpn.go:874.42,876.3 1 0
github.com/gatekey-project/gatekey/internal/client/vpn.go:877.2,877.43 1 0
github.com/gatekey-project/gatekey/internal/client/vpn.go:877.43,879.3 1 0
github.com/gatekey-project/gatekey/internal/client/vpn.go:881.2,882.21 2 0
github.com/gatekey-project/gatekey/internal/client/vpn.go:882.21,884.32 2 0
github.com/gatekey-project/gatekey/internal/client/vpn.go:884.32,886.4 1 0
github.com/gatekey-project/gatekey/internal/client/vpn.go:891.74,894.16 3 0
github.com/gatekey-project/gatekey/internal/client/vpn.go:894.16,896.3 1 0
github.com/gatekey-project/gatekey/internal/client/vpn.go:897.2,900.21 3 0
github.com/gatekey-project/gatekey/internal/client/vpn.go:900.21,902.86 2 0
github.com/gatekey-project/gatekey/internal/client/vpn.go:902.86,904.31 2 0
github.com/gatekey-project/gatekey/internal/client/vpn.go:904.31,905.47 1 0
github.com/gatekey-project/gatekey/internal/client/vpn.go:905.47,907.6 1 0
github.com/gatekey-project/gatekey/internal/client/vpn.go:914.77,917.16 3 0
github.com/gatekey-project/gatekey/internal/client/vpn.go:917.16,919.3 1 0
github.com/gatekey-project/gatekey/internal/client/vpn.go:921.2,923.71 2 0
github.com/gatekey-project/gatekey/internal/client/vpn.go:923.71,928.30 4 0
github.com/gatekey-project/gatekey/internal/client/vpn.go:928.30,929.67 1 0
github.com/gatekey-project/gatekey/internal/client/vpn.go:929.67,931.5 1 0
github.com/gatekey-project/gatekey/internal/client/vpn.go:932.4,936.43 1 0
github.com/gatekey-project/gatekey/internal/client/vpn.go:936.43,938.5 1 0
github.com/gatekey-project/gatekey/internal/client/vpn.go:941.3,941.37 1 0
github.com/gatekey-project/gatekey/internal/client/vpn.go:941.37,943.4 1 0
github.com/gatekey-project/gatekey/internal/client/vpn.go:946.2,951.45 1 0
github.com/gatekey-project/gatekey/internal/client/vpn.go:951.45,954.22 3 0
github.com/gatekey-project/gatekey/internal/client/vpn.go:954.22,956.4 1 0
github.com/gatekey-project/gatekey/internal/client/vpn.go:957.3,957.36 1 0
github.com/gatekey-project/gatekey/internal/client/vpn.go:957.36,961.43 1 0
github.com/gatekey-project/gatekey/internal/client/vpn.go:961.43,963.5 1 0
github.com/gatekey-project/gatekey/internal/client/vpn.go:967.2,967.21 1 0
github.com/gatekey-project/gatekey/internal/client/vpn.go:971.78,974.45 2 0
github.com/gatekey-project/gatekey/internal/client/vpn.go:974.45,977.3 2 0
github.com/gatekey-project/gatekey/internal/client/vpn.go:979.2,981.16 3 0
github.com/gatekey-project/gatekey/internal/client/vpn.go:981.16,983.3 1 0
github.com/gatekey-project/gatekey/internal/client/vpn.go:985.2,987.29 3 0
github.com/gatekey-project/gatekey/internal/client/vpn.go:987.29,989.40 2 0
github.com/gatekey-project/gatekey/internal/client/vpn.go:989.40,991.23 2 0
github.com/gatekey-project/gatekey/internal/client/vpn.go:991.23,994.5 2 0
github.com/gatekey-project/gatekey/internal/client/vpn.go:997.2,997.15 1 0
github.com/gatekey-project/gatekey/internal/client/vpn.go:1001.53,1004.16 3 0
github.com/gatekey-project/gatekey/internal/client/vpn.go:1004.16,1006.3 1 0
github.com/gatekey-project/gatekey/internal/client/vpn.go:1008.2,1010.29 3 0
github.com/gatekey-project/gatekey/internal/client/vpn.go:1010.29,1012.40 2 0
github.com/gatekey-project/gatekey/internal/client/vpn.go:1012.40,1015.23 2 0
github.com/gatekey-project/gatekey/internal/client/vpn.go:1015.23,1019.5 2 0
github.com/gatekey-project/gatekey/internal/client/vpn.go:1022.2,1022.15 1 0
github.com/gatekey-project/gatekey/internal/client/vpn.go:1026.43,1028.21 2 0
github.com/gatekey-project/gatekey/internal/client/vpn.go:1028.21,1030.3 1 0
github.com/gatekey-project/gatekey/internal/client/vpn.go:1032.2,1033.29 2 0
github.com/gatekey-project/gatekey/internal/client/vpn.go:1033.29,1036.13 3 0
github.com/gatekey-project/gatekey/internal/client/vpn.go:1036.13,1039.4 2 0
github.com/gatekey-project/gatekey/internal/client/vpn.go:1041.2,1041.32 1 0
github.com/gatekey-project/gatekey/internal/client/vpn.go:1045.38,1047.18 2 0
github.com/gatekey-project/gatekey/internal/client/vpn.go:1047.18,1049.3 1 0
github.com/gatekey-project/gatekey/internal/client/vpn.go:1050.2,1051.46 2 0
github.com/gatekey-project/gatekey/internal/client/vpn.go:1051.46,1054.3 2 0
github.com/gatekey-project/gatekey/internal/client/vpn.go:1055.2,1055.76 1 0
github.com/gatekey-project/gatekey/internal/client/vpn.go:1059.62,1061.16 2 0
github.com/gatekey-project/gatekey/internal/client/vpn.go:1061.16,1063.3 1 0
github.com/gatekey-project/gatekey/internal/client/vpn.go:1065.2,1066.16 2 0
github.com/gatekey-project/gatekey/internal/client/vpn.go:1066.16,1068.3 1 0
github.com/gatekey-project/gatekey/internal/client/vpn.go:1070.2,1070.24 1 0
github.com/gatekey-project/gatekey/internal/client/vpn.go:1070.24,1073.3 2 0
github.com/gatekey-project/gatekey/internal/client/vpn.go:1075.2,1077.30 3 0
github.com/gatekey-project/gatekey/internal/client/vpn.go:1077.30,1080.19 3 0
github.com/gatekey-project/gatekey/internal/client/vpn.go:1080.19,1083.4 2 0
github.com/gatekey-project/gatekey/internal/client/vpn.go:1084.3,1085.19 2 0
github.com/gatekey-project/gatekey/internal/client/vpn.go:1085.19,1087.4 1 0
github.com/gatekey-project/gatekey/internal/client/vpn.go:1088.3,1089.27 2 0
github.com/gatekey-project/gatekey/internal/client/vpn.go:1089.27,1091.4 1 0
github.com/gatekey-project/gatekey/internal/client/vpn.go:1092.3,1092.24 1 0
github.com/gatekey-project/gatekey/internal/client/vpn.go:1092.24,1094.4 1 0
github.com/gatekey-project/gatekey/internal/client/vpn.go:1095.3,1095.24 1 0
github.com/gatekey-project/gatekey/internal/client/vpn.go:1095.24,1097.4 1 0
github.com/gatekey-project/gatekey/internal/client/vpn.go:1098.3,1099.16 2 0
github.com/gatekey-project/gatekey/internal/client/vpn.go:1102.2,1102.12 1 0
github.com/gatekey-project/gatekey/internal/client/vpn.go:1106.95,1108.16 2 0
github.com/gatekey-project/gatekey/internal/client/vpn.go:1108.16,1110.3 1 0
github.com/gatekey-project/gatekey/internal/client/vpn.go:1111.2,1115.16 4 0
github.com/gatekey-project/gatekey/internal/client/vpn.go:1115.16,1117.3 1 0
github.com/gatekey-project/gatekey/internal/client/vpn.go:1118.2,1121.16 3 0
github.com/gatekey-project/gatekey/internal/client/vpn.go:1121.16,1123.3 1 0
github.com/gatekey-project/gatekey/internal/client/vpn.go:1124.2,1126.48 2 0
github.com/gatekey-project/gatekey/internal/client/vpn.go:1126.48,1128.3 1 0
github.com/gatekey-project/gatekey/internal/client/vpn.go:1130.2,1130.38 1 0
github.com/gatekey-project/gatekey/internal/client/vpn.go:1130.38,1133.3 2 0
github.com/gatekey-project/gatekey/internal/client/vpn.go:1135.2,1138.69 2 0
github.com/gatekey-project/gatekey/internal/client/vpn.go:1138.69,1140.3 1 0
github.com/gatekey-project/gatekey/internal/client/vpn.go:1142.2,1142.31 1 0
github.com/gatekey-project/gatekey/internal/client/vpn.go:1146.104,1148.16 2 0
github.com/gatekey-project/gatekey/internal/client/vpn.go:1148.16,1150.3 1 0
github.com/gatekey-project/gatekey/internal/client/vpn.go:1151.2,1158.16 5 0
github.com/gatekey-project/gatekey/internal/client/vpn.go:1158.16,1160.3 1 0
github.com/gatekey-project/gatekey/internal/client/vpn.go:1161.2,1165.16 4 0
github.com/gatekey-project/gatekey/internal/client/vpn.go:1165.16,1167.3 1 0
github.com/gatekey-project/gatekey/internal/client/vpn.go:1168.2,1170.48 2 0
github.com/gatekey-project/gatekey/internal/client/vpn.go:1170.48,1172.3 1 0
github.com/gatekey-project/gatekey/internal/client/vpn.go:1174.2,1174.38 1 0
github.com/gatekey-project/gatekey/internal/client/vpn.go:1174.38,1177.3 2 0
github.com/gatekey-project/gatekey/internal/client/vpn.go:1180.2,1185.71 2 0
github.com/gatekey-project/gatekey/internal/client/vpn.go:1185.71,1187.3 1 0
github.com/gatekey-project/gatekey/internal/client/vpn.go:1190.2,1191.16 2 0
github.com/gatekey-project/gatekey/internal/client/vpn.go:1191.16,1193.3 1 0
github.com/gatekey-project/gatekey/internal/client/vpn.go:1194.2,1197.16 3 0
github.com/gatekey-project/gatekey/internal/client/vpn.go:1197.16,1199.3 1 0
github.com/gatekey-project/gatekey/internal/client/vpn.go:1200.2,1203.16 3 0
github.com/gatekey-project/gatekey/internal/client/vpn.go:1203.16,1205.3 1 0
github.com/gatekey-project/gatekey/internal/client/vpn.go:1206.2,1208.46 2 0
github.com/gatekey-project/gatekey/internal/client/vpn.go:1208.46,1211.3 2 0
github.com/gatekey-project/gatekey/internal/client/vpn.go:1214.2,1215.16 2 0
github.com/gatekey-project/gatekey/internal/client/vpn.go:1215.16,1217.3 1 0
github.com/gatekey-project/gatekey/internal/client/vpn.go:1220.2,1221.68 2 0
github.com/gatekey-project/gatekey/internal/client/vpn.go:1221.68,1223.3 1 0
github.com/gatekey-project/gatekey/internal/client/vpn.go:1225.2,1225.67 1 0
github.com/gatekey-project/gatekey/internal/client/vpn.go:1225.67,1227.3 1 0
github.com/gatekey-project/gatekey/internal/client/vpn.go:1229.2,1229.24 1 0
github.com/gatekey-project/gatekey/internal/client/vpn.go:1233.67,1236.16 2 0
github.com/gatekey-project/gatekey/internal/client/vpn.go:1236.16,1238.3 1 0
github.com/gatekey-project/gatekey/internal/client/vpn.go:1242.2,1243.62 2 0
github.com/gatekey-project/gatekey/internal/client/vpn.go:1243.63,1245.3 0 0
github.com/gatekey-project/gatekey/internal/client/vpn.go:1248.2,1260.15 4 0
github.com/gatekey-project/gatekey/internal/client/vpn.go:1260.15,1264.3 3 0
github.com/gatekey-project/gatekey/internal/client/vpn.go:1264.8,1266.3 1 0
github.com/gatekey-project/gatekey/internal/client/vpn.go:1269.2,1273.36 4 0
github.com/gatekey-project/gatekey/internal/client/vpn.go:1273.36,1275.3 1 0
github.com/gatekey-project/gatekey/internal/client/vpn.go:1278.2,1278.35 1 0
github.com/gatekey-project/gatekey/internal/client/vpn.go:1278.35,1280.94 1 0
github.com/gatekey-project/gatekey/internal/client/vpn.go:1280.94,1282.4 1 0
github.com/gatekey-project/gatekey/internal/client/vpn.go:1283.3,1283.59 1 0
github.com/gatekey-project/gatekey/internal/client/vpn.go:1287.2,1291.16 3 0
github.com/gatekey-project/gatekey/internal/client/vpn.go:1291.16,1293.94 1 0
github.com/gatekey-project/gatekey/internal/client/vpn.go:1293.94,1296.22 3 0
github.com/gatekey-project/gatekey/internal/client/vpn.go:1296.22,1298.5 1 0
github.com/gatekey-project/gatekey/internal/client/vpn.go:1299.4,1299.92 1 0
github.com/gatekey-project/gatekey/internal/client/vpn.go:1301.3,1301.69 1 0
github.com/gatekey-project/gatekey/internal/client/vpn.go:1304.2,1305.16 2 0
github.com/gatekey-project/gatekey/internal/client/vpn.go:1305.16,1307.3 1 0
github.com/gatekey-project/gatekey/internal/client/vpn.go:1311.2,1311.15 1 0
github.com/gatekey-project/gatekey/internal/client/vpn.go:1311.15,1313.3 1 0
github.com/gatekey-project/gatekey/internal/client/vpn.go:1315.2,1315.17 1 0
github.com/gatekey-project/gatekey/internal/client/vpn.go:1319.53,1320.14 1 0
github.com/gatekey-project/gatekey/internal/client/vpn.go:1320.14,1322.3 1 0
github.com/gatekey-project/gatekey/internal/client/vpn.go:1325.2,1327.16 3 0
github.com/gatekey-project/gatekey/internal/client/vpn.go:1327.16,1329.3 1 0
github.com/gatekey-project/gatekey/internal/client/vpn.go:1330.2,1330.50 1 0
github.com/gatekey-project/gatekey/internal/client/vpn.go:1336.69,1337.36 1 0
github.com/gatekey-project/gatekey/internal/client/vpn.go:1337.36,1339.3 1 0
github.com/gatekey-project/gatekey/internal/client/vpn.go:1341.2,1341.37 1 0
github.com/gatekey-project/gatekey/internal/client/vpn.go:1341.37,1343.3 1 0
github.com/gatekey-project/gatekey/internal/client/vpn.go:1346.2,1346.37 1 0
github.com/gatekey-project/gatekey/internal/client/vpn.go:1351.49,1355.16 3 0
github.com/gatekey-project/gatekey/internal/client/vpn.go:1355.16,1358.3 1 0
github.com/gatekey-project/gatekey/internal/client/vpn.go:1360.2,1363.71 2 0
github.com/gatekey-project/gatekey/internal/client/vpn.go:1363.71,1369.30 4 0
github.com/gatekey-project/gatekey/internal/client/vpn.go:1369.30,1370.67 1 0
github.com/gatekey-project/gatekey/internal/client/vpn.go:1370.67,1372.5 1 0
github.com/gatekey-project/gatekey/internal/client/vpn.go:1373.4,1377.43 1 0
github.com/gatekey-project/gatekey/internal/client/vpn.go:1377.43,1379.5 1 0
github.com/gatekey-project/gatekey/internal/client/vpn.go:1383.3,1383.37 1 0
github.com/gatekey-project/gatekey/internal/client/vpn.go:1383.37,1385.4 1 0
github.com/gatekey-project/gatekey/internal/client/vpn.go:1389.2,1394.45 1 0
github.com/gatekey-project/gatekey/internal/client/vpn.go:1394.45,1398.22 3 0
github.com/gatekey-project/gatekey/internal/client/vpn.go:1398.22,1400.4 1 0
github.com/gatekey-project/gatekey/internal/client/vpn.go:1401.3,1401.36 1 0
github.com/gatekey-project/gatekey/internal/client/vpn.go:1401.36,1405.43 1 0
github.com/gatekey-project/gatekey/internal/client/vpn.go:1405.43,1407.5 1 0
github.com/gatekey-project/gatekey/internal/client/vpn.go:1411.2,1411.21 1 0
github.com/gatekey-project/gatekey/internal/client/vpn.go:1415.60,1417.16 2 0
github.com/gatekey-project/gatekey/internal/client/vpn.go:1417.16,1419.3 1 0
github.com/gatekey-project/gatekey/internal/client/vpn.go:1421.2,1422.53 2 0
github.com/gatekey-project/gatekey/internal/client/vpn.go:1422.53,1424.3 1 0
github.com/gatekey-project/gatekey/internal/client/vpn.go:1426.2,1426.20 1 0
github.com/gatekey-project/gatekey/internal/client/vpn.go:1430.62,1432.16 2 0
github.com/gatekey-project/gatekey/internal/client/vpn.go:1432.16,1434.3 1 0
github.com/gatekey-project/gatekey/internal/client/vpn.go:1436.2,1436.59 1 0
github.com/gatekey-project/gatekey/internal/client/vpn.go:1440.65,1442.16 2 0
github.com/gatekey-project/gatekey/internal/client/vpn.go:1442.16,1444.3 1 0
github.com/gatekey-project/gatekey/internal/client/vpn.go:1445.2,1448.21 3 0
github.com/gatekey-project/gatekey/internal/client/vpn.go:1448.21,1452.48 2 0
github.com/gatekey-project/gatekey/internal/client/vpn.go:1452.48,1454.31 2 0
github.com/gatekey-project/gatekey/internal/client/vpn.go:1454.31,1455.42 1 0
github.com/gatekey-project/gatekey/internal/client/vpn.go:1455.42,1458.6 2 0
github.com/gatekey-project/gatekey/internal/client/vpn.go:1463.3,1463.43 1 0
github.com/gatekey-project/gatekey/internal/client/vpn.go:1463.43,1465.42 1 0
github.com/gatekey-project/gatekey/internal/client/vpn.go:1465.42,1467.20 2 0
github.com/gatekey-project/gatekey/internal/client/vpn.go:1467.20,1470.25 3 0
github.com/gatekey-project/gatekey/internal/client/vpn.go:1470.25,1473.7 2 0
github.com/gatekey-project/gatekey/internal/client/vpn.go:1481.71,1484.30 3 0
github.com/gatekey-project/gatekey/internal/client/vpn.go:1484.30,1486.24 2 0
github.com/gatekey-project/gatekey/internal/client/vpn.go:1486.24,1488.4 1 0
github.com/gatekey-project/gatekey/internal/client/vpn.go:1489.3,1489.16 1 0
github.com/gatekey-project/gatekey/internal/client/vpn.go:1491.2,1493.12 3 0
github.com/gatekey-project/gatekey/internal/client/vpn.go:1508.62,1510.16 2 0
github.com/gatekey-project/gatekey/internal/client/vpn.go:1510.16,1512.3 1 0
github.com/gatekey-project/gatekey/internal/client/vpn.go:1514.2,1515.16 2 0
github.com/gatekey-project/gatekey/internal/client/vpn.go:1515.16,1517.3 1 0
github.com/gatekey-project/gatekey/internal/client/vpn.go:1519.2,1519.20 1 0
github.com/gatekey-project/gatekey/internal/client/vpn.go:1519.20,1522.3 2 0
github.com/gatekey-project/gatekey/internal/client/vpn.go:1524.2,1526.27 3 0
github.com/gatekey-project/gatekey/internal/client/vpn.go:1526.27,1528.29 2 0
github.com/gatekey-project/gatekey/internal/client/vpn.go:1528.29,1530.4 1 0
github.com/gatekey-project/gatekey/internal/client/vpn.go:1531.3,1532.20 2 0
github.com/gatekey-project/gatekey/internal/client/vpn.go:1532.20,1534.4 1 0
github.com/gatekey-project/gatekey/internal/client/vpn.go:1535.3,1536.28 2 0
github.com/gatekey-project/gatekey/internal/client/vpn.go:1536.28,1538.4 1 0
github.com/gatekey-project/gatekey/internal/client/vpn.go:1539.3,1542.16 4 0
github.com/gatekey-project/gatekey/internal/client/vpn.go:1545.2,1545.12 1 0
github.com/gatekey-project/gatekey/internal/client/vpn.go:1549.95,1551.16 2 0
github.com/gatekey-project/gatekey/internal/client/vpn.go:1551.16,1553.3 1 0
github.com/gatekey-project/gatekey/internal/client/vpn.go:1554.2,1558.16 4 0
github.com/gatekey-project/gatekey/internal/client/vpn.go:1558.16,1560.3 1 0
github.com/gatekey-project/gatekey/internal/client/vpn.go:1561.2,1564.16 3 0
github.com/gatekey-project/gatekey/internal/client/vpn.go:1564.16,1566.3 1 0
github.com/gatekey-project/gatekey/internal/client/vpn.go:1567.2,1569.48 2 0
github.com/gatekey-project/gatekey/internal/client/vpn.go:1569.48,1571.3 1 0
github.com/gatekey-project/gatekey/internal/client/vpn.go:1573.2,1573.38 1 0
github.com/gatekey-project/gatekey/internal/client/vpn.go:1573.38,1576.3 2 0
github.com/gatekey-project/gatekey/internal/client/vpn.go:1578.2,1581.69 2 0
github.com/gatekey-project/gatekey/internal/client/vpn.go:1581.69,1583.3 1 0
github.com/gatekey-project/gatekey/internal/client/vpn.go:1585.2,1585.27 1 0
github.com/gatekey-project/gatekey/internal/client/vpn.go:1589.77,1595.19 3 0
github.com/gatekey-project/gatekey/internal/client/vpn.go:1595.19,1596.80 1 0
github.com/gatekey-project/gatekey/internal/client/vpn.go:1596.80,1597.34 1 0
github.com/gatekey-project/gatekey/internal/client/vpn.go:1597.34,1599.5 1 0
github.com/gatekey-project/gatekey/internal/client/vpn.go:1601.4,1601.43 1 0
github.com/gatekey-project/gatekey/internal/client/vpn.go:1606.2,1610.16 3 0
github.com/gatekey-project/gatekey/internal/client/vpn.go:1610.16,1612.3 1 0
github.com/gatekey-project/gatekey/internal/client/vpn.go:1615.2,1616.16 2 0
github.com/gatekey-project/gatekey/internal/client/vpn.go:1616.16,1618.3 1 0
github.com/gatekey-project/gatekey/internal/client/vpn.go:1620.2,1620.20 1 0
github.com/gatekey-project/gatekey/internal/client/vpn.go:1620.20,1622.3 1 0
github.com/gatekey-project/gatekey/internal/client/vpn.go:1625.2,1626.19 2 0
github.com/gatekey-project/gatekey/internal/client/vpn.go:1626.19,1627.21 1 0
github.com/gatekey-project/gatekey/internal/client/vpn.go:1627.21,1629.4 1 0
github.com/gatekey-project/gatekey/internal/client/vpn.go:1629.9,1631.4 1 0
github.com/gatekey-project/gatekey/internal/client/vpn.go:1632.8,1633.23 1 0
github.com/gatekey-project/gatekey/internal/client/vpn.go:1633.23,1634.73 1 0
github.com/gatekey-project/gatekey/internal/client/vpn.go:1634.73,1636.10 2 0
github.com/gatekey-project/gatekey/internal/client/vpn.go:1639.3,1639.25 1 0
github.com/gatekey-project/gatekey/internal/client/vpn.go:1639.25,1641.4 1 0
github.com/gatekey-project/gatekey/internal/client/vpn.go:1645.2,1648.79 2 0
github.com/gatekey-project/gatekey/internal/client/vpn.go:1648.79,1649.33 1 0
github.com/gatekey-project/gatekey/internal/client/vpn.go:1649.33,1651.4 1 0
github.com/gatekey-project/gatekey/internal/client/vpn.go:1655.2,1655.36 1 0
github.com/gatekey-project/gatekey/internal/client/vpn.go:1655.36,1657.3 1 0
github.com/gatekey-project/gatekey/internal/client/vpn.go:1660.2,1661.19 2 0
github.com/gatekey-project/gatekey/internal/client/vpn.go:1661.19,1663.3 1 0
github.com/gatekey-project/gatekey/internal/client/vpn.go:1665.2,1665.28 1 0
github.com/gatekey-project/gatekey/internal/client/vpn.go:1665.28,1667.3 1 0
github.com/gatekey-project/gatekey/internal/client/vpn.go:1670.2,1678.16 5 0
github.com/gatekey-project/gatekey/internal/client/vpn.go:1678.16,1680.3 1 0
github.com/gatekey-project/gatekey/internal/client/vpn.go:1683.2,1684.16 2 0
github.com/gatekey-project/gatekey/internal/client/vpn.go:1684.16,1686.3 1 0
github.com/gatekey-project/gatekey/internal/client/vpn.go:1689.2,1700.53 3 0
github.com/gatekey-project/gatekey/internal/client/vpn.go:1700.53,1702.51 1 0
github.com/gatekey-project/gatekey/internal/client/vpn.go:1702.51,1704.4 1 0
github.com/gatekey-project/gatekey/internal/client/vpn.go:1705.3,1705.64 1 0
github.com/gatekey-project/gatekey/internal/client/vpn.go:1708.2,1710.12 3 0
github.com/gatekey-project/gatekey/internal/client/vpn.go:1714.113,1723.16 6 0
github.com/gatekey-project/gatekey/internal/client/vpn.go:1723.16,1725.3 1 0
github.com/gatekey-project/gatekey/internal/client/vpn.go:1726.2,1730.16 4 0
github.com/gatekey-project/gatekey/internal/client/vpn.go:1730.16,1732.3 1 0
github.com/gatekey-project/gatekey/internal/client/vpn.go:1733.2,1735.38 2 0
github.com/gatekey-project/gatekey/internal/client/vpn.go:1735.38,1738.3 2 0
github.com/gatekey-project/gatekey/internal/client/vpn.go:1740.2,1744.71 2 0
github.com/gatekey-project/gatekey/internal/client/vpn.go:1744.71,1746.3 1 0
github.com/gatekey-project/gatekey/internal/client/vpn.go:1749.2,1749.68 1 0
github.com/gatekey-project/gatekey/internal/client/vpn.go:1749.68,1751.3 1 0
github.com/gatekey-project/gatekey/internal/client/vpn.go:1753.2,1753.82 1 0
github.com/gatekey-project/gatekey/internal/client/vpn.go:1753.82,1755.3 1 0
github.com/gatekey-project/gatekey/internal/client/vpn.go:1757.2,1757.24 1 0
github.com/gatekey-project/gatekey/internal/client/vpn.go:1761.67,1764.27 3 0
github.com/gatekey-project/gatekey/internal/client/vpn.go:1764.27,1766.20 2 0
github.com/gatekey-project/gatekey/internal/client/vpn.go:1766.20,1768.4 1 0
github.com/gatekey-project/gatekey/internal/client/vpn.go:1769.3,1770.28 2 0
github.com/gatekey-project/gatekey/internal/client/vpn.go:1770.28,1772.4 1 0
github.com/gatekey-project/gatekey/internal/client/vpn.go:1773.3,1773.16 1 0
github.com/gatekey-project/gatekey/internal/client/vpn.go:1775.2,1777.12 3 0
github.com/gatekey-project/gatekey/internal/client/vpn.go:1781.118,1783.16 2 0
github.com/gatekey-project/gatekey/internal/client/vpn.go:1783.16,1785.3 1 0
github.com/gatekey-project/gatekey/internal/client/vpn.go:1787.2,1795.16 5 0
github.com/gatekey-project/gatekey/internal/client/vpn.go:1795.16,1797.3 1 0
github.com/gatekey-project/gatekey/internal/client/vpn.go:1800.2,1800.80 1 0
github.com/gatekey-project/gatekey/internal/client/vpn.go:1800.80,1802.3 1 0
github.com/gatekey-project/gatekey/internal/client/vpn.go:1805.2,1816.53 3 0
github.com/gatekey-project/gatekey/internal/client/vpn.go:1816.53,1820.3 2 0
github.com/gatekey-project/gatekey/internal/client/vpn.go:1823.2,1827.12 4 0
github.com/gatekey-project/gatekey/internal/client/vpn.go:1831.126,1840.16 6 0
github.com/gatekey-project/gatekey/internal/client/vpn.go:1840.16,1842.3 1 0
github.com/gatekey-project/gatekey/internal/client/vpn.go:1843.2,1847.16 4 0
github.com/gatekey-project/gatekey/internal/client/vpn.go:1847.16,1849.3 1 0
github.com/gatekey-project/gatekey/internal/client/vpn.go:1850.2,1852.38 2 0
github.com/gatekey-project/gatekey/internal/client/vpn.go:1852.38,1855.3 2 0
github.com/gatekey-project/gatekey/internal/client/vpn.go:1857.2,1862.71 2 0
github.com/gatekey-project/gatekey/internal/client/vpn.go:1862.71,1864.3 1 0
github.com/gatekey-project/gatekey/internal/client/vpn.go:1867.2,1869.16 3 0
github.com/gatekey-project/gatekey/internal/client/vpn.go:1869.16,1871.3 1 0
github.com/gatekey-project/gatekey/internal/client/vpn.go:1872.2,1875.16 3 0
github.com/gatekey-project/gatekey/internal/client/vpn.go:1875.16,1877.3 1 0
github.com/gatekey-project/gatekey/internal/client/vpn.go:1878.2,1880.46 2 0
github.com/gatekey-project/gatekey/internal/client/vpn.go:1880.46,1883.3 2 0
github.com/gatekey-project/gatekey/internal/client/vpn.go:1885.2,1886.16 2 0
github.com/gatekey-project/gatekey/internal/client/vpn.go:1886.16,1888.3 1 0
github.com/gatekey-project/gatekey/internal/client/vpn.go:1890.2,1890.67 1 0
github.com/gatekey-project/gatekey/internal/client/vpn.go:1890.67,1892.3 1 0
github.com/gatekey-project/gatekey/internal/client/vpn.go:1894.2,1894.24 1 0
github.com/gatekey-project/gatekey/internal/client/vpn.go:1898.88,1900.16 2 0
github.com/gatekey-project/gatekey/internal/client/vpn.go:1900.16,1902.3 1 0
github.com/gatekey-project/gatekey/internal/client/vpn.go:1906.2,1913.15 4 0
github.com/gatekey-project/gatekey/internal/client/vpn.go:1913.15,1918.84 3 0
github.com/gatekey-project/gatekey/internal/client/vpn.go:1918.84,1920.4 1 0
github.com/gatekey-project/gatekey/internal/client/vpn.go:1921.3,1921.59 1 0
github.com/gatekey-project/gatekey/internal/client/vpn.go:1922.8,1925.17 3 0
github.com/gatekey-project/gatekey/internal/client/vpn.go:1925.17,1927.4 1 0
github.com/gatekey-project/gatekey/internal/client/vpn.go:1928.3,1928.65 1 0
github.com/gatekey-project/gatekey/internal/client/vpn.go:1928.65,1930.4 1 0
github.com/gatekey-project/gatekey/internal/client/vpn.go:1934.2,1935.15 2 0
github.com/gatekey-project/gatekey/internal/client/vpn.go:1935.15,1937.3 1 0
github.com/gatekey-project/gatekey/internal/client/vpn.go:1937.8,1939.3 1 0
github.com/gatekey-project/gatekey/internal/client/vpn.go:1941.2,1945.34 4 0
github.com/gatekey-project/gatekey/internal/client/vpn.go:1945.34,1947.3 1 0
github.com/gatekey-project/gatekey/internal/client/vpn.go:1949.2,1949.12 1 0
github.com/gatekey-project/gatekey/internal/client/vpn.go:1953.62,1955.16 2 0
github.com/gatekey-project/gatekey/internal/client/vpn.go:1955.16,1957.3 1 0
github.com/gatekey-project/gatekey/internal/client/vpn.go:1959.2,1962.15 3 0
github.com/gatekey-project/gatekey/internal/client/vpn.go:1962.15,1964.3 1 0
github.com/gatekey-project/gatekey/internal/client/vpn.go:1964.8,1966.3 1 0
github.com/gatekey-project/gatekey/internal/client/vpn.go:1968.2,1972.18 4 0
github.com/gatekey-project/gatekey/internal/client/vpn.go:1976.70,1980.2 2 0
github.com/gatekey-project/gatekey/internal/client/vpn.go:1983.70,1984.29 1 0
github.com/gatekey-project/gatekey/internal/client/vpn.go:1984.29,1986.3 1 0
github.com/gatekey-project/gatekey/internal/client/vpn.go:1989.2,1990.16 2 0
github.com/gatekey-project/gatekey/internal/client/vpn.go:1990.16,1992.3 1 0
github.com/gatekey-project/gatekey/internal/client/vpn.go:1995.2,1996.29 2 0
github.com/gatekey-project/gatekey/internal/client/vpn.go:1996.29,1998.39 2 0
github.com/gatekey-project/gatekey/internal/client/vpn.go:1998.39,2000.23 2 0
github.com/gatekey-project/gatekey/internal/client/vpn.go:2000.23,2004.5 2 0
github.com/gatekey-project/gatekey/internal/client/vpn.go:2009.2,2010.16 2 0
github.com/gatekey-project/gatekey/internal/client/vpn.go:2010.16,2012.3 1 0
github.com/gatekey-project/gatekey/internal/client/vpn.go:2015.2,2017.29 3 0
github.com/gatekey-project/gatekey/internal/client/vpn.go:2017.29,2019.22 2 0
github.com/gatekey-project/gatekey/internal/client/vpn.go:2019.22,2024.4 4 0
github.com/gatekey-project/gatekey/internal/client/vpn.go:2026.2,2027.25 2 0
github.com/gatekey-project/gatekey/internal/client/vpn.go:2031.82,2035.46 2 0
github.com/gatekey-project/gatekey/internal/client/vpn.go:2035.46,2036.83 1 0
github.com/gatekey-project/gatekey/internal/client/vpn.go:2036.83,2038.73 2 0
github.com/gatekey-project/gatekey/internal/client/vpn.go:2038.73,2040.5 1 0
github.com/gatekey-project/gatekey/internal/client/vpn.go:2045.2,2046.16 2 0
github.com/gatekey-project/gatekey/internal/client/vpn.go:2046.16,2047.33 1 0
github.com/gatekey-project/gatekey/internal/client/vpn.go:2047.33,2049.37 2 0
github.com/gatekey-project/gatekey/internal/client/vpn.go:2049.37,2051.61 2 0
github.com/gatekey-project/gatekey/internal/client/vpn.go:2051.61,2053.6 1 0
github.com/gatekey-project/gatekey/internal/client/vpn.go:2059.2,2059.27 1 0
github.com/gatekey-project/gatekey/internal/client/vpn.go:2059.27,2060.15 1 0
github.com/gatekey-project/gatekey/internal/client/vpn.go:2060.15,2062.4 1 0
github.com/gatekey-project/gatekey/internal/client/vpn.go:2064.2,2064.10 1 0
github.com/gatekey-project/gatekey/internal/client/vpn.go:2068.85,2069.29 1 0
github.com/gatekey-project/gatekey/internal/client/vpn.go:2069.29,2070.60 1 0
github.com/gatekey-project/gatekey/internal/client/vpn.go:2070.60,2073.4 1 0
github.com/gatekey-project/gatekey/internal/client/vpn.go:2076.3,2077.53 2 0
github.com/gatekey-project/gatekey/internal/client/vpn.go:2081.2,2081.54 1 0
github.com/gatekey-project/gatekey/internal/client/vpn.go:2085.70,2086.44 1 0
github.com/gatekey-project/gatekey/internal/client/vpn.go:2086.44,2088.3 1 0
github.com/gatekey-project/gatekey/internal/client/vpn.go:2091.2,2092.16 2 0
github.com/gatekey-project/gatekey/internal/client/vpn.go:2092.16,2094.3 1 0
github.com/gatekey-project/gatekey/internal/client/vpn.go:2097.2,2098.29 2 0
github.com/gatekey-project/gatekey/internal/client/vpn.go:2098.29,2100.22 2 0
github.com/gatekey-project/gatekey/internal/client/vpn.go:2100.22,2102.18 2 0
github.com/gatekey-project/gatekey/internal/client/vpn.go:2102.18,2103.13 1 0
github.com/gatekey-project/gatekey/internal/client/vpn.go:2106.4,2106.58 1 0
github.com/gatekey-project/gatekey/internal/client/vpn.go:2106.58,2108.5 1 0
github.com/gatekey-project/gatekey/internal/client/vpn.go:2112.2,2112.21 1 0
github.com/gatekey-project/gatekey/internal/client/vpn.go:2116.146,2125.16 5 0
github.com/gatekey-project/gatekey/internal/client/vpn.go:2125.16,2127.3 1 0
github.com/gatekey-project/gatekey/internal/client/vpn.go:2130.2,2130.75 1 0
github.com/gatekey-project/gatekey/internal/client/vpn.go:2130.75,2132.3 1 0
github.com/gatekey-project/gatekey/internal/client/vpn.go:2135.2,2146.53 3 0
github.com/gatekey-project/gatekey/internal/client/vpn.go:2146.53,2150.3 2 0
github.com/gatekey-project/gatekey/internal/client/vpn.go:2153.2,2157.12 4 0
github.com/gatekey-project/gatekey/internal/client/vpn.go:2161.122,2170.16 6 0
github.com/gatekey-project/gatekey/internal/client/vpn.go:2170.16,2172.3 1 0
github.com/gatekey-project/gatekey/internal/client/vpn.go:2173.2,2177.16 4 0
github.com/gatekey-project/gatekey/internal/client/vpn.go:2177.16,2179.3 1 0
github.com/gatekey-project/gatekey/internal/client/vpn.go:2180.2,2182.38 2 0
github.com/gatekey-project/gatekey/internal/client/vpn.go:2182.38,2185.3 2 0
github.com/gatekey-project/gatekey/internal/client/vpn.go:2187.2,2191.71 2 0
github.com/gatekey-project/gatekey/internal/client/vpn.go:2191.71,2193.3 1 0
github.com/gatekey-project/gatekey/internal/client/vpn.go:2196.2,2196.68 1 0
github.com/gatekey-project/gatekey/internal/client/vpn.go:2196.68,2198.3 1 0
github.com/gatekey-project/gatekey/internal/client/vpn.go:2200.2,2200.82 1 0
github.com/gatekey-project/gatekey/internal/client/vpn.go:2200.82,2202.3 1 0
github.com/gatekey-project/gatekey/internal/client/vpn.go:2204.2,2204.24 1 0
github.com/gatekey-project/gatekey/internal/db/access_rules.go:47.50,49.2 1 0
github.com/gatekey-project/gatekey/internal/db/access_rules.go:52.89,61.2 2 0
github.com/gatekey-project/gatekey/internal/db/access_rules.go:64.94,71.26 3 0
github.com/gatekey-project/gatekey/internal/db/access_rules.go:71.26,73.3 1 0
github.com/gatekey-project/gatekey/internal/db/access_rules.go:74.2,74.19 1 0
github.com/gatekey-project/gatekey/internal/db/access_rules.go:78.87,83.16 2 0
github.com/gatekey-project/gatekey/internal/db/access_rules.go:83.16,85.3 1 0
github.com/gatekey-project/gatekey/internal/db/access_rules.go:86.2,89.18 3 0
github.com/gatekey-project/gatekey/internal/db/access_rules.go:89.18,92.110 2 0
github.com/gatekey-project/gatekey/internal/db/access_rules.go:92.110,94.4 1 0
github.com/gatekey-project/gatekey/internal/db/access_rules.go:95.3,95.28 1 0
github.com/gatekey-project/gatekey/internal/db/access_rules.go:97.2,97.26 1 0
github.com/gatekey-project/gatekey/internal/db/access_rules.go:101.114,107.16 2 0
github.com/gatekey-project/gatekey/internal/db/access_rules.go:107.16,109.3 1 0
github.com/gatekey-project/gatekey/internal/db/access_rules.go:110.2,113.18 3 0
github.com/gatekey-project/gatekey/internal/db/access_rules.go:113.18,116.110 2 0
github.com/gatekey-project/gatekey/internal/db/access_rules.go:116.110,118.4 1 0
github.com/gatekey-project/gatekey/internal/db/access_rules.go:119.3,119.28 1 0
github.com/gatekey-project/gatekey/internal/db/access_rules.go:121.2,121.26 1 0
github.com/gatekey-project/gatekey/internal/db/access_rules.go:125.89,132.16 2 0
github.com/gatekey-project/gatekey/internal/db/access_rules.go:132.16,134.3 1 0
github.com/gatekey-project/gatekey/internal/db/access_rules.go:135.2,135.32 1 0
github.com/gatekey-project/gatekey/internal/db/access_rules.go:135.32,137.3 1 0
github.com/gatekey-project/gatekey/internal/db/access_rules.go:138.2,138.12 1 0
github.com/gatekey-project/gatekey/internal/db/access_rules.go:142.82,144.16 2 0
github.com/gatekey-project/gatekey/internal/db/access_rules.go:144.16,146.3 1 0
github.com/gatekey-project/gatekey/internal/db/access_rules.go:147.2,147.32 1 0
github.com/gatekey-project/gatekey/internal/db/access_rules.go:147.32,149.3 1 0
github.com/gatekey-project/gatekey/internal/db/access_rules.go:150.2,150.12 1 0
github.com/gatekey-project/gatekey/internal/db/access_rules.go:154.94,161.2 2 0
github.com/gatekey-project/gatekey/internal/db/access_rules.go:164.96,169.2 2 0
github.com/gatekey-project/gatekey/internal/db/access_rules.go:172.98,179.2 2 0
github.com/gatekey-project/gatekey/internal/db/access_rules.go:182.100,187.2 2 0
github.com/gatekey-project/gatekey/internal/db/access_rules.go:190.122,202.16 3 0
github.com/gatekey-project/gatekey/internal/db/access_rules.go:202.16,204.3 1 0
github.com/gatekey-project/gatekey/internal/db/access_rules.go:205.2,208.18 3 0
github.com/gatekey-project/gatekey/internal/db/access_rules.go:208.18,211.98 2 0
github.com/gatekey-project/gatekey/internal/db/access_rules.go:211.98,213.4 1 0
github.com/gatekey-project/gatekey/internal/db/access_rules.go:214.3,214.28 1 0
github.com/gatekey-project/gatekey/internal/db/access_rules.go:216.2,216.26 1 0
github.com/gatekey-project/gatekey/internal/db/access_rules.go:220.94,224.16 2 0
github.com/gatekey-project/gatekey/internal/db/access_rules.go:224.16,226.3 1 0
github.com/gatekey-project/gatekey/internal/db/access_rules.go:227.2,230.18 3 0
github.com/gatekey-project/gatekey/internal/db/access_rules.go:230.18,232.44 2 0
github.com/gatekey-project/gatekey/internal/db/access_rules.go:232.44,234.4 1 0
github.com/gatekey-project/gatekey/internal/db/access_rules.go:235.3,235.36 1 0
github.com/gatekey-project/gatekey/internal/db/access_rules.go:237.2,237.28 1 0
github.com/gatekey-project/gatekey/internal/db/access_rules.go:241.95,245.16 2 0
github.com/gatekey-project/gatekey/internal/db/access_rules.go:245.16,247.3 1 0
github.com/gatekey-project/gatekey/internal/db/access_rules.go:248.2,251.18 3 0
github.com/gatekey-project/gatekey/internal/db/access_rules.go:251.18,253.47 2 0
github.com/gatekey-project/gatekey/internal/db/access_rules.go:253.47,255.4 1 0
github.com/gatekey-project/gatekey/internal/db/access_rules.go:256.3,256.37 1 0
github.com/gatekey-project/gatekey/internal/db/access_rules.go:258.2,258.27 1 0
github.com/gatekey-project/gatekey/internal/db/access_rules.go:262.109,266.16 2 0
github.com/gatekey-project/gatekey/internal/db/access_rules.go:266.16,268.3 1 0
github.com/gatekey-project/gatekey/internal/db/access_rules.go:269.2,272.18 3 0
github.com/gatekey-project/gatekey/internal/db/access_rules.go:272.18,274.53 2 0
github.com/gatekey-project/gatekey/internal/db/access_rules.go:274.53,276.4 1 0
github.com/gatekey-project/gatekey/internal/db/access_rules.go:277.3,277.50 1 0
github.com/gatekey-project/gatekey/internal/db/access_rules.go:279.2,279.27 1 0
github.com/gatekey-project/gatekey/internal/db/access_rules.go:283.110,287.16 2 0
github.com/gatekey-project/gatekey/internal/db/access_rules.go:287.16,289.3 1 0
github.com/gatekey-project/gatekey/internal/db/access_rules.go:290.2,293.18 3 0
github.com/gatekey-project/gatekey/internal/db/access_rules.go:293.18,295.56 2 0
github.com/gatekey-project/gatekey/internal/db/access_rules.go:295.56,297.4 1 0
github.com/gatekey-project/gatekey/internal/db/access_rules.go:298.3,298.56 1 0
github.com/gatekey-project/gatekey/internal/db/access_rules.go:300.2,300.27 1 0
github.com/gatekey-project/gatekey/internal/db/access_rules.go:305.150,321.16 3 0
github.com/gatekey-project/gatekey/internal/db/access_rules.go:321.16,323.3 1 0
github.com/gatekey-project/gatekey/internal/db/access_rules.go:324.2,327.18 3 0
github.com/gatekey-project/gatekey/internal/db/access_rules.go:327.18,330.98 2 0
github.com/gatekey-project/gatekey/internal/db/access_rules.go:330.98,332.4 1 0
github.com/gatekey-project/gatekey/internal/db/access_rules.go:333.3,333.28 1 0
github.com/gatekey-project/gatekey/internal/db/access_rules.go:335.2,335.26 1 0
github.com/gatekey-project/gatekey/internal/db/api_keys.go:57.42,59.2 1 1
github.com/gatekey-project/gatekey/internal/db/api_keys.go:63.70,66.44 2 1
github.com/gatekey-project/gatekey/internal/db/api_keys.go:66.44,68.3 1 0
github.com/gatekey-project/gatekey/internal/db/api_keys.go:71.2,80.40 5 1
github.com/gatekey-project/gatekey/internal/db/api_keys.go:84.39,87.2 2 1
github.com/gatekey-project/gatekey/internal/db/api_keys.go:90.70,92.16 2 0
github.com/gatekey-project/gatekey/internal/db/api_keys.go:92.16,94.3 1 0
github.com/gatekey-project/gatekey/internal/db/api_keys.go:96.2,104.12 2 0
github.com/gatekey-project/gatekey/internal/db/api_keys.go:108.80,115.2 1 0
github.com/gatekey-project/gatekey/internal/db/api_keys.go:118.90,125.2 1 0
github.com/gatekey-project/gatekey/internal/db/api_keys.go:128.99,130.16 2 0
github.com/gatekey-project/gatekey/internal/db/api_keys.go:130.16,131.31 1 0
github.com/gatekey-project/gatekey/internal/db/api_keys.go:131.31,133.4 1 0
github.com/gatekey-project/gatekey/internal/db/api_keys.go:134.3,134.23 1 0
github.com/gatekey-project/gatekey/internal/db/api_keys.go:138.2,138.19 1 0
github.com/gatekey-project/gatekey/internal/db/api_keys.go:138.19,140.3 1 0
github.com/gatekey-project/gatekey/internal/db/api_keys.go:143.2,143.62 1 0
github.com/gatekey-project/gatekey/internal/db/api_keys.go:143.62,145.3 1 0
github.com/gatekey-project/gatekey/internal/db/api_keys.go:148.2,157.26 4 0
github.com/gatekey-project/gatekey/internal/db/api_keys.go:157.26,159.3 1 0
github.com/gatekey-project/gatekey/internal/db/api_keys.go:160.2,160.16 1 0
github.com/gatekey-project/gatekey/internal/db/api_keys.go:160.16,162.3 1 0
github.com/gatekey-project/gatekey/internal/db/api_keys.go:164.2,164.65 1 0
github.com/gatekey-project/gatekey/internal/db/api_keys.go:164.65,166.3 1 0
github.com/gatekey-project/gatekey/internal/db/api_keys.go:168.2,168.20 1 0
github.com/gatekey-project/gatekey/internal/db/api_keys.go:168.20,170.3 1 0
github.com/gatekey-project/gatekey/internal/db/api_keys.go:172.2,172.24 1 0
github.com/gatekey-project/gatekey/internal/db/api_keys.go:176.89,184.16 2 0
github.com/gatekey-project/gatekey/internal/db/api_keys.go:184.16,186.3 1 0
github.com/gatekey-project/gatekey/internal/db/api_keys.go:187.2,189.28 2 0
github.com/gatekey-project/gatekey/internal/db/api_keys.go:193.71,201.16 2 0
github.com/gatekey-project/gatekey/internal/db/api_keys.go:201.16,203.3 1 0
github.com/gatekey-project/gatekey/internal/db/api_keys.go:204.2,206.28 2 0
github.com/gatekey-project/gatekey/internal/db/api_keys.go:210.91,222.16 2 0
github.com/gatekey-project/gatekey/internal/db/api_keys.go:222.16,224.3 1 0
github.com/gatekey-project/gatekey/internal/db/api_keys.go:225.2,228.18 3 0
github.com/gatekey-project/gatekey/internal/db/api_keys.go:228.18,239.17 5 0
github.com/gatekey-project/gatekey/internal/db/api_keys.go:239.17,241.4 1 0
github.com/gatekey-project/gatekey/internal/db/api_keys.go:243.3,245.26 2 0
github.com/gatekey-project/gatekey/internal/db/api_keys.go:245.26,246.66 1 0
github.com/gatekey-project/gatekey/internal/db/api_keys.go:246.66,248.5 1 0
github.com/gatekey-project/gatekey/internal/db/api_keys.go:251.3,251.27 1 0
github.com/gatekey-project/gatekey/internal/db/api_keys.go:254.2,254.25 1 0
github.com/gatekey-project/gatekey/internal/db/api_keys.go:258.80,264.2 2 0
github.com/gatekey-project/gatekey/internal/db/api_keys.go:267.87,273.16 2 0
github.com/gatekey-project/gatekey/internal/db/api_keys.go:273.16,275.3 1 0
github.com/gatekey-project/gatekey/internal/db/api_keys.go:276.2,276.32 1 0
github.com/gatekey-project/gatekey/internal/db/api_keys.go:276.32,278.3 1 0
github.com/gatekey-project/gatekey/internal/db/api_keys.go:279.2,279.12 1 0
github.com/gatekey-project/gatekey/internal/db/api_keys.go:283.110,289.16 2 0
github.com/gatekey-project/gatekey/internal/db/api_keys.go:289.16,291.3 1 0
github.com/gatekey-project/gatekey/internal/db/api_keys.go:292.2,292.35 1 0
github.com/gatekey-project/gatekey/internal/db/api_keys.go:296.68,298.16 2 0
github.com/gatekey-project/gatekey/internal/db/api_keys.go:298.16,300.3 1 0
github.com/gatekey-project/gatekey/internal/db/api_keys.go:301.2,301.32 1 0
github.com/gatekey-project/gatekey/internal/db/api_keys.go:301.32,303.3 1 0
github.com/gatekey-project/gatekey/internal/db/api_keys.go:304.2,304.12 1 0
github.com/gatekey-project/gatekey/internal/db/api_keys.go:308.77,313.16 2 0
github.com/gatekey-project/gatekey/internal/db/api_keys.go:313.16,315.3 1 0
github.com/gatekey-project/gatekey/internal/db/api_keys.go:316.2,316.35 1 0
github.com/gatekey-project/gatekey/internal/db/api_keys.go:320.77,325.16 2 0
github.com/gatekey-project/gatekey/internal/db/api_keys.go:325.16,327.3 1 0
github.com/gatekey-project/gatekey/internal/db/api_keys.go:328.2,328.35 1 0
github.com/gatekey-project/gatekey/internal/db/api_keys.go:332.91,334.16 2 0
github.com/gatekey-project/gatekey/internal/db/api_keys.go:334.16,336.3 1 0
github.com/gatekey-project/gatekey/internal/db/api_keys.go:337.2,337.35 1 0
github.com/gatekey-project/gatekey/internal/db/api_keys.go:341.64,352.26 5 0
github.com/gatekey-project/gatekey/internal/db/api_keys.go:352.26,354.3 1 0
github.com/gatekey-project/gatekey/internal/db/api_keys.go:355.2,355.16 1 0
github.com/gatekey-project/gatekey/internal/db/api_keys.go:355.16,357.3 1 0
github.com/gatekey-project/gatekey/internal/db/api_keys.go:359.2,359.64 1 0
github.com/gatekey-project/gatekey/internal/db/api_keys.go:359.64,361.3 1 0
github.com/gatekey-project/gatekey/internal/db/api_keys.go:363.2,365.18 2 0
github.com/gatekey-project/gatekey/internal/db/api_keys.go:369.69,371.18 2 0
github.com/gatekey-project/gatekey/internal/db/api_keys.go:371.18,382.17 5 0
github.com/gatekey-project/gatekey/internal/db/api_keys.go:382.17,384.4 1 0
github.com/gatekey-project/gatekey/internal/db/api_keys.go:386.3,386.65 1 0
github.com/gatekey-project/gatekey/internal/db/api_keys.go:386.65,388.4 1 0
github.com/gatekey-project/gatekey/internal/db/api_keys.go:390.3,391.28 2 0
github.com/gatekey-project/gatekey/internal/db/api_keys.go:394.2,394.35 1 0
github.com/gatekey-project/gatekey/internal/db/api_keys.go:394.35,396.3 1 0
github.com/gatekey-project/gatekey/internal/db/api_keys.go:398.2,398.18 1 0
github.com/gatekey-project/gatekey/internal/db/configs.go:43.42,45.2 1 0
github.com/gatekey-project/gatekey/internal/db/configs.go:48.86,54.2 2 0
github.com/gatekey-project/gatekey/internal/db/configs.go:57.91,67.26 3 0
github.com/gatekey-project/gatekey/internal/db/configs.go:67.26,69.3 1 0
github.com/gatekey-project/gatekey/internal/db/configs.go:70.2,70.16 1 0
github.com/gatekey-project/gatekey/internal/db/configs.go:70.16,72.3 1 0
github.com/gatekey-project/gatekey/internal/db/configs.go:75.2,75.40 1 0
github.com/gatekey-project/gatekey/internal/db/configs.go:75.40,77.3 1 0
github.com/gatekey-project/gatekey/internal/db/configs.go:79.2,79.21 1 0
github.com/gatekey-project/gatekey/internal/db/configs.go:83.76,87.16 2 0
github.com/gatekey-project/gatekey/internal/db/configs.go:87.16,89.3 1 0
github.com/gatekey-project/gatekey/internal/db/configs.go:90.2,90.32 1 0
github.com/gatekey-project/gatekey/internal/db/configs.go:90.32,92.3 1 0
github.com/gatekey-project/gatekey/internal/db/configs.go:93.2,93.12 1 0
github.com/gatekey-project/gatekey/internal/db/configs.go:97.102,105.16 2 0
github.com/gatekey-project/gatekey/internal/db/configs.go:105.16,107.3 1 0
github.com/gatekey-project/gatekey/internal/db/configs.go:108.2,111.18 3 0
github.com/gatekey-project/gatekey/internal/db/configs.go:111.18,115.118 2 0
github.com/gatekey-project/gatekey/internal/db/configs.go:115.118,117.4 1 0
github.com/gatekey-project/gatekey/internal/db/configs.go:118.3,118.37 1 0
github.com/gatekey-project/gatekey/internal/db/configs.go:120.2,120.28 1 0
github.com/gatekey-project/gatekey/internal/db/configs.go:124.74,127.2 2 0
github.com/gatekey-project/gatekey/internal/db/configs.go:130.81,132.16 2 0
github.com/gatekey-project/gatekey/internal/db/configs.go:132.16,134.3 1 0
github.com/gatekey-project/gatekey/internal/db/configs.go:135.2,135.35 1 0
github.com/gatekey-project/gatekey/internal/db/configs.go:139.103,149.26 3 0
github.com/gatekey-project/gatekey/internal/db/configs.go:149.26,151.3 1 0
github.com/gatekey-project/gatekey/internal/db/configs.go:152.2,152.16 1 0
github.com/gatekey-project/gatekey/internal/db/configs.go:152.16,154.3 1 0
github.com/gatekey-project/gatekey/internal/db/configs.go:155.2,155.21 1 0
github.com/gatekey-project/gatekey/internal/db/configs.go:160.109,170.26 3 0
github.com/gatekey-project/gatekey/internal/db/configs.go:170.26,172.3 1 0
github.com/gatekey-project/gatekey/internal/db/configs.go:173.2,173.16 1 0
github.com/gatekey-project/gatekey/internal/db/configs.go:173.16,175.3 1 0
github.com/gatekey-project/gatekey/internal/db/configs.go:178.2,178.22 1 0
github.com/gatekey-project/gatekey/internal/db/configs.go:178.22,180.3 1 0
github.com/gatekey-project/gatekey/internal/db/configs.go:183.2,183.40 1 0
github.com/gatekey-project/gatekey/internal/db/configs.go:183.40,185.3 1 0
github.com/gatekey-project/gatekey/internal/db/configs.go:187.2,187.21 1 0
github.com/gatekey-project/gatekey/internal/db/configs.go:191.89,197.16 2 0
github.com/gatekey-project/gatekey/internal/db/configs.go:197.16,199.3 1 0
github.com/gatekey-project/gatekey/internal/db/configs.go:200.2,200.32 1 0
github.com/gatekey-project/gatekey/internal/db/configs.go:200.32,202.3 1 0
github.com/gatekey-project/gatekey/internal/db/configs.go:203.2,203.12 1 0
github.com/gatekey-project/gatekey/internal/db/configs.go:207.107,213.16 2 0
github.com/gatekey-project/gatekey/internal/db/configs.go:213.16,215.3 1 0
github.com/gatekey-project/gatekey/internal/db/configs.go:216.2,216.35 1 0
github.com/gatekey-project/gatekey/internal/db/configs.go:221.124,227.26 2 0
github.com/gatekey-project/gatekey/internal/db/configs.go:227.26,229.3 1 0
github.com/gatekey-project/gatekey/internal/db/configs.go:230.2,230.30 1 0
github.com/gatekey-project/gatekey/internal/db/configs.go:235.105,241.16 3 0
github.com/gatekey-project/gatekey/internal/db/configs.go:241.16,243.3 1 0
github.com/gatekey-project/gatekey/internal/db/configs.go:244.2,244.35 1 0
github.com/gatekey-project/gatekey/internal/db/configs.go:255.109,259.16 3 0
github.com/gatekey-project/gatekey/internal/db/configs.go:259.16,261.3 1 0
github.com/gatekey-project/gatekey/internal/db/configs.go:263.2,274.16 2 0
github.com/gatekey-project/gatekey/internal/db/configs.go:274.16,276.3 1 0
github.com/gatekey-project/gatekey/internal/db/configs.go:277.2,280.18 3 0
github.com/gatekey-project/gatekey/internal/db/configs.go:280.18,285.53 2 0
github.com/gatekey-project/gatekey/internal/db/configs.go:285.53,287.4 1 0
github.com/gatekey-project/gatekey/internal/db/configs.go:288.3,288.37 1 0
github.com/gatekey-project/gatekey/internal/db/configs.go:290.2,290.35 1 0
github.com/gatekey-project/gatekey/internal/db/db.go:18.63,20.16 2 0
github.com/gatekey-project/gatekey/internal/db/db.go:20.16,22.3 1 0
github.com/gatekey-project/gatekey/internal/db/db.go:24.2,30.16 6 0
github.com/gatekey-project/gatekey/internal/db/db.go:30.16,32.3 1 0
github.com/gatekey-project/gatekey/internal/db/db.go:35.2,35.39 1 0
github.com/gatekey-project/gatekey/internal/db/db.go:35.39,37.3 1 0
github.com/gatekey-project/gatekey/internal/db/db.go:39.2,39.29 1 0
github.com/gatekey-project/gatekey/internal/db/db.go:43.23,45.2 1 0
github.com/gatekey-project/gatekey/internal/db/db.go:48.47,50.2 1 0
github.com/gatekey-project/gatekey/internal/db/gateways.go:73.44,75.2 1 1
github.com/gatekey-project/gatekey/internal/db/gateways.go:78.38,80.40 2 1
github.com/gatekey-project/gatekey/internal/db/gateways.go:80.40,82.3 1 0
github.com/gatekey-project/gatekey/internal/db/gateways.go:83.2,83.50 1 1
github.com/gatekey-project/gatekey/internal/db/gateways.go:87.78,90.23 2 0
github.com/gatekey-project/gatekey/internal/db/gateways.go:90.23,92.3 1 0
github.com/gatekey-project/gatekey/internal/db/gateways.go:94.2,95.25 2 0
github.com/gatekey-project/gatekey/internal/db/gateways.go:95.25,97.3 1 0
github.com/gatekey-project/gatekey/internal/db/gateways.go:99.2,100.21 2 0
github.com/gatekey-project/gatekey/internal/db/gateways.go:100.21,102.3 1 0
github.com/gatekey-project/gatekey/internal/db/gateways.go:104.2,105.23 2 0
github.com/gatekey-project/gatekey/internal/db/gateways.go:105.23,107.3 1 0
github.com/gatekey-project/gatekey/internal/db/gateways.go:109.2,113.66 2 0
github.com/gatekey-project/gatekey/internal/db/gateways.go:113.66,115.3 1 0
github.com/gatekey-project/gatekey/internal/db/gateways.go:116.2,116.12 1 0
github.com/gatekey-project/gatekey/internal/db/gateways.go:120.85,128.26 5 0
github.com/gatekey-project/gatekey/internal/db/gateways.go:128.26,130.3 1 0
github.com/gatekey-project/gatekey/internal/db/gateways.go:131.2,131.16 1 0
github.com/gatekey-project/gatekey/internal/db/gateways.go:131.16,133.3 1 0
github.com/gatekey-project/gatekey/internal/db/gateways.go:134.2,134.21 1 0
github.com/gatekey-project/gatekey/internal/db/gateways.go:134.21,136.3 1 0
github.com/gatekey-project/gatekey/internal/db/gateways.go:137.2,137.21 1 0
github.com/gatekey-project/gatekey/internal/db/gateways.go:137.21,139.3 1 0
github.com/gatekey-project/gatekey/internal/db/gateways.go:140.2,140.22 1 0
github.com/gatekey-project/gatekey/internal/db/gateways.go:140.22,142.3 1 0
github.com/gatekey-project/gatekey/internal/db/gateways.go:142.8,144.3 1 0
github.com/gatekey-project/gatekey/internal/db/gateways.go:145.2,145.25 1 0
github.com/gatekey-project/gatekey/internal/db/gateways.go:145.25,147.3 1 0
github.com/gatekey-project/gatekey/internal/db/gateways.go:148.2,148.24 1 0
github.com/gatekey-project/gatekey/internal/db/gateways.go:148.24,150.3 1 0
github.com/gatekey-project/gatekey/internal/db/gateways.go:151.2,151.25 1 0
github.com/gatekey-project/gatekey/internal/db/gateways.go:151.25,153.3 1 0
github.com/gatekey-project/gatekey/internal/db/gateways.go:153.8,155.3 1 0
github.com/gatekey-project/gatekey/internal/db/gateways.go:156.2,157.17 2 0
github.com/gatekey-project/gatekey/internal/db/gateways.go:161.93,169.26 5 0
github.com/gatekey-project/gatekey/internal/db/gateways.go:169.26,171.3 1 0
github.com/gatekey-project/gatekey/internal/db/gateways.go:172.2,172.16 1 0
github.com/gatekey-project/gatekey/internal/db/gateways.go:172.16,174.3 1 0
github.com/gatekey-project/gatekey/internal/db/gateways.go:175.2,175.21 1 0
github.com/gatekey-project/gatekey/internal/db/gateways.go:175.21,177.3 1 0
github.com/gatekey-project/gatekey/internal/db/gateways.go:178.2,178.21 1 0
github.com/gatekey-project/gatekey/internal/db/gateways.go:178.21,180.3 1 0
github.com/gatekey-project/gatekey/internal/db/gateways.go:181.2,181.22 1 0
github.com/gatekey-project/gatekey/internal/db/gateways.go:181.22,183.3 1 0
github.com/gatekey-project/gatekey/internal/db/gateways.go:183.8,185.3 1 0
github.com/gatekey-project/gatekey/internal/db/gateways.go:186.2,186.25 1 0
github.com/gatekey-project/gatekey/internal/db/gateways.go:186.25,188.3 1 0
github.com/gatekey-project/gatekey/internal/db/gateways.go:189.2,189.24 1 0
github.com/gatekey-project/gatekey/internal/db/gateways.go:189.24,191.3 1 0
github.com/gatekey-project/gatekey/internal/db/gateways.go:192.2,192.25 1 0
github.com/gatekey-project/gatekey/internal/db/gateways.go:192.25,194.3 1 0
github.com/gatekey-project/gatekey/internal/db/gateways.go:194.8,196.3 1 0
github.com/gatekey-project/gatekey/internal/db/gateways.go:197.2,197.17 1 0
github.com/gatekey-project/gatekey/internal/db/gateways.go:201.95,209.26 5 0
github.com/gatekey-project/gatekey/internal/db/gateways.go:209.26,211.3 1 0
github.com/gatekey-project/gatekey/internal/db/gateways.go:212.2,212.16 1 0
github.com/gatekey-project/gatekey/internal/db/gateways.go:212.16,214.3 1 0
github.com/gatekey-project/gatekey/internal/db/gateways.go:215.2,215.21 1 0
github.com/gatekey-project/gatekey/internal/db/gateways.go:215.21,217.3 1 0
github.com/gatekey-project/gatekey/internal/db/gateways.go:218.2,218.21 1 0
github.com/gatekey-project/gatekey/internal/db/gateways.go:218.21,220.3 1 0
github.com/gatekey-project/gatekey/internal/db/gateways.go:221.2,221.22 1 0
github.com/gatekey-project/gatekey/internal/db/gateways.go:221.22,223.3 1 0
github.com/gatekey-project/gatekey/internal/db/gateways.go:223.8,225.3 1 0
github.com/gatekey-project/gatekey/internal/db/gateways.go:226.2,226.25 1 0
github.com/gatekey-project/gatekey/internal/db/gateways.go:226.25,228.3 1 0
github.com/gatekey-project/gatekey/internal/db/gateways.go:229.2,229.24 1 0
github.com/gatekey-project/gatekey/internal/db/gateways.go:229.24,231.3 1 0
github.com/gatekey-project/gatekey/internal/db/gateways.go:232.2,232.25 1 0
github.com/gatekey-project/gatekey/internal/db/gateways.go:232.25,234.3 1 0
github.com/gatekey-project/gatekey/internal/db/gateways.go:234.8,236.3 1 0
github.com/gatekey-project/gatekey/internal/db/gateways.go:237.2,237.17 1 0
github.com/gatekey-project/gatekey/internal/db/gateways.go:241.95,246.2 2 0
github.com/gatekey-project/gatekey/internal/db/gateways.go:249.109,254.2 2 0
github.com/gatekey-project/gatekey/internal/db/gateways.go:257.78,263.16 2 0
github.com/gatekey-project/gatekey/internal/db/gateways.go:263.16,265.3 1 0
github.com/gatekey-project/gatekey/internal/db/gateways.go:266.2,269.18 3 0
github.com/gatekey-project/gatekey/internal/db/gateways.go:269.18,273.314 4 0
github.com/gatekey-project/gatekey/internal/db/gateways.go:273.314,275.4 1 0
github.com/gatekey-project/gatekey/internal/db/gateways.go:276.3,276.22 1 0
github.com/gatekey-project/gatekey/internal/db/gateways.go:276.22,278.4 1 0
github.com/gatekey-project/gatekey/internal/db/gateways.go:279.3,279.22 1 0
github.com/gatekey-project/gatekey/internal/db/gateways.go:279.22,281.4 1 0
github.com/gatekey-project/gatekey/internal/db/gateways.go:282.3,282.23 1 0
github.com/gatekey-project/gatekey/internal/db/gateways.go:282.23,284.4 1 0
github.com/gatekey-project/gatekey/internal/db/gateways.go:284.9,286.4 1 0
github.com/gatekey-project/gatekey/internal/db/gateways.go:287.3,287.25 1 0
github.com/gatekey-project/gatekey/internal/db/gateways.go:287.25,289.4 1 0
github.com/gatekey-project/gatekey/internal/db/gateways.go:290.3,290.26 1 0
github.com/gatekey-project/gatekey/internal/db/gateways.go:290.26,292.4 1 0
github.com/gatekey-project/gatekey/internal/db/gateways.go:292.9,294.4 1 0
github.com/gatekey-project/gatekey/internal/db/gateways.go:295.3,295.35 1 0
github.com/gatekey-project/gatekey/internal/db/gateways.go:297.2,297.29 1 0
github.com/gatekey-project/gatekey/internal/db/gateways.go:301.84,308.16 2 0
github.com/gatekey-project/gatekey/internal/db/gateways.go:308.16,310.3 1 0
github.com/gatekey-project/gatekey/internal/db/gateways.go:311.2,314.18 3 0
github.com/gatekey-project/gatekey/internal/db/gateways.go:314.18,318.314 4 0
github.com/gatekey-project/gatekey/internal/db/gateways.go:318.314,320.4 1 0
github.com/gatekey-project/gatekey/internal/db/gateways.go:321.3,321.22 1 0
github.com/gatekey-project/gatekey/internal/db/gateways.go:321.22,323.4 1 0
github.com/gatekey-project/gatekey/internal/db/gateways.go:324.3,324.22 1 0
github.com/gatekey-project/gatekey/internal/db/gateways.go:324.22,326.4 1 0
github.com/gatekey-project/gatekey/internal/db/gateways.go:327.3,327.23 1 0
github.com/gatekey-project/gatekey/internal/db/gateways.go:327.23,329.4 1 0
github.com/gatekey-project/gatekey/internal/db/gateways.go:329.9,331.4 1 0
github.com/gatekey-project/gatekey/internal/db/gateways.go:332.3,332.25 1 0
github.com/gatekey-project/gatekey/internal/db/gateways.go:332.25,334.4 1 0
github.com/gatekey-project/gatekey/internal/db/gateways.go:335.3,335.26 1 0
github.com/gatekey-project/gatekey/internal/db/gateways.go:335.26,337.4 1 0
github.com/gatekey-project/gatekey/internal/db/gateways.go:337.9,339.4 1 0
github.com/gatekey-project/gatekey/internal/db/gateways.go:340.3,340.35 1 0
github.com/gatekey-project/gatekey/internal/db/gateways.go:342.2,342.29 1 0
github.com/gatekey-project/gatekey/internal/db/gateways.go:346.78,350.16 2 0
github.com/gatekey-project/gatekey/internal/db/gateways.go:350.16,352.3 1 0
github.com/gatekey-project/gatekey/internal/db/gateways.go:353.2,353.32 1 0
github.com/gatekey-project/gatekey/internal/db/gateways.go:353.32,355.3 1 0
github.com/gatekey-project/gatekey/internal/db/gateways.go:356.2,356.12 1 0
github.com/gatekey-project/gatekey/internal/db/gateways.go:360.92,364.16 2 0
github.com/gatekey-project/gatekey/internal/db/gateways.go:364.16,366.3 1 0
github.com/gatekey-project/gatekey/internal/db/gateways.go:367.2,367.32 1 0
github.com/gatekey-project/gatekey/internal/db/gateways.go:367.32,369.3 1 0
github.com/gatekey-project/gatekey/internal/db/gateways.go:370.2,370.12 1 0
github.com/gatekey-project/gatekey/internal/db/gateways.go:374.76,376.16 2 0
github.com/gatekey-project/gatekey/internal/db/gateways.go:376.16,378.3 1 0
github.com/gatekey-project/gatekey/internal/db/gateways.go:379.2,379.32 1 0
github.com/gatekey-project/gatekey/internal/db/gateways.go:379.32,381.3 1 0
github.com/gatekey-project/gatekey/internal/db/gateways.go:382.2,382.12 1 0
github.com/gatekey-project/gatekey/internal/db/gateways.go:386.106,391.16 2 0
github.com/gatekey-project/gatekey/internal/db/gateways.go:391.16,393.3 1 0
github.com/gatekey-project/gatekey/internal/db/gateways.go:394.2,394.35 1 0
github.com/gatekey-project/gatekey/internal/db/gateways.go:398.78,401.25 2 0
github.com/gatekey-project/gatekey/internal/db/gateways.go:401.25,403.3 1 0
github.com/gatekey-project/gatekey/internal/db/gateways.go:405.2,406.21 2 0
github.com/gatekey-project/gatekey/internal/db/gateways.go:406.21,408.3 1 0
github.com/gatekey-project/gatekey/internal/db/gateways.go:410.2,411.23 2 0
github.com/gatekey-project/gatekey/internal/db/gateways.go:411.23,413.3 1 0
github.com/gatekey-project/gatekey/internal/db/gateways.go:414.2,422.16 2 0
github.com/gatekey-project/gatekey/internal/db/gateways.go:422.16,423.53 1 0
github.com/gatekey-project/gatekey/internal/db/gateways.go:423.53,425.4 1 0
github.com/gatekey-project/gatekey/internal/db/gateways.go:426.3,426.13 1 0
github.com/gatekey-project/gatekey/internal/db/gateways.go:428.2,428.32 1 0
github.com/gatekey-project/gatekey/internal/db/gateways.go:428.32,430.3 1 0
github.com/gatekey-project/gatekey/internal/db/gateways.go:431.2,431.12 1 0
github.com/gatekey-project/gatekey/internal/db/gateways.go:435.104,441.16 2 0
github.com/gatekey-project/gatekey/internal/db/gateways.go:441.16,443.3 1 0
github.com/gatekey-project/gatekey/internal/db/gateways.go:444.2,444.32 1 0
github.com/gatekey-project/gatekey/internal/db/gateways.go:444.32,446.3 1 0
github.com/gatekey-project/gatekey/internal/db/gateways.go:447.2,447.12 1 0
github.com/gatekey-project/gatekey/internal/db/gateways.go:452.91,455.16 2 0
github.com/gatekey-project/gatekey/internal/db/gateways.go:455.16,457.3 1 0
github.com/gatekey-project/gatekey/internal/db/gateways.go:459.2,464.16 2 0
github.com/gatekey-project/gatekey/internal/db/gateways.go:464.16,466.3 1 0
github.com/gatekey-project/gatekey/internal/db/gateways.go:467.2,467.32 1 0
github.com/gatekey-project/gatekey/internal/db/gateways.go:467.32,469.3 1 0
github.com/gatekey-project/gatekey/internal/db/gateways.go:470.2,470.22 1 0
github.com/gatekey-project/gatekey/internal/db/gateways.go:474.97,481.2 2 0
github.com/gatekey-project/gatekey/internal/db/gateways.go:484.99,489.2 2 0
github.com/gatekey-project/gatekey/internal/db/gateways.go:492.101,499.2 2 0
github.com/gatekey-project/gatekey/internal/db/gateways.go:502.103,507.2 2 0
github.com/gatekey-project/gatekey/internal/db/gateways.go:518.102,526.16 2 0
github.com/gatekey-project/gatekey/internal/db/gateways.go:526.16,528.3 1 0
github.com/gatekey-project/gatekey/internal/db/gateways.go:529.2,532.18 3 0
github.com/gatekey-project/gatekey/internal/db/gateways.go:532.18,534.79 2 0
github.com/gatekey-project/gatekey/internal/db/gateways.go:534.79,536.4 1 0
github.com/gatekey-project/gatekey/internal/db/gateways.go:537.3,537.27 1 0
github.com/gatekey-project/gatekey/internal/db/gateways.go:539.2,539.26 1 0
github.com/gatekey-project/gatekey/internal/db/gateways.go:549.104,556.16 2 0
github.com/gatekey-project/gatekey/internal/db/gateways.go:556.16,558.3 1 0
github.com/gatekey-project/gatekey/internal/db/gateways.go:559.2,562.18 3 0
github.com/gatekey-project/gatekey/internal/db/gateways.go:562.18,564.63 2 0
github.com/gatekey-project/gatekey/internal/db/gateways.go:564.63,566.4 1 0
github.com/gatekey-project/gatekey/internal/db/gateways.go:567.3,567.29 1 0
github.com/gatekey-project/gatekey/internal/db/gateways.go:569.2,569.27 1 0
github.com/gatekey-project/gatekey/internal/db/gateways.go:573.114,586.16 2 0
github.com/gatekey-project/gatekey/internal/db/gateways.go:586.16,588.3 1 0
github.com/gatekey-project/gatekey/internal/db/gateways.go:589.2,592.18 3 0
github.com/gatekey-project/gatekey/internal/db/gateways.go:592.18,596.245 4 0
github.com/gatekey-project/gatekey/internal/db/gateways.go:596.245,598.4 1 0
github.com/gatekey-project/gatekey/internal/db/gateways.go:599.3,599.22 1 0
github.com/gatekey-project/gatekey/internal/db/gateways.go:599.22,601.4 1 0
github.com/gatekey-project/gatekey/internal/db/gateways.go:602.3,602.22 1 0
github.com/gatekey-project/gatekey/internal/db/gateways.go:602.22,604.4 1 0
github.com/gatekey-project/gatekey/internal/db/gateways.go:605.3,605.23 1 0
github.com/gatekey-project/gatekey/internal/db/gateways.go:605.23,607.4 1 0
github.com/gatekey-project/gatekey/internal/db/gateways.go:607.9,609.4 1 0
github.com/gatekey-project/gatekey/internal/db/gateways.go:610.3,610.25 1 0
github.com/gatekey-project/gatekey/internal/db/gateways.go:610.25,612.4 1 0
github.com/gatekey-project/gatekey/internal/db/gateways.go:613.3,613.26 1 0
github.com/gatekey-project/gatekey/internal/db/gateways.go:613.26,615.4 1 0
github.com/gatekey-project/gatekey/internal/db/gateways.go:615.9,617.4 1 0
github.com/gatekey-project/gatekey/internal/db/gateways.go:618.3,618.35 1 0
github.com/gatekey-project/gatekey/internal/db/gateways.go:620.2,620.29 1 0
github.com/gatekey-project/gatekey/internal/db/gateways.go:624.123,634.2 3 0
github.com/gatekey-project/gatekey/internal/db/gateways.go:637.99,646.16 2 0
github.com/gatekey-project/gatekey/internal/db/gateways.go:646.16,648.3 1 0
github.com/gatekey-project/gatekey/internal/db/gateways.go:649.2,652.18 3 0
github.com/gatekey-project/gatekey/internal/db/gateways.go:652.18,656.245 4 0
github.com/gatekey-project/gatekey/internal/db/gateways.go:656.245,658.4 1 0
github.com/gatekey-project/gatekey/internal/db/gateways.go:659.3,659.22 1 0
github.com/gatekey-project/gatekey/internal/db/gateways.go:659.22,661.4 1 0
github.com/gatekey-project/gatekey/internal/db/gateways.go:662.3,662.22 1 0
github.com/gatekey-project/gatekey/internal/db/gateways.go:662.22,664.4 1 0
github.com/gatekey-project/gatekey/internal/db/gateways.go:665.3,665.23 1 0
github.com/gatekey-project/gatekey/internal/db/gateways.go:665.23,667.4 1 0
github.com/gatekey-project/gatekey/internal/db/gateways.go:667.9,669.4 1 0
github.com/gatekey-project/gatekey/internal/db/gateways.go:670.3,670.25 1 0
github.com/gatekey-project/gatekey/internal/db/gateways.go:670.25,672.4 1 0
github.com/gatekey-project/gatekey/internal/db/gateways.go:673.3,673.26 1 0
github.com/gatekey-project/gatekey/internal/db/gateways.go:673.26,675.4 1 0
github.com/gatekey-project/gatekey/internal/db/gateways.go:675.9,677.4 1 0
github.com/gatekey-project/gatekey/internal/db/gateways.go:678.3,678.35 1 0
github.com/gatekey-project/gatekey/internal/db/gateways.go:680.2,680.29 1 0
github.com/gatekey-project/gatekey/internal/db/geo_fence.go:35.46,37.2 1 0
github.com/gatekey-project/gatekey/internal/db/geo_fence.go:40.134,50.2 3 0
github.com/gatekey-project/gatekey/internal/db/geo_fence.go:53.88,59.26 3 0
github.com/gatekey-project/gatekey/internal/db/geo_fence.go:59.26,61.3 1 0
github.com/gatekey-project/gatekey/internal/db/geo_fence.go:62.2,62.19 1 0
github.com/gatekey-project/gatekey/internal/db/geo_fence.go:66.81,71.16 2 0
github.com/gatekey-project/gatekey/internal/db/geo_fence.go:71.16,73.3 1 0
github.com/gatekey-project/gatekey/internal/db/geo_fence.go:74.2,77.18 3 0
github.com/gatekey-project/gatekey/internal/db/geo_fence.go:77.18,79.134 2 0
github.com/gatekey-project/gatekey/internal/db/geo_fence.go:79.134,81.4 1 0
github.com/gatekey-project/gatekey/internal/db/geo_fence.go:82.3,82.28 1 0
github.com/gatekey-project/gatekey/internal/db/geo_fence.go:84.2,84.26 1 0
github.com/gatekey-project/gatekey/internal/db/geo_fence.go:88.153,98.26 3 0
github.com/gatekey-project/gatekey/internal/db/geo_fence.go:98.26,100.3 1 0
github.com/gatekey-project/gatekey/internal/db/geo_fence.go:101.2,101.19 1 0
github.com/gatekey-project/gatekey/internal/db/geo_fence.go:105.74,107.16 2 0
github.com/gatekey-project/gatekey/internal/db/geo_fence.go:107.16,109.3 1 0
github.com/gatekey-project/gatekey/internal/db/geo_fence.go:110.2,110.32 1 0
github.com/gatekey-project/gatekey/internal/db/geo_fence.go:110.32,112.3 1 0
github.com/gatekey-project/gatekey/internal/db/geo_fence.go:113.2,113.12 1 0
github.com/gatekey-project/gatekey/internal/db/geo_fence.go:119.81,125.2 2 0
github.com/gatekey-project/gatekey/internal/db/geo_fence.go:128.84,131.2 2 0
github.com/gatekey-project/gatekey/internal/db/geo_fence.go:134.87,141.16 2 0
github.com/gatekey-project/gatekey/internal/db/geo_fence.go:141.16,143.3 1 0
github.com/gatekey-project/gatekey/internal/db/geo_fence.go:144.2,147.18 3 0
github.com/gatekey-project/gatekey/internal/db/geo_fence.go:147.18,149.134 2 0
github.com/gatekey-project/gatekey/internal/db/geo_fence.go:149.134,151.4 1 0
github.com/gatekey-project/gatekey/internal/db/geo_fence.go:152.3,152.28 1 0
github.com/gatekey-project/gatekey/internal/db/geo_fence.go:154.2,154.26 1 0
github.com/gatekey-project/gatekey/internal/db/geo_fence.go:160.87,166.2 2 0
github.com/gatekey-project/gatekey/internal/db/geo_fence.go:169.90,172.2 2 0
github.com/gatekey-project/gatekey/internal/db/geo_fence.go:175.100,183.16 2 0
github.com/gatekey-project/gatekey/internal/db/geo_fence.go:183.16,185.3 1 0
github.com/gatekey-project/gatekey/internal/db/geo_fence.go:186.2,189.18 3 0
github.com/gatekey-project/gatekey/internal/db/geo_fence.go:189.18,191.134 2 0
github.com/gatekey-project/gatekey/internal/db/geo_fence.go:191.134,193.4 1 0
github.com/gatekey-project/gatekey/internal/db/geo_fence.go:194.3,194.28 1 0
github.com/gatekey-project/gatekey/internal/db/geo_fence.go:196.2,196.26 1 0
github.com/gatekey-project/gatekey/internal/db/geo_fence.go:202.91,208.2 2 0
github.com/gatekey-project/gatekey/internal/db/geo_fence.go:211.94,214.2 2 0
github.com/gatekey-project/gatekey/internal/db/geo_fence.go:217.104,225.16 2 0
github.com/gatekey-project/gatekey/internal/db/geo_fence.go:225.16,227.3 1 0
github.com/gatekey-project/gatekey/internal/db/geo_fence.go:228.2,231.18 3 0
github.com/gatekey-project/gatekey/internal/db/geo_fence.go:231.18,233.134 2 0
github.com/gatekey-project/gatekey/internal/db/geo_fence.go:233.134,235.4 1 0
github.com/gatekey-project/gatekey/internal/db/geo_fence.go:236.3,236.28 1 0
github.com/gatekey-project/gatekey/internal/db/geo_fence.go:238.2,238.26 1 0
github.com/gatekey-project/gatekey/internal/db/geo_fence.go:245.121,248.16 2 0
github.com/gatekey-project/gatekey/internal/db/geo_fence.go:248.16,250.3 1 0
github.com/gatekey-project/gatekey/internal/db/geo_fence.go:251.2,251.24 1 0
github.com/gatekey-project/gatekey/internal/db/geo_fence.go:251.24,253.3 1 0
github.com/gatekey-project/gatekey/internal/db/geo_fence.go:256.2,258.31 3 0
github.com/gatekey-project/gatekey/internal/db/geo_fence.go:258.31,260.17 2 0
github.com/gatekey-project/gatekey/internal/db/geo_fence.go:260.17,262.4 1 0
github.com/gatekey-project/gatekey/internal/db/geo_fence.go:263.3,263.27 1 0
github.com/gatekey-project/gatekey/internal/db/geo_fence.go:263.27,264.19 1 0
github.com/gatekey-project/gatekey/internal/db/geo_fence.go:264.19,267.5 2 0
github.com/gatekey-project/gatekey/internal/db/geo_fence.go:270.2,270.25 1 0
github.com/gatekey-project/gatekey/internal/db/geo_fence.go:270.25,272.3 1 0
github.com/gatekey-project/gatekey/internal/db/geo_fence.go:275.2,275.31 1 0
github.com/gatekey-project/gatekey/internal/db/geo_fence.go:282.114,284.16 2 0
github.com/gatekey-project/gatekey/internal/db/geo_fence.go:284.16,286.3 1 0
github.com/gatekey-project/gatekey/internal/db/geo_fence.go:289.2,289.21 1 0
github.com/gatekey-project/gatekey/internal/db/geo_fence.go:289.21,291.3 1 0
github.com/gatekey-project/gatekey/internal/db/geo_fence.go:294.2,295.15 2 0
github.com/gatekey-project/gatekey/internal/db/geo_fence.go:295.15,297.3 1 0
github.com/gatekey-project/gatekey/internal/db/geo_fence.go:300.2,303.29 2 0
github.com/gatekey-project/gatekey/internal/db/geo_fence.go:303.29,304.21 1 0
github.com/gatekey-project/gatekey/internal/db/geo_fence.go:304.21,305.12 1 0
github.com/gatekey-project/gatekey/internal/db/geo_fence.go:309.3,309.13 1 0
github.com/gatekey-project/gatekey/internal/db/geo_fence.go:309.13,311.54 1 0
github.com/gatekey-project/gatekey/internal/db/geo_fence.go:311.54,313.32 2 0
github.com/gatekey-project/gatekey/internal/db/geo_fence.go:313.32,315.20 2 0
github.com/gatekey-project/gatekey/internal/db/geo_fence.go:315.20,316.15 1 0
github.com/gatekey-project/gatekey/internal/db/geo_fence.go:318.6,319.20 2 0
github.com/gatekey-project/gatekey/internal/db/geo_fence.go:319.20,320.15 1 0
github.com/gatekey-project/gatekey/internal/db/geo_fence.go:322.6,322.28 1 0
github.com/gatekey-project/gatekey/internal/db/geo_fence.go:322.28,324.7 1 0
github.com/gatekey-project/gatekey/internal/db/geo_fence.go:330.3,331.30 2 0
github.com/gatekey-project/gatekey/internal/db/geo_fence.go:331.30,333.18 2 0
github.com/gatekey-project/gatekey/internal/db/geo_fence.go:333.18,334.13 1 0
github.com/gatekey-project/gatekey/internal/db/geo_fence.go:336.4,337.18 2 0
github.com/gatekey-project/gatekey/internal/db/geo_fence.go:337.18,338.13 1 0
github.com/gatekey-project/gatekey/internal/db/geo_fence.go:340.4,340.26 1 0
github.com/gatekey-project/gatekey/internal/db/geo_fence.go:340.26,342.5 1 0
github.com/gatekey-project/gatekey/internal/db/geo_fence.go:346.2,346.19 1 0
github.com/gatekey-project/gatekey/internal/db/geo_fence.go:350.137,354.16 3 0
github.com/gatekey-project/gatekey/internal/db/geo_fence.go:354.16,356.3 1 0
github.com/gatekey-project/gatekey/internal/db/geo_fence.go:357.2,361.16 3 0
github.com/gatekey-project/gatekey/internal/db/geo_fence.go:361.16,363.3 1 0
github.com/gatekey-project/gatekey/internal/db/geo_fence.go:366.2,367.8 2 0
github.com/gatekey-project/gatekey/internal/db/local_groups.go:47.50,49.2 1 0
github.com/gatekey-project/gatekey/internal/db/local_groups.go:52.90,60.66 2 0
github.com/gatekey-project/gatekey/internal/db/local_groups.go:60.66,62.3 1 0
github.com/gatekey-project/gatekey/internal/db/local_groups.go:63.2,63.12 1 0
github.com/gatekey-project/gatekey/internal/db/local_groups.go:67.94,75.26 3 0
github.com/gatekey-project/gatekey/internal/db/local_groups.go:75.26,77.3 1 0
github.com/gatekey-project/gatekey/internal/db/local_groups.go:78.2,78.20 1 0
github.com/gatekey-project/gatekey/internal/db/local_groups.go:82.102,90.26 3 0
github.com/gatekey-project/gatekey/internal/db/local_groups.go:90.26,92.3 1 0
github.com/gatekey-project/gatekey/internal/db/local_groups.go:93.2,93.20 1 0
github.com/gatekey-project/gatekey/internal/db/local_groups.go:97.87,104.16 2 0
github.com/gatekey-project/gatekey/internal/db/local_groups.go:104.16,106.3 1 0
github.com/gatekey-project/gatekey/internal/db/local_groups.go:107.2,110.18 3 0
github.com/gatekey-project/gatekey/internal/db/local_groups.go:110.18,112.111 2 0
github.com/gatekey-project/gatekey/internal/db/local_groups.go:112.111,114.4 1 0
github.com/gatekey-project/gatekey/internal/db/local_groups.go:115.3,115.30 1 0
github.com/gatekey-project/gatekey/internal/db/local_groups.go:117.2,117.27 1 0
github.com/gatekey-project/gatekey/internal/db/local_groups.go:121.90,126.16 2 0
github.com/gatekey-project/gatekey/internal/db/local_groups.go:126.16,127.53 1 0
github.com/gatekey-project/gatekey/internal/db/local_groups.go:127.53,129.4 1 0
github.com/gatekey-project/gatekey/internal/db/local_groups.go:130.3,130.13 1 0
github.com/gatekey-project/gatekey/internal/db/local_groups.go:132.2,132.32 1 0
github.com/gatekey-project/gatekey/internal/db/local_groups.go:132.32,134.3 1 0
github.com/gatekey-project/gatekey/internal/db/local_groups.go:135.2,135.12 1 0
github.com/gatekey-project/gatekey/internal/db/local_groups.go:139.82,141.16 2 0
github.com/gatekey-project/gatekey/internal/db/local_groups.go:141.16,143.3 1 0
github.com/gatekey-project/gatekey/internal/db/local_groups.go:144.2,144.32 1 0
github.com/gatekey-project/gatekey/internal/db/local_groups.go:144.32,146.3 1 0
github.com/gatekey-project/gatekey/internal/db/local_groups.go:147.2,147.12 1 0
github.com/gatekey-project/gatekey/internal/db/local_groups.go:151.100,158.2 2 0
github.com/gatekey-project/gatekey/internal/db/local_groups.go:161.103,166.16 2 0
github.com/gatekey-project/gatekey/internal/db/local_groups.go:166.16,168.3 1 0
github.com/gatekey-project/gatekey/internal/db/local_groups.go:169.2,169.32 1 0
github.com/gatekey-project/gatekey/internal/db/local_groups.go:169.32,171.3 1 0
github.com/gatekey-project/gatekey/internal/db/local_groups.go:172.2,172.12 1 0
github.com/gatekey-project/gatekey/internal/db/local_groups.go:176.108,187.16 2 0
github.com/gatekey-project/gatekey/internal/db/local_groups.go:187.16,189.3 1 0
github.com/gatekey-project/gatekey/internal/db/local_groups.go:190.2,193.18 3 0
github.com/gatekey-project/gatekey/internal/db/local_groups.go:193.18,195.94 2 0
github.com/gatekey-project/gatekey/internal/db/local_groups.go:195.94,197.4 1 0
github.com/gatekey-project/gatekey/internal/db/local_groups.go:198.3,198.31 1 0
github.com/gatekey-project/gatekey/internal/db/local_groups.go:200.2,200.28 1 0
github.com/gatekey-project/gatekey/internal/db/local_groups.go:205.112,213.16 2 0
github.com/gatekey-project/gatekey/internal/db/local_groups.go:213.16,215.3 1 0
github.com/gatekey-project/gatekey/internal/db/local_groups.go:216.2,219.18 3 0
github.com/gatekey-project/gatekey/internal/db/local_groups.go:219.18,221.42 2 0
github.com/gatekey-project/gatekey/internal/db/local_groups.go:221.42,223.4 1 0
github.com/gatekey-project/gatekey/internal/db/local_groups.go:225.3,225.49 1 0
github.com/gatekey-project/gatekey/internal/db/local_groups.go:227.2,227.27 1 0
github.com/gatekey-project/gatekey/internal/db/local_groups.go:232.115,240.16 2 0
github.com/gatekey-project/gatekey/internal/db/local_groups.go:240.16,242.3 1 0
github.com/gatekey-project/gatekey/internal/db/local_groups.go:243.2,246.18 3 0
github.com/gatekey-project/gatekey/internal/db/local_groups.go:246.18,248.42 2 0
github.com/gatekey-project/gatekey/internal/db/local_groups.go:248.42,250.4 1 0
github.com/gatekey-project/gatekey/internal/db/local_groups.go:251.3,251.32 1 0
github.com/gatekey-project/gatekey/internal/db/local_groups.go:253.2,253.27 1 0
github.com/gatekey-project/gatekey/internal/db/local_groups.go:258.129,261.16 2 0
github.com/gatekey-project/gatekey/internal/db/local_groups.go:261.16,263.3 1 0
github.com/gatekey-project/gatekey/internal/db/local_groups.go:266.2,273.16 2 0
github.com/gatekey-project/gatekey/internal/db/local_groups.go:273.16,275.3 1 0
github.com/gatekey-project/gatekey/internal/db/local_groups.go:276.2,279.21 3 0
github.com/gatekey-project/gatekey/internal/db/local_groups.go:279.21,283.98 3 0
github.com/gatekey-project/gatekey/internal/db/local_groups.go:283.98,285.4 1 0
github.com/gatekey-project/gatekey/internal/db/local_groups.go:286.3,286.34 1 0
github.com/gatekey-project/gatekey/internal/db/local_groups.go:290.2,297.16 2 0
github.com/gatekey-project/gatekey/internal/db/local_groups.go:297.16,299.3 1 0
github.com/gatekey-project/gatekey/internal/db/local_groups.go:300.2,303.23 3 0
github.com/gatekey-project/gatekey/internal/db/local_groups.go:303.23,305.112 2 0
github.com/gatekey-project/gatekey/internal/db/local_groups.go:305.112,307.4 1 0
github.com/gatekey-project/gatekey/internal/db/local_groups.go:308.3,308.38 1 0
github.com/gatekey-project/gatekey/internal/db/local_groups.go:311.2,311.34 1 0
github.com/gatekey-project/gatekey/internal/db/login_logs.go:59.46,61.2 1 0
github.com/gatekey-project/gatekey/internal/db/login_logs.go:64.74,73.2 2 0
github.com/gatekey-project/gatekey/internal/db/login_logs.go:76.101,89.28 5 0
github.com/gatekey-project/gatekey/internal/db/login_logs.go:89.28,94.3 4 0
github.com/gatekey-project/gatekey/internal/db/login_logs.go:95.2,95.25 1 0
github.com/gatekey-project/gatekey/internal/db/login_logs.go:95.25,100.3 4 0
github.com/gatekey-project/gatekey/internal/db/login_logs.go:101.2,101.28 1 0
github.com/gatekey-project/gatekey/internal/db/login_logs.go:101.28,106.3 4 0
github.com/gatekey-project/gatekey/internal/db/login_logs.go:107.2,107.27 1 0
github.com/gatekey-project/gatekey/internal/db/login_logs.go:107.27,112.3 4 0
github.com/gatekey-project/gatekey/internal/db/login_logs.go:113.2,113.27 1 0
github.com/gatekey-project/gatekey/internal/db/login_logs.go:113.27,118.3 4 0
github.com/gatekey-project/gatekey/internal/db/login_logs.go:119.2,119.29 1 0
github.com/gatekey-project/gatekey/internal/db/login_logs.go:119.29,124.3 4 0
github.com/gatekey-project/gatekey/internal/db/login_logs.go:125.2,125.27 1 0
github.com/gatekey-project/gatekey/internal/db/login_logs.go:125.27,130.3 4 0
github.com/gatekey-project/gatekey/internal/db/login_logs.go:133.2,135.16 3 0
github.com/gatekey-project/gatekey/internal/db/login_logs.go:135.16,137.3 1 0
github.com/gatekey-project/gatekey/internal/db/login_logs.go:140.2,141.22 2 0
github.com/gatekey-project/gatekey/internal/db/login_logs.go:141.22,145.3 3 0
github.com/gatekey-project/gatekey/internal/db/login_logs.go:146.2,146.23 1 0
github.com/gatekey-project/gatekey/internal/db/login_logs.go:146.23,149.3 2 0
github.com/gatekey-project/gatekey/internal/db/login_logs.go:151.2,152.16 2 0
github.com/gatekey-project/gatekey/internal/db/login_logs.go:152.16,154.3 1 0
github.com/gatekey-project/gatekey/internal/db/login_logs.go:155.2,158.18 3 0
github.com/gatekey-project/gatekey/internal/db/login_logs.go:158.18,164.17 2 0
github.com/gatekey-project/gatekey/internal/db/login_logs.go:164.17,166.4 1 0
github.com/gatekey-project/gatekey/internal/db/login_logs.go:167.3,167.28 1 0
github.com/gatekey-project/gatekey/internal/db/login_logs.go:169.2,169.32 1 0
github.com/gatekey-project/gatekey/internal/db/login_logs.go:173.89,192.16 4 0
github.com/gatekey-project/gatekey/internal/db/login_logs.go:192.16,194.3 1 0
github.com/gatekey-project/gatekey/internal/db/login_logs.go:197.2,203.16 2 0
github.com/gatekey-project/gatekey/internal/db/login_logs.go:203.16,205.3 1 0
github.com/gatekey-project/gatekey/internal/db/login_logs.go:206.2,208.18 2 0
github.com/gatekey-project/gatekey/internal/db/login_logs.go:208.18,211.54 3 0
github.com/gatekey-project/gatekey/internal/db/login_logs.go:211.54,213.4 1 0
github.com/gatekey-project/gatekey/internal/db/login_logs.go:214.3,214.43 1 0
github.com/gatekey-project/gatekey/internal/db/login_logs.go:218.2,226.16 2 0
github.com/gatekey-project/gatekey/internal/db/login_logs.go:226.16,228.3 1 0
github.com/gatekey-project/gatekey/internal/db/login_logs.go:229.2,231.18 2 0
github.com/gatekey-project/gatekey/internal/db/login_logs.go:231.18,234.53 3 0
github.com/gatekey-project/gatekey/internal/db/login_logs.go:234.53,236.4 1 0
github.com/gatekey-project/gatekey/internal/db/login_logs.go:237.3,237.41 1 0
github.com/gatekey-project/gatekey/internal/db/login_logs.go:241.2,250.16 2 0
github.com/gatekey-project/gatekey/internal/db/login_logs.go:250.16,252.3 1 0
github.com/gatekey-project/gatekey/internal/db/login_logs.go:253.2,255.22 2 0
github.com/gatekey-project/gatekey/internal/db/login_logs.go:255.22,261.17 2 0
github.com/gatekey-project/gatekey/internal/db/login_logs.go:261.17,263.4 1 0
github.com/gatekey-project/gatekey/internal/db/login_logs.go:264.3,264.60 1 0
github.com/gatekey-project/gatekey/internal/db/login_logs.go:267.2,267.19 1 0
github.com/gatekey-project/gatekey/internal/db/login_logs.go:271.87,276.16 3 0
github.com/gatekey-project/gatekey/internal/db/login_logs.go:276.16,278.3 1 0
github.com/gatekey-project/gatekey/internal/db/login_logs.go:279.2,279.35 1 0
github.com/gatekey-project/gatekey/internal/db/login_logs.go:283.116,284.16 1 0
github.com/gatekey-project/gatekey/internal/db/login_logs.go:284.16,286.3 1 0
github.com/gatekey-project/gatekey/internal/db/login_logs.go:287.2,296.16 2 0
github.com/gatekey-project/gatekey/internal/db/login_logs.go:296.16,298.3 1 0
github.com/gatekey-project/gatekey/internal/db/login_logs.go:299.2,302.18 3 0
github.com/gatekey-project/gatekey/internal/db/login_logs.go:302.18,308.17 2 0
github.com/gatekey-project/gatekey/internal/db/login_logs.go:308.17,310.4 1 0
github.com/gatekey-project/gatekey/internal/db/login_logs.go:311.3,311.28 1 0
github.com/gatekey-project/gatekey/internal/db/login_logs.go:313.2,313.25 1 0
github.com/gatekey-project/gatekey/internal/db/login_logs.go:317.25,319.2 1 0
github.com/gatekey-project/gatekey/internal/db/mesh.go:169.38,171.2 1 0
github.com/gatekey-project/gatekey/internal/db/mesh.go:174.42,176.40 2 0
github.com/gatekey-project/gatekey/internal/db/mesh.go:176.40,178.3 1 0
github.com/gatekey-project/gatekey/internal/db/mesh.go:179.2,179.50 1 0
github.com/gatekey-project/gatekey/internal/db/mesh.go:185.72,187.27 1 0
github.com/gatekey-project/gatekey/internal/db/mesh.go:187.27,189.3 1 0
github.com/gatekey-project/gatekey/internal/db/mesh.go:190.2,190.22 1 0
github.com/gatekey-project/gatekey/internal/db/mesh.go:190.22,191.50 1 0
github.com/gatekey-project/gatekey/internal/db/mesh.go:191.50,193.4 1 0
github.com/gatekey-project/gatekey/internal/db/mesh.go:193.9,195.4 1 0
github.com/gatekey-project/gatekey/internal/db/mesh.go:197.2,197.27 1 0
github.com/gatekey-project/gatekey/internal/db/mesh.go:197.27,199.3 1 0
github.com/gatekey-project/gatekey/internal/db/mesh.go:200.2,200.25 1 0
github.com/gatekey-project/gatekey/internal/db/mesh.go:200.25,202.3 1 0
github.com/gatekey-project/gatekey/internal/db/mesh.go:203.2,203.29 1 0
github.com/gatekey-project/gatekey/internal/db/mesh.go:203.29,205.3 1 0
github.com/gatekey-project/gatekey/internal/db/mesh.go:206.2,206.22 1 0
github.com/gatekey-project/gatekey/internal/db/mesh.go:206.22,208.3 1 0
github.com/gatekey-project/gatekey/internal/db/mesh.go:209.2,209.27 1 0
github.com/gatekey-project/gatekey/internal/db/mesh.go:209.27,211.3 1 0
github.com/gatekey-project/gatekey/internal/db/mesh.go:213.2,233.66 2 0
github.com/gatekey-project/gatekey/internal/db/mesh.go:233.66,235.3 1 0
github.com/gatekey-project/gatekey/internal/db/mesh.go:236.2,236.12 1 0
github.com/gatekey-project/gatekey/internal/db/mesh.go:240.78,273.26 5 0
github.com/gatekey-project/gatekey/internal/db/mesh.go:273.26,275.3 1 0
github.com/gatekey-project/gatekey/internal/db/mesh.go:276.2,276.16 1 0
github.com/gatekey-project/gatekey/internal/db/mesh.go:276.16,278.3 1 0
github.com/gatekey-project/gatekey/internal/db/mesh.go:279.2,279.22 1 0
github.com/gatekey-project/gatekey/internal/db/mesh.go:279.22,281.3 1 0
github.com/gatekey-project/gatekey/internal/db/mesh.go:282.2,282.25 1 0
github.com/gatekey-project/gatekey/internal/db/mesh.go:282.25,284.3 1 0
github.com/gatekey-project/gatekey/internal/db/mesh.go:284.8,286.3 1 0
github.com/gatekey-project/gatekey/internal/db/mesh.go:287.2,287.18 1 0
github.com/gatekey-project/gatekey/internal/db/mesh.go:291.88,324.26 5 0
github.com/gatekey-project/gatekey/internal/db/mesh.go:324.26,326.3 1 0
github.com/gatekey-project/gatekey/internal/db/mesh.go:327.2,327.16 1 0
github.com/gatekey-project/gatekey/internal/db/mesh.go:327.16,329.3 1 0
github.com/gatekey-project/gatekey/internal/db/mesh.go:330.2,330.22 1 0
github.com/gatekey-project/gatekey/internal/db/mesh.go:330.22,332.3 1 0
github.com/gatekey-project/gatekey/internal/db/mesh.go:333.2,333.25 1 0
github.com/gatekey-project/gatekey/internal/db/mesh.go:333.25,335.3 1 0
github.com/gatekey-project/gatekey/internal/db/mesh.go:335.8,337.3 1 0
github.com/gatekey-project/gatekey/internal/db/mesh.go:338.2,338.18 1 0
github.com/gatekey-project/gatekey/internal/db/mesh.go:342.65,376.26 6 0
github.com/gatekey-project/gatekey/internal/db/mesh.go:376.26,378.3 1 0
github.com/gatekey-project/gatekey/internal/db/mesh.go:379.2,379.16 1 0
github.com/gatekey-project/gatekey/internal/db/mesh.go:379.16,381.3 1 0
github.com/gatekey-project/gatekey/internal/db/mesh.go:382.2,382.22 1 0
github.com/gatekey-project/gatekey/internal/db/mesh.go:382.22,384.3 1 0
github.com/gatekey-project/gatekey/internal/db/mesh.go:385.2,385.25 1 0
github.com/gatekey-project/gatekey/internal/db/mesh.go:385.25,387.3 1 0
github.com/gatekey-project/gatekey/internal/db/mesh.go:387.8,389.3 1 0
github.com/gatekey-project/gatekey/internal/db/mesh.go:390.2,390.18 1 0
github.com/gatekey-project/gatekey/internal/db/mesh.go:394.71,407.16 2 0
github.com/gatekey-project/gatekey/internal/db/mesh.go:407.16,409.3 1 0
github.com/gatekey-project/gatekey/internal/db/mesh.go:410.2,413.18 3 0
github.com/gatekey-project/gatekey/internal/db/mesh.go:413.18,426.17 4 0
github.com/gatekey-project/gatekey/internal/db/mesh.go:426.17,428.4 1 0
github.com/gatekey-project/gatekey/internal/db/mesh.go:429.3,429.23 1 0
github.com/gatekey-project/gatekey/internal/db/mesh.go:429.23,431.4 1 0
github.com/gatekey-project/gatekey/internal/db/mesh.go:432.3,432.26 1 0
github.com/gatekey-project/gatekey/internal/db/mesh.go:432.26,434.4 1 0
github.com/gatekey-project/gatekey/internal/db/mesh.go:434.9,436.4 1 0
github.com/gatekey-project/gatekey/internal/db/mesh.go:437.3,437.28 1 0
github.com/gatekey-project/gatekey/internal/db/mesh.go:439.2,439.25 1 0
github.com/gatekey-project/gatekey/internal/db/mesh.go:444.72,459.16 2 0
github.com/gatekey-project/gatekey/internal/db/mesh.go:459.16,460.53 1 0
github.com/gatekey-project/gatekey/internal/db/mesh.go:460.53,462.4 1 0
github.com/gatekey-project/gatekey/internal/db/mesh.go:463.3,463.13 1 0
github.com/gatekey-project/gatekey/internal/db/mesh.go:465.2,465.32 1 0
github.com/gatekey-project/gatekey/internal/db/mesh.go:465.32,467.3 1 0
github.com/gatekey-project/gatekey/internal/db/mesh.go:468.2,468.12 1 0
github.com/gatekey-project/gatekey/internal/db/mesh.go:472.142,480.2 2 0
github.com/gatekey-project/gatekey/internal/db/mesh.go:483.115,491.2 2 0
github.com/gatekey-project/gatekey/internal/db/mesh.go:494.149,502.2 2 0
github.com/gatekey-project/gatekey/internal/db/mesh.go:505.69,507.16 2 0
github.com/gatekey-project/gatekey/internal/db/mesh.go:507.16,509.3 1 0
github.com/gatekey-project/gatekey/internal/db/mesh.go:510.2,510.32 1 0
github.com/gatekey-project/gatekey/internal/db/mesh.go:510.32,512.3 1 0
github.com/gatekey-project/gatekey/internal/db/mesh.go:513.2,513.12 1 0
github.com/gatekey-project/gatekey/internal/db/mesh.go:518.84,521.16 2 0
github.com/gatekey-project/gatekey/internal/db/mesh.go:521.16,523.3 1 0
github.com/gatekey-project/gatekey/internal/db/mesh.go:525.2,530.16 2 0
github.com/gatekey-project/gatekey/internal/db/mesh.go:530.16,532.3 1 0
github.com/gatekey-project/gatekey/internal/db/mesh.go:533.2,533.32 1 0
github.com/gatekey-project/gatekey/internal/db/mesh.go:533.32,535.3 1 0
github.com/gatekey-project/gatekey/internal/db/mesh.go:536.2,536.22 1 0
github.com/gatekey-project/gatekey/internal/db/mesh.go:540.99,545.16 2 0
github.com/gatekey-project/gatekey/internal/db/mesh.go:545.16,547.3 1 0
github.com/gatekey-project/gatekey/internal/db/mesh.go:548.2,548.35 1 0
github.com/gatekey-project/gatekey/internal/db/mesh.go:554.79,555.21 1 0
github.com/gatekey-project/gatekey/internal/db/mesh.go:555.21,557.3 1 0
github.com/gatekey-project/gatekey/internal/db/mesh.go:558.2,558.26 1 0
github.com/gatekey-project/gatekey/internal/db/mesh.go:558.26,560.3 1 0
github.com/gatekey-project/gatekey/internal/db/mesh.go:562.2,585.66 2 0
github.com/gatekey-project/gatekey/internal/db/mesh.go:585.66,587.3 1 0
github.com/gatekey-project/gatekey/internal/db/mesh.go:588.2,588.12 1 0
github.com/gatekey-project/gatekey/internal/db/mesh.go:592.86,618.26 4 0
github.com/gatekey-project/gatekey/internal/db/mesh.go:618.26,620.3 1 0
github.com/gatekey-project/gatekey/internal/db/mesh.go:621.2,621.16 1 0
github.com/gatekey-project/gatekey/internal/db/mesh.go:621.16,623.3 1 0
github.com/gatekey-project/gatekey/internal/db/mesh.go:624.2,624.21 1 0
github.com/gatekey-project/gatekey/internal/db/mesh.go:624.21,626.3 1 0
github.com/gatekey-project/gatekey/internal/db/mesh.go:627.2,627.21 1 0
github.com/gatekey-project/gatekey/internal/db/mesh.go:627.21,629.3 1 0
github.com/gatekey-project/gatekey/internal/db/mesh.go:630.2,630.17 1 0
github.com/gatekey-project/gatekey/internal/db/mesh.go:634.96,660.26 4 0
github.com/gatekey-project/gatekey/internal/db/mesh.go:660.26,662.3 1 0
github.com/gatekey-project/gatekey/internal/db/mesh.go:663.2,663.16 1 0
github.com/gatekey-project/gatekey/internal/db/mesh.go:663.16,665.3 1 0
github.com/gatekey-project/gatekey/internal/db/mesh.go:666.2,666.21 1 0
github.com/gatekey-project/gatekey/internal/db/mesh.go:666.21,668.3 1 0
github.com/gatekey-project/gatekey/internal/db/mesh.go:669.2,669.21 1 0
github.com/gatekey-project/gatekey/internal/db/mesh.go:669.21,671.3 1 0
github.com/gatekey-project/gatekey/internal/db/mesh.go:672.2,672.17 1 0
github.com/gatekey-project/gatekey/internal/db/mesh.go:676.73,703.26 5 0
github.com/gatekey-project/gatekey/internal/db/mesh.go:703.26,705.3 1 0
github.com/gatekey-project/gatekey/internal/db/mesh.go:706.2,706.16 1 0
github.com/gatekey-project/gatekey/internal/db/mesh.go:706.16,708.3 1 0
github.com/gatekey-project/gatekey/internal/db/mesh.go:709.2,709.21 1 0
github.com/gatekey-project/gatekey/internal/db/mesh.go:709.21,711.3 1 0
github.com/gatekey-project/gatekey/internal/db/mesh.go:712.2,712.21 1 0
github.com/gatekey-project/gatekey/internal/db/mesh.go:712.21,714.3 1 0
github.com/gatekey-project/gatekey/internal/db/mesh.go:715.2,715.17 1 0
github.com/gatekey-project/gatekey/internal/db/mesh.go:719.98,732.16 2 0
github.com/gatekey-project/gatekey/internal/db/mesh.go:732.16,734.3 1 0
github.com/gatekey-project/gatekey/internal/db/mesh.go:735.2,738.18 3 0
github.com/gatekey-project/gatekey/internal/db/mesh.go:738.18,749.17 3 0
github.com/gatekey-project/gatekey/internal/db/mesh.go:749.17,751.4 1 0
github.com/gatekey-project/gatekey/internal/db/mesh.go:752.3,752.22 1 0
github.com/gatekey-project/gatekey/internal/db/mesh.go:752.22,754.4 1 0
github.com/gatekey-project/gatekey/internal/db/mesh.go:755.3,755.22 1 0
github.com/gatekey-project/gatekey/internal/db/mesh.go:755.22,757.4 1 0
github.com/gatekey-project/gatekey/internal/db/mesh.go:758.3,758.35 1 0
github.com/gatekey-project/gatekey/internal/db/mesh.go:760.2,760.29 1 0
github.com/gatekey-project/gatekey/internal/db/mesh.go:764.79,773.16 2 0
github.com/gatekey-project/gatekey/internal/db/mesh.go:773.16,774.53 1 0
github.com/gatekey-project/gatekey/internal/db/mesh.go:774.53,776.4 1 0
github.com/gatekey-project/gatekey/internal/db/mesh.go:777.3,777.13 1 0
github.com/gatekey-project/gatekey/internal/db/mesh.go:779.2,779.32 1 0
github.com/gatekey-project/gatekey/internal/db/mesh.go:779.32,781.3 1 0
github.com/gatekey-project/gatekey/internal/db/mesh.go:782.2,782.12 1 0
github.com/gatekey-project/gatekey/internal/db/mesh.go:786.113,794.2 2 0
github.com/gatekey-project/gatekey/internal/db/mesh.go:797.137,806.2 2 0
github.com/gatekey-project/gatekey/internal/db/mesh.go:809.148,817.2 2 0
github.com/gatekey-project/gatekey/internal/db/mesh.go:820.75,822.16 2 0
github.com/gatekey-project/gatekey/internal/db/mesh.go:822.16,824.3 1 0
github.com/gatekey-project/gatekey/internal/db/mesh.go:825.2,825.32 1 0
github.com/gatekey-project/gatekey/internal/db/mesh.go:825.32,827.3 1 0
github.com/gatekey-project/gatekey/internal/db/mesh.go:828.2,828.12 1 0
github.com/gatekey-project/gatekey/internal/db/mesh.go:833.86,836.16 2 0
github.com/gatekey-project/gatekey/internal/db/mesh.go:836.16,838.3 1 0
github.com/gatekey-project/gatekey/internal/db/mesh.go:840.2,845.16 2 0
github.com/gatekey-project/gatekey/internal/db/mesh.go:845.16,847.3 1 0
github.com/gatekey-project/gatekey/internal/db/mesh.go:848.2,848.32 1 0
github.com/gatekey-project/gatekey/internal/db/mesh.go:848.32,850.3 1 0
github.com/gatekey-project/gatekey/internal/db/mesh.go:851.2,851.22 1 0
github.com/gatekey-project/gatekey/internal/db/mesh.go:855.105,860.16 2 0
github.com/gatekey-project/gatekey/internal/db/mesh.go:860.16,862.3 1 0
github.com/gatekey-project/gatekey/internal/db/mesh.go:863.2,863.35 1 0
github.com/gatekey-project/gatekey/internal/db/mesh.go:869.86,876.2 2 0
github.com/gatekey-project/gatekey/internal/db/mesh.go:879.88,884.2 2 0
github.com/gatekey-project/gatekey/internal/db/mesh.go:887.90,894.2 2 0
github.com/gatekey-project/gatekey/internal/db/mesh.go:897.92,902.2 2 0
github.com/gatekey-project/gatekey/internal/db/mesh.go:905.86,909.16 2 0
github.com/gatekey-project/gatekey/internal/db/mesh.go:909.16,911.3 1 0
github.com/gatekey-project/gatekey/internal/db/mesh.go:912.2,915.18 3 0
github.com/gatekey-project/gatekey/internal/db/mesh.go:915.18,917.44 2 0
github.com/gatekey-project/gatekey/internal/db/mesh.go:917.44,919.4 1 0
github.com/gatekey-project/gatekey/internal/db/mesh.go:920.3,920.32 1 0
github.com/gatekey-project/gatekey/internal/db/mesh.go:922.2,922.26 1 0
github.com/gatekey-project/gatekey/internal/db/mesh.go:926.87,930.16 2 0
github.com/gatekey-project/gatekey/internal/db/mesh.go:930.16,932.3 1 0
github.com/gatekey-project/gatekey/internal/db/mesh.go:933.2,936.18 3 0
github.com/gatekey-project/gatekey/internal/db/mesh.go:936.18,938.47 2 0
github.com/gatekey-project/gatekey/internal/db/mesh.go:938.47,940.4 1 0
github.com/gatekey-project/gatekey/internal/db/mesh.go:941.3,941.37 1 0
github.com/gatekey-project/gatekey/internal/db/mesh.go:943.2,943.27 1 0
github.com/gatekey-project/gatekey/internal/db/mesh.go:947.112,957.2 3 0
github.com/gatekey-project/gatekey/internal/db/mesh.go:960.109,977.16 2 0
github.com/gatekey-project/gatekey/internal/db/mesh.go:977.16,979.3 1 0
github.com/gatekey-project/gatekey/internal/db/mesh.go:980.2,983.18 3 0
github.com/gatekey-project/gatekey/internal/db/mesh.go:983.18,995.17 4 0
github.com/gatekey-project/gatekey/internal/db/mesh.go:995.17,997.4 1 0
github.com/gatekey-project/gatekey/internal/db/mesh.go:998.3,998.23 1 0
github.com/gatekey-project/gatekey/internal/db/mesh.go:998.23,1000.4 1 0
github.com/gatekey-project/gatekey/internal/db/mesh.go:1001.3,1001.26 1 0
github.com/gatekey-project/gatekey/internal/db/mesh.go:1001.26,1003.4 1 0
github.com/gatekey-project/gatekey/internal/db/mesh.go:1003.9,1005.4 1 0
github.com/gatekey-project/gatekey/internal/db/mesh.go:1006.3,1006.28 1 0
github.com/gatekey-project/gatekey/internal/db/mesh.go:1008.2,1008.25 1 0
github.com/gatekey-project/gatekey/internal/db/mesh.go:1014.91,1021.16 2 0
github.com/gatekey-project/gatekey/internal/db/mesh.go:1021.16,1023.3 1 0
github.com/gatekey-project/gatekey/internal/db/mesh.go:1024.2,1027.18 3 0
github.com/gatekey-project/gatekey/internal/db/mesh.go:1027.18,1029.45 2 0
github.com/gatekey-project/gatekey/internal/db/mesh.go:1029.45,1031.4 1 0
github.com/gatekey-project/gatekey/internal/db/mesh.go:1032.3,1032.35 1 0
github.com/gatekey-project/gatekey/internal/db/mesh.go:1034.2,1034.27 1 0
github.com/gatekey-project/gatekey/internal/db/mesh.go:1039.117,1059.16 2 0
github.com/gatekey-project/gatekey/internal/db/mesh.go:1059.16,1061.3 1 0
github.com/gatekey-project/gatekey/internal/db/mesh.go:1062.2,1065.18 3 0
github.com/gatekey-project/gatekey/internal/db/mesh.go:1065.18,1067.45 2 0
github.com/gatekey-project/gatekey/internal/db/mesh.go:1067.45,1069.4 1 0
github.com/gatekey-project/gatekey/internal/db/mesh.go:1070.3,1070.35 1 0
github.com/gatekey-project/gatekey/internal/db/mesh.go:1072.2,1072.27 1 0
github.com/gatekey-project/gatekey/internal/db/mesh.go:1078.87,1085.2 2 0
github.com/gatekey-project/gatekey/internal/db/mesh.go:1088.92,1093.2 2 0
github.com/gatekey-project/gatekey/internal/db/mesh.go:1096.90,1100.16 2 0
github.com/gatekey-project/gatekey/internal/db/mesh.go:1100.16,1102.3 1 0
github.com/gatekey-project/gatekey/internal/db/mesh.go:1103.2,1106.18 3 0
github.com/gatekey-project/gatekey/internal/db/mesh.go:1106.18,1108.44 2 0
github.com/gatekey-project/gatekey/internal/db/mesh.go:1108.44,1110.4 1 0
github.com/gatekey-project/gatekey/internal/db/mesh.go:1111.3,1111.32 1 0
github.com/gatekey-project/gatekey/internal/db/mesh.go:1113.2,1113.26 1 0
github.com/gatekey-project/gatekey/internal/db/mesh.go:1117.91,1124.2 2 0
github.com/gatekey-project/gatekey/internal/db/mesh.go:1127.96,1132.2 2 0
github.com/gatekey-project/gatekey/internal/db/mesh.go:1135.91,1139.16 2 0
github.com/gatekey-project/gatekey/internal/db/mesh.go:1139.16,1141.3 1 0
github.com/gatekey-project/gatekey/internal/db/mesh.go:1142.2,1145.18 3 0
github.com/gatekey-project/gatekey/internal/db/mesh.go:1145.18,1147.47 2 0
github.com/gatekey-project/gatekey/internal/db/mesh.go:1147.47,1149.4 1 0
github.com/gatekey-project/gatekey/internal/db/mesh.go:1150.3,1150.37 1 0
github.com/gatekey-project/gatekey/internal/db/mesh.go:1152.2,1152.27 1 0
github.com/gatekey-project/gatekey/internal/db/mesh.go:1158.92,1165.2 2 0
github.com/gatekey-project/gatekey/internal/db/mesh.go:1168.94,1173.2 2 0
github.com/gatekey-project/gatekey/internal/db/mesh.go:1176.91,1184.16 2 0
github.com/gatekey-project/gatekey/internal/db/mesh.go:1184.16,1186.3 1 0
github.com/gatekey-project/gatekey/internal/db/mesh.go:1187.2,1190.18 3 0
github.com/gatekey-project/gatekey/internal/db/mesh.go:1190.18,1193.57 2 0
github.com/gatekey-project/gatekey/internal/db/mesh.go:1193.57,1195.4 1 0
github.com/gatekey-project/gatekey/internal/db/mesh.go:1196.3,1196.34 1 0
github.com/gatekey-project/gatekey/internal/db/mesh.go:1198.2,1198.29 1 0
github.com/gatekey-project/gatekey/internal/db/mesh.go:1204.122,1224.16 2 0
github.com/gatekey-project/gatekey/internal/db/mesh.go:1224.16,1226.3 1 0
github.com/gatekey-project/gatekey/internal/db/mesh.go:1227.2,1230.18 3 0
github.com/gatekey-project/gatekey/internal/db/mesh.go:1230.18,1232.43 2 0
github.com/gatekey-project/gatekey/internal/db/mesh.go:1232.43,1234.4 1 0
github.com/gatekey-project/gatekey/internal/db/mesh.go:1235.3,1235.33 1 0
github.com/gatekey-project/gatekey/internal/db/mesh.go:1237.2,1237.27 1 0
github.com/gatekey-project/gatekey/internal/db/mesh.go:1242.111,1251.16 4 0
github.com/gatekey-project/gatekey/internal/db/mesh.go:1251.16,1253.3 1 0
github.com/gatekey-project/gatekey/internal/db/mesh.go:1255.2,1255.61 1 0
github.com/gatekey-project/gatekey/internal/db/mesh.go:1268.138,1283.16 2 0
github.com/gatekey-project/gatekey/internal/db/mesh.go:1283.16,1285.3 1 0
github.com/gatekey-project/gatekey/internal/db/mesh.go:1286.2,1289.18 3 0
github.com/gatekey-project/gatekey/internal/db/mesh.go:1289.18,1291.88 2 0
github.com/gatekey-project/gatekey/internal/db/mesh.go:1291.88,1293.4 1 0
github.com/gatekey-project/gatekey/internal/db/mesh.go:1294.3,1294.30 1 0
github.com/gatekey-project/gatekey/internal/db/mesh.go:1296.2,1296.26 1 0
github.com/gatekey-project/gatekey/internal/db/mesh.go:1300.127,1308.16 4 0
github.com/gatekey-project/gatekey/internal/db/mesh.go:1308.16,1310.3 1 0
github.com/gatekey-project/gatekey/internal/db/mesh.go:1312.2,1312.69 1 0
github.com/gatekey-project/gatekey/internal/db/mesh.go:1318.105,1320.2 1 0
github.com/gatekey-project/gatekey/internal/db/mesh.go:1323.91,1331.2 2 0
github.com/gatekey-project/gatekey/internal/db/mesh.go:1334.116,1342.2 2 0
github.com/gatekey-project/gatekey/internal/db/mesh.go:1345.113,1371.16 6 0
github.com/gatekey-project/gatekey/internal/db/mesh.go:1371.16,1372.45 1 0
github.com/gatekey-project/gatekey/internal/db/mesh.go:1372.45,1374.4 1 0
github.com/gatekey-project/gatekey/internal/db/mesh.go:1375.3,1375.18 1 0
github.com/gatekey-project/gatekey/internal/db/mesh.go:1377.2,1378.21 2 0
github.com/gatekey-project/gatekey/internal/db/mesh.go:1378.21,1380.3 1 0
github.com/gatekey-project/gatekey/internal/db/mesh.go:1381.2,1381.21 1 0
github.com/gatekey-project/gatekey/internal/db/mesh.go:1381.21,1383.3 1 0
github.com/gatekey-project/gatekey/internal/db/mesh.go:1384.2,1384.17 1 0
github.com/gatekey-project/gatekey/internal/db/mesh.go:1388.161,1399.2 2 0
github.com/gatekey-project/gatekey/internal/db/mesh.go:1402.123,1411.2 2 0
github.com/gatekey-project/gatekey/internal/db/mesh.go:1414.98,1421.2 2 0
github.com/gatekey-project/gatekey/internal/db/mesh.go:1424.99,1433.2 2 0
github.com/gatekey-project/gatekey/internal/db/mesh.go:1456.80,1472.2 2 0
github.com/gatekey-project/gatekey/internal/db/mesh.go:1475.88,1486.26 3 0
github.com/gatekey-project/gatekey/internal/db/mesh.go:1486.26,1488.3 1 0
github.com/gatekey-project/gatekey/internal/db/mesh.go:1489.2,1489.19 1 0
github.com/gatekey-project/gatekey/internal/db/mesh.go:1493.113,1504.26 3 0
github.com/gatekey-project/gatekey/internal/db/mesh.go:1504.26,1506.3 1 0
github.com/gatekey-project/gatekey/internal/db/mesh.go:1507.2,1507.19 1 0
github.com/gatekey-project/gatekey/internal/db/mesh.go:1511.101,1520.16 2 0
github.com/gatekey-project/gatekey/internal/db/mesh.go:1520.16,1522.3 1 0
github.com/gatekey-project/gatekey/internal/db/mesh.go:1523.2,1526.18 3 0
github.com/gatekey-project/gatekey/internal/db/mesh.go:1526.18,1530.100 2 0
github.com/gatekey-project/gatekey/internal/db/mesh.go:1530.100,1532.4 1 0
github.com/gatekey-project/gatekey/internal/db/mesh.go:1533.3,1533.31 1 0
github.com/gatekey-project/gatekey/internal/db/mesh.go:1535.2,1535.26 1 0
github.com/gatekey-project/gatekey/internal/db/mesh.go:1539.93,1552.16 2 0
github.com/gatekey-project/gatekey/internal/db/mesh.go:1552.16,1554.3 1 0
github.com/gatekey-project/gatekey/internal/db/mesh.go:1555.2,1558.18 3 0
github.com/gatekey-project/gatekey/internal/db/mesh.go:1558.18,1560.40 2 0
github.com/gatekey-project/gatekey/internal/db/mesh.go:1560.40,1562.4 1 0
github.com/gatekey-project/gatekey/internal/db/mesh.go:1563.3,1563.24 1 0
github.com/gatekey-project/gatekey/internal/db/mesh.go:1565.2,1565.24 1 0
github.com/gatekey-project/gatekey/internal/db/mesh.go:1569.98,1575.2 2 0
github.com/gatekey-project/gatekey/internal/db/mesh.go:1578.76,1584.2 2 0
github.com/gatekey-project/gatekey/internal/db/mesh.go:1587.108,1592.16 3 0
github.com/gatekey-project/gatekey/internal/db/mesh.go:1592.16,1594.3 1 0
github.com/gatekey-project/gatekey/internal/db/mesh.go:1595.2,1595.35 1 0
github.com/gatekey-project/gatekey/internal/db/mesh_configs.go:18.47,18.81 1 0
github.com/gatekey-project/gatekey/internal/db/mesh_configs.go:22.46,22.78 1 0
github.com/gatekey-project/gatekey/internal/db/mesh_configs.go:26.46,26.78 1 0
github.com/gatekey-project/gatekey/internal/db/mesh_configs.go:52.50,54.2 1 0
github.com/gatekey-project/gatekey/internal/db/mesh_configs.go:57.94,63.2 2 0
github.com/gatekey-project/gatekey/internal/db/mesh_configs.go:66.99,76.26 3 0
github.com/gatekey-project/gatekey/internal/db/mesh_configs.go:76.26,78.3 1 0
github.com/gatekey-project/gatekey/internal/db/mesh_configs.go:79.2,79.16 1 0
github.com/gatekey-project/gatekey/internal/db/mesh_configs.go:79.16,81.3 1 0
github.com/gatekey-project/gatekey/internal/db/mesh_configs.go:84.2,84.40 1 0
github.com/gatekey-project/gatekey/internal/db/mesh_configs.go:84.40,86.3 1 0
github.com/gatekey-project/gatekey/internal/db/mesh_configs.go:88.2,88.21 1 0
github.com/gatekey-project/gatekey/internal/db/mesh_configs.go:92.80,96.16 2 0
github.com/gatekey-project/gatekey/internal/db/mesh_configs.go:96.16,98.3 1 0
github.com/gatekey-project/gatekey/internal/db/mesh_configs.go:99.2,99.32 1 0
github.com/gatekey-project/gatekey/internal/db/mesh_configs.go:99.32,101.3 1 0
github.com/gatekey-project/gatekey/internal/db/mesh_configs.go:102.2,102.12 1 0
github.com/gatekey-project/gatekey/internal/db/mesh_configs.go:106.110,114.16 2 0
github.com/gatekey-project/gatekey/internal/db/mesh_configs.go:114.16,116.3 1 0
github.com/gatekey-project/gatekey/internal/db/mesh_configs.go:117.2,120.18 3 0
github.com/gatekey-project/gatekey/internal/db/mesh_configs.go:120.18,124.118 2 0
github.com/gatekey-project/gatekey/internal/db/mesh_configs.go:124.118,126.4 1 0
github.com/gatekey-project/gatekey/internal/db/mesh_configs.go:127.3,127.37 1 0
github.com/gatekey-project/gatekey/internal/db/mesh_configs.go:129.2,129.28 1 0
github.com/gatekey-project/gatekey/internal/db/mesh_configs.go:133.113,141.16 2 0
github.com/gatekey-project/gatekey/internal/db/mesh_configs.go:141.16,143.3 1 0
github.com/gatekey-project/gatekey/internal/db/mesh_configs.go:144.2,147.18 3 0
github.com/gatekey-project/gatekey/internal/db/mesh_configs.go:147.18,151.118 2 0
github.com/gatekey-project/gatekey/internal/db/mesh_configs.go:151.118,153.4 1 0
github.com/gatekey-project/gatekey/internal/db/mesh_configs.go:154.3,154.37 1 0
github.com/gatekey-project/gatekey/internal/db/mesh_configs.go:156.2,156.28 1 0
github.com/gatekey-project/gatekey/internal/db/mesh_configs.go:160.93,166.16 2 0
github.com/gatekey-project/gatekey/internal/db/mesh_configs.go:166.16,168.3 1 0
github.com/gatekey-project/gatekey/internal/db/mesh_configs.go:169.2,169.32 1 0
github.com/gatekey-project/gatekey/internal/db/mesh_configs.go:169.32,171.3 1 0
github.com/gatekey-project/gatekey/internal/db/mesh_configs.go:172.2,172.12 1 0
github.com/gatekey-project/gatekey/internal/db/mesh_configs.go:176.111,182.16 2 0
github.com/gatekey-project/gatekey/internal/db/mesh_configs.go:182.16,184.3 1 0
github.com/gatekey-project/gatekey/internal/db/mesh_configs.go:185.2,185.35 1 0
github.com/gatekey-project/gatekey/internal/db/mesh_configs.go:189.78,192.2 2 0
github.com/gatekey-project/gatekey/internal/db/mesh_configs.go:196.109,202.16 3 0
github.com/gatekey-project/gatekey/internal/db/mesh_configs.go:202.16,204.3 1 0
github.com/gatekey-project/gatekey/internal/db/mesh_configs.go:205.2,205.35 1 0
github.com/gatekey-project/gatekey/internal/db/mesh_configs.go:209.111,219.26 3 0
github.com/gatekey-project/gatekey/internal/db/mesh_configs.go:219.26,221.3 1 0
github.com/gatekey-project/gatekey/internal/db/mesh_configs.go:222.2,222.16 1 0
github.com/gatekey-project/gatekey/internal/db/mesh_configs.go:222.16,224.3 1 0
github.com/gatekey-project/gatekey/internal/db/mesh_configs.go:225.2,225.21 1 0
github.com/gatekey-project/gatekey/internal/db/mesh_configs.go:229.85,231.16 2 0
github.com/gatekey-project/gatekey/internal/db/mesh_configs.go:231.16,233.3 1 0
github.com/gatekey-project/gatekey/internal/db/mesh_configs.go:234.2,234.35 1 0
github.com/gatekey-project/gatekey/internal/db/mesh_configs.go:245.119,249.16 3 0
github.com/gatekey-project/gatekey/internal/db/mesh_configs.go:249.16,251.3 1 0
github.com/gatekey-project/gatekey/internal/db/mesh_configs.go:253.2,264.16 2 0
github.com/gatekey-project/gatekey/internal/db/mesh_configs.go:264.16,266.3 1 0
github.com/gatekey-project/gatekey/internal/db/mesh_configs.go:267.2,270.18 3 0
github.com/gatekey-project/gatekey/internal/db/mesh_configs.go:270.18,275.53 2 0
github.com/gatekey-project/gatekey/internal/db/mesh_configs.go:275.53,277.4 1 0
github.com/gatekey-project/gatekey/internal/db/mesh_configs.go:278.3,278.37 1 0
github.com/gatekey-project/gatekey/internal/db/mesh_configs.go:280.2,280.35 1 0
github.com/gatekey-project/gatekey/internal/db/migrate.go:15.66,18.16 2 0
github.com/gatekey-project/gatekey/internal/db/migrate.go:18.16,20.3 1 0
github.com/gatekey-project/gatekey/internal/db/migrate.go:23.2,24.16 2 0
github.com/gatekey-project/gatekey/internal/db/migrate.go:24.16,26.3 1 0
github.com/gatekey-project/gatekey/internal/db/migrate.go:27.2,30.71 2 0
github.com/gatekey-project/gatekey/internal/db/migrate.go:30.71,32.3 1 0
github.com/gatekey-project/gatekey/internal/db/migrate.go:34.2,34.12 1 0
github.com/gatekey-project/gatekey/internal/db/migrate.go:38.86,40.16 2 0
github.com/gatekey-project/gatekey/internal/db/migrate.go:40.16,42.3 1 0
github.com/gatekey-project/gatekey/internal/db/migrate.go:44.2,45.16 2 0
github.com/gatekey-project/gatekey/internal/db/migrate.go:45.16,47.3 1 0
github.com/gatekey-project/gatekey/internal/db/migrate.go:48.2,51.58 3 0
github.com/gatekey-project/gatekey/internal/db/migrate.go:51.58,53.3 1 0
github.com/gatekey-project/gatekey/internal/db/migrate.go:55.2,55.28 1 0
github.com/gatekey-project/gatekey/internal/db/networks.go:34.44,36.2 1 0
github.com/gatekey-project/gatekey/internal/db/networks.go:39.83,47.129 2 0
github.com/gatekey-project/gatekey/internal/db/networks.go:47.129,49.3 1 0
github.com/gatekey-project/gatekey/internal/db/networks.go:50.2,50.12 1 0
github.com/gatekey-project/gatekey/internal/db/networks.go:54.85,61.26 3 0
github.com/gatekey-project/gatekey/internal/db/networks.go:61.26,63.3 1 0
github.com/gatekey-project/gatekey/internal/db/networks.go:64.2,64.22 1 0
github.com/gatekey-project/gatekey/internal/db/networks.go:68.78,73.16 2 0
github.com/gatekey-project/gatekey/internal/db/networks.go:73.16,75.3 1 0
github.com/gatekey-project/gatekey/internal/db/networks.go:76.2,79.18 3 0
github.com/gatekey-project/gatekey/internal/db/networks.go:79.18,82.68 2 0
github.com/gatekey-project/gatekey/internal/db/networks.go:82.68,84.4 1 0
github.com/gatekey-project/gatekey/internal/db/networks.go:85.3,85.34 1 0
github.com/gatekey-project/gatekey/internal/db/networks.go:87.2,87.29 1 0
github.com/gatekey-project/gatekey/internal/db/networks.go:91.83,96.16 2 0
github.com/gatekey-project/gatekey/internal/db/networks.go:96.16,98.3 1 0
github.com/gatekey-project/gatekey/internal/db/networks.go:99.2,99.32 1 0
github.com/gatekey-project/gatekey/internal/db/networks.go:99.32,101.3 1 0
github.com/gatekey-project/gatekey/internal/db/networks.go:102.2,102.12 1 0
github.com/gatekey-project/gatekey/internal/db/networks.go:106.76,108.16 2 0
github.com/gatekey-project/gatekey/internal/db/networks.go:108.16,110.3 1 0
github.com/gatekey-project/gatekey/internal/db/networks.go:111.2,111.32 1 0
github.com/gatekey-project/gatekey/internal/db/networks.go:111.32,113.3 1 0
github.com/gatekey-project/gatekey/internal/db/networks.go:114.2,114.12 1 0
github.com/gatekey-project/gatekey/internal/db/networks.go:118.103,125.2 2 0
github.com/gatekey-project/gatekey/internal/db/networks.go:128.105,133.2 2 0
github.com/gatekey-project/gatekey/internal/db/networks.go:136.102,144.16 2 0
github.com/gatekey-project/gatekey/internal/db/networks.go:144.16,146.3 1 0
github.com/gatekey-project/gatekey/internal/db/networks.go:147.2,150.18 3 0
github.com/gatekey-project/gatekey/internal/db/networks.go:150.18,153.68 2 0
github.com/gatekey-project/gatekey/internal/db/networks.go:153.68,155.4 1 0
github.com/gatekey-project/gatekey/internal/db/networks.go:156.3,156.34 1 0
github.com/gatekey-project/gatekey/internal/db/networks.go:158.2,158.29 1 0
github.com/gatekey-project/gatekey/internal/db/networks.go:162.102,171.16 2 0
github.com/gatekey-project/gatekey/internal/db/networks.go:171.16,173.3 1 0
github.com/gatekey-project/gatekey/internal/db/networks.go:174.2,177.18 3 0
github.com/gatekey-project/gatekey/internal/db/networks.go:177.18,181.75 3 0
github.com/gatekey-project/gatekey/internal/db/networks.go:181.75,183.4 1 0
github.com/gatekey-project/gatekey/internal/db/networks.go:184.3,184.22 1 0
github.com/gatekey-project/gatekey/internal/db/networks.go:184.22,186.4 1 0
github.com/gatekey-project/gatekey/internal/db/networks.go:187.3,187.22 1 0
github.com/gatekey-project/gatekey/internal/db/networks.go:187.22,189.4 1 0
github.com/gatekey-project/gatekey/internal/db/networks.go:190.3,190.34 1 0
github.com/gatekey-project/gatekey/internal/db/networks.go:192.2,192.29 1 0
github.com/gatekey-project/gatekey/internal/db/pki.go:59.36,61.2 1 0
github.com/gatekey-project/gatekey/internal/db/pki.go:64.66,76.26 4 0
github.com/gatekey-project/gatekey/internal/db/pki.go:76.26,78.3 1 0
github.com/gatekey-project/gatekey/internal/db/pki.go:79.2,79.16 1 0
github.com/gatekey-project/gatekey/internal/db/pki.go:79.16,81.3 1 0
github.com/gatekey-project/gatekey/internal/db/pki.go:82.2,82.19 1 0
github.com/gatekey-project/gatekey/internal/db/pki.go:82.19,84.3 1 0
github.com/gatekey-project/gatekey/internal/db/pki.go:85.2,85.24 1 0
github.com/gatekey-project/gatekey/internal/db/pki.go:85.24,87.3 1 0
github.com/gatekey-project/gatekey/internal/db/pki.go:88.2,88.24 1 0
github.com/gatekey-project/gatekey/internal/db/pki.go:88.24,90.3 1 0
github.com/gatekey-project/gatekey/internal/db/pki.go:91.2,91.17 1 0
github.com/gatekey-project/gatekey/internal/db/pki.go:95.81,105.26 4 0
github.com/gatekey-project/gatekey/internal/db/pki.go:105.26,107.3 1 0
github.com/gatekey-project/gatekey/internal/db/pki.go:108.2,108.16 1 0
github.com/gatekey-project/gatekey/internal/db/pki.go:108.16,110.3 1 0
github.com/gatekey-project/gatekey/internal/db/pki.go:111.2,111.19 1 0
github.com/gatekey-project/gatekey/internal/db/pki.go:111.19,113.3 1 0
github.com/gatekey-project/gatekey/internal/db/pki.go:114.2,114.24 1 0
github.com/gatekey-project/gatekey/internal/db/pki.go:114.24,116.3 1 0
github.com/gatekey-project/gatekey/internal/db/pki.go:117.2,117.24 1 0
github.com/gatekey-project/gatekey/internal/db/pki.go:117.24,119.3 1 0
github.com/gatekey-project/gatekey/internal/db/pki.go:120.2,120.17 1 0
github.com/gatekey-project/gatekey/internal/db/pki.go:124.70,131.16 2 0
github.com/gatekey-project/gatekey/internal/db/pki.go:131.16,133.3 1 0
github.com/gatekey-project/gatekey/internal/db/pki.go:134.2,137.18 3 0
github.com/gatekey-project/gatekey/internal/db/pki.go:137.18,141.112 3 0
github.com/gatekey-project/gatekey/internal/db/pki.go:141.112,143.4 1 0
github.com/gatekey-project/gatekey/internal/db/pki.go:144.3,144.20 1 0
github.com/gatekey-project/gatekey/internal/db/pki.go:144.20,146.4 1 0
github.com/gatekey-project/gatekey/internal/db/pki.go:147.3,147.25 1 0
github.com/gatekey-project/gatekey/internal/db/pki.go:147.25,149.4 1 0
github.com/gatekey-project/gatekey/internal/db/pki.go:150.3,150.25 1 0
github.com/gatekey-project/gatekey/internal/db/pki.go:150.25,152.4 1 0
github.com/gatekey-project/gatekey/internal/db/pki.go:153.3,153.25 1 0
github.com/gatekey-project/gatekey/internal/db/pki.go:155.2,155.24 1 0
github.com/gatekey-project/gatekey/internal/db/pki.go:159.76,167.16 2 0
github.com/gatekey-project/gatekey/internal/db/pki.go:167.16,169.3 1 0
github.com/gatekey-project/gatekey/internal/db/pki.go:170.2,173.18 3 0
github.com/gatekey-project/gatekey/internal/db/pki.go:173.18,177.112 3 0
github.com/gatekey-project/gatekey/internal/db/pki.go:177.112,179.4 1 0
github.com/gatekey-project/gatekey/internal/db/pki.go:180.3,180.20 1 0
github.com/gatekey-project/gatekey/internal/db/pki.go:180.20,182.4 1 0
github.com/gatekey-project/gatekey/internal/db/pki.go:183.3,183.25 1 0
github.com/gatekey-project/gatekey/internal/db/pki.go:183.25,185.4 1 0
github.com/gatekey-project/gatekey/internal/db/pki.go:186.3,186.25 1 0
github.com/gatekey-project/gatekey/internal/db/pki.go:186.25,188.4 1 0
github.com/gatekey-project/gatekey/internal/db/pki.go:189.3,189.25 1 0
github.com/gatekey-project/gatekey/internal/db/pki.go:191.2,191.24 1 0
github.com/gatekey-project/gatekey/internal/db/pki.go:195.68,200.18 3 0
github.com/gatekey-project/gatekey/internal/db/pki.go:200.18,202.3 1 0
github.com/gatekey-project/gatekey/internal/db/pki.go:204.2,218.12 2 0
github.com/gatekey-project/gatekey/internal/db/pki.go:222.74,226.18 3 0
github.com/gatekey-project/gatekey/internal/db/pki.go:226.18,228.3 1 0
github.com/gatekey-project/gatekey/internal/db/pki.go:230.2,244.12 2 0
github.com/gatekey-project/gatekey/internal/db/pki.go:248.81,253.2 2 0
github.com/gatekey-project/gatekey/internal/db/pki.go:256.74,258.16 2 0
github.com/gatekey-project/gatekey/internal/db/pki.go:258.16,260.3 1 0
github.com/gatekey-project/gatekey/internal/db/pki.go:261.2,261.15 1 0
github.com/gatekey-project/gatekey/internal/db/pki.go:261.15,261.39 1 0
github.com/gatekey-project/gatekey/internal/db/pki.go:264.2,266.40 3 0
github.com/gatekey-project/gatekey/internal/db/pki.go:266.40,268.3 1 0
github.com/gatekey-project/gatekey/internal/db/pki.go:271.2,272.16 2 0
github.com/gatekey-project/gatekey/internal/db/pki.go:272.16,274.3 1 0
github.com/gatekey-project/gatekey/internal/db/pki.go:277.2,278.16 2 0
github.com/gatekey-project/gatekey/internal/db/pki.go:278.16,280.3 1 0
github.com/gatekey-project/gatekey/internal/db/pki.go:283.2,285.16 3 0
github.com/gatekey-project/gatekey/internal/db/pki.go:285.16,287.3 1 0
github.com/gatekey-project/gatekey/internal/db/pki.go:290.2,294.16 2 0
github.com/gatekey-project/gatekey/internal/db/pki.go:294.16,296.3 1 0
github.com/gatekey-project/gatekey/internal/db/pki.go:298.2,298.23 1 0
github.com/gatekey-project/gatekey/internal/db/pki.go:302.67,307.2 2 0
github.com/gatekey-project/gatekey/internal/db/pki.go:310.91,316.2 2 0
github.com/gatekey-project/gatekey/internal/db/pki.go:319.74,324.26 3 0
github.com/gatekey-project/gatekey/internal/db/pki.go:324.26,326.3 1 0
github.com/gatekey-project/gatekey/internal/db/pki.go:327.2,327.25 1 0
github.com/gatekey-project/gatekey/internal/db/pki.go:331.50,333.18 2 0
github.com/gatekey-project/gatekey/internal/db/pki.go:333.18,335.3 1 0
github.com/gatekey-project/gatekey/internal/db/pki.go:336.2,337.36 2 0
github.com/gatekey-project/gatekey/internal/db/providers.go:26.43,34.2 1 0
github.com/gatekey-project/gatekey/internal/db/providers.go:61.51,69.2 1 0
github.com/gatekey-project/gatekey/internal/db/providers.go:90.46,92.2 1 0
github.com/gatekey-project/gatekey/internal/db/providers.go:96.88,102.16 2 0
github.com/gatekey-project/gatekey/internal/db/providers.go:102.16,104.3 1 0
github.com/gatekey-project/gatekey/internal/db/providers.go:105.2,108.18 3 0
github.com/gatekey-project/gatekey/internal/db/providers.go:108.18,113.165 5 0
github.com/gatekey-project/gatekey/internal/db/providers.go:113.165,115.4 1 0
github.com/gatekey-project/gatekey/internal/db/providers.go:116.3,117.24 2 0
github.com/gatekey-project/gatekey/internal/db/providers.go:117.24,119.4 1 0
github.com/gatekey-project/gatekey/internal/db/providers.go:121.3,121.33 1 0
github.com/gatekey-project/gatekey/internal/db/providers.go:121.33,123.4 1 0
github.com/gatekey-project/gatekey/internal/db/providers.go:124.3,124.34 1 0
github.com/gatekey-project/gatekey/internal/db/providers.go:124.34,126.4 1 0
github.com/gatekey-project/gatekey/internal/db/providers.go:127.3,127.36 1 0
github.com/gatekey-project/gatekey/internal/db/providers.go:129.2,129.30 1 0
github.com/gatekey-project/gatekey/internal/db/providers.go:132.98,141.26 6 0
github.com/gatekey-project/gatekey/internal/db/providers.go:141.26,143.3 1 0
github.com/gatekey-project/gatekey/internal/db/providers.go:144.2,144.16 1 0
github.com/gatekey-project/gatekey/internal/db/providers.go:144.16,146.3 1 0
github.com/gatekey-project/gatekey/internal/db/providers.go:147.2,148.23 2 0
github.com/gatekey-project/gatekey/internal/db/providers.go:148.23,150.3 1 0
github.com/gatekey-project/gatekey/internal/db/providers.go:152.2,152.32 1 0
github.com/gatekey-project/gatekey/internal/db/providers.go:152.32,154.3 1 0
github.com/gatekey-project/gatekey/internal/db/providers.go:155.2,155.33 1 0
github.com/gatekey-project/gatekey/internal/db/providers.go:155.33,157.3 1 0
github.com/gatekey-project/gatekey/internal/db/providers.go:158.2,158.16 1 0
github.com/gatekey-project/gatekey/internal/db/providers.go:161.88,164.24 3 0
github.com/gatekey-project/gatekey/internal/db/providers.go:164.24,166.3 1 0
github.com/gatekey-project/gatekey/internal/db/providers.go:168.2,168.33 1 0
github.com/gatekey-project/gatekey/internal/db/providers.go:168.33,170.3 1 0
github.com/gatekey-project/gatekey/internal/db/providers.go:171.2,176.133 3 0
github.com/gatekey-project/gatekey/internal/db/providers.go:176.133,178.3 1 0
github.com/gatekey-project/gatekey/internal/db/providers.go:179.2,179.12 1 0
github.com/gatekey-project/gatekey/internal/db/providers.go:182.101,185.24 3 0
github.com/gatekey-project/gatekey/internal/db/providers.go:185.24,187.3 1 0
github.com/gatekey-project/gatekey/internal/db/providers.go:189.2,189.33 1 0
github.com/gatekey-project/gatekey/internal/db/providers.go:189.33,191.3 1 0
github.com/gatekey-project/gatekey/internal/db/providers.go:192.2,197.26 4 0
github.com/gatekey-project/gatekey/internal/db/providers.go:197.26,205.3 1 0
github.com/gatekey-project/gatekey/internal/db/providers.go:205.8,212.3 1 0
github.com/gatekey-project/gatekey/internal/db/providers.go:213.2,213.16 1 0
github.com/gatekey-project/gatekey/internal/db/providers.go:213.16,215.3 1 0
github.com/gatekey-project/gatekey/internal/db/providers.go:216.2,218.20 2 0
github.com/gatekey-project/gatekey/internal/db/providers.go:218.20,220.3 1 0
github.com/gatekey-project/gatekey/internal/db/providers.go:221.2,221.12 1 0
github.com/gatekey-project/gatekey/internal/db/providers.go:224.84,226.16 2 0
github.com/gatekey-project/gatekey/internal/db/providers.go:226.16,228.3 1 0
github.com/gatekey-project/gatekey/internal/db/providers.go:229.2,229.32 1 0
github.com/gatekey-project/gatekey/internal/db/providers.go:229.32,231.3 1 0
github.com/gatekey-project/gatekey/internal/db/providers.go:232.2,232.12 1 0
github.com/gatekey-project/gatekey/internal/db/providers.go:237.88,243.16 2 0
github.com/gatekey-project/gatekey/internal/db/providers.go:243.16,245.3 1 0
github.com/gatekey-project/gatekey/internal/db/providers.go:246.2,249.18 3 0
github.com/gatekey-project/gatekey/internal/db/providers.go:249.18,253.154 4 0
github.com/gatekey-project/gatekey/internal/db/providers.go:253.154,255.4 1 0
github.com/gatekey-project/gatekey/internal/db/providers.go:256.3,256.24 1 0
github.com/gatekey-project/gatekey/internal/db/providers.go:256.24,258.4 1 0
github.com/gatekey-project/gatekey/internal/db/providers.go:260.3,260.32 1 0
github.com/gatekey-project/gatekey/internal/db/providers.go:260.32,262.4 1 0
github.com/gatekey-project/gatekey/internal/db/providers.go:263.3,263.38 1 0
github.com/gatekey-project/gatekey/internal/db/providers.go:263.38,265.4 1 0
github.com/gatekey-project/gatekey/internal/db/providers.go:266.3,266.36 1 0
github.com/gatekey-project/gatekey/internal/db/providers.go:268.2,268.30 1 0
github.com/gatekey-project/gatekey/internal/db/providers.go:271.98,279.26 5 0
github.com/gatekey-project/gatekey/internal/db/providers.go:279.26,281.3 1 0
github.com/gatekey-project/gatekey/internal/db/providers.go:282.2,282.16 1 0
github.com/gatekey-project/gatekey/internal/db/providers.go:282.16,284.3 1 0
github.com/gatekey-project/gatekey/internal/db/providers.go:285.2,285.23 1 0
github.com/gatekey-project/gatekey/internal/db/providers.go:285.23,287.3 1 0
github.com/gatekey-project/gatekey/internal/db/providers.go:289.2,289.31 1 0
github.com/gatekey-project/gatekey/internal/db/providers.go:289.31,291.3 1 0
github.com/gatekey-project/gatekey/internal/db/providers.go:292.2,292.37 1 0
github.com/gatekey-project/gatekey/internal/db/providers.go:292.37,294.3 1 0
github.com/gatekey-project/gatekey/internal/db/providers.go:295.2,295.16 1 0
github.com/gatekey-project/gatekey/internal/db/providers.go:298.88,300.24 2 0
github.com/gatekey-project/gatekey/internal/db/providers.go:300.24,302.3 1 0
github.com/gatekey-project/gatekey/internal/db/providers.go:304.2,304.37 1 0
github.com/gatekey-project/gatekey/internal/db/providers.go:304.37,306.3 1 0
github.com/gatekey-project/gatekey/internal/db/providers.go:307.2,312.133 3 0
github.com/gatekey-project/gatekey/internal/db/providers.go:312.133,314.3 1 0
github.com/gatekey-project/gatekey/internal/db/providers.go:315.2,315.12 1 0
github.com/gatekey-project/gatekey/internal/db/providers.go:318.101,320.24 2 0
github.com/gatekey-project/gatekey/internal/db/providers.go:320.24,322.3 1 0
github.com/gatekey-project/gatekey/internal/db/providers.go:324.2,324.37 1 0
github.com/gatekey-project/gatekey/internal/db/providers.go:324.37,326.3 1 0
github.com/gatekey-project/gatekey/internal/db/providers.go:327.2,333.16 3 0
github.com/gatekey-project/gatekey/internal/db/providers.go:333.16,335.3 1 0
github.com/gatekey-project/gatekey/internal/db/providers.go:336.2,336.32 1 0
github.com/gatekey-project/gatekey/internal/db/providers.go:336.32,338.3 1 0
github.com/gatekey-project/gatekey/internal/db/providers.go:339.2,339.12 1 0
github.com/gatekey-project/gatekey/internal/db/providers.go:342.84,344.16 2 0
github.com/gatekey-project/gatekey/internal/db/providers.go:344.16,346.3 1 0
github.com/gatekey-project/gatekey/internal/db/providers.go:347.2,347.32 1 0
github.com/gatekey-project/gatekey/internal/db/providers.go:347.32,349.3 1 0
github.com/gatekey-project/gatekey/internal/db/providers.go:350.2,350.12 1 0
github.com/gatekey-project/gatekey/internal/db/proxy_applications.go:57.62,59.2 1 0
github.com/gatekey-project/gatekey/internal/db/proxy_applications.go:62.106,64.16 2 0
github.com/gatekey-project/gatekey/internal/db/proxy_applications.go:64.16,66.3 1 0
github.com/gatekey-project/gatekey/internal/db/proxy_applications.go:67.2,68.16 2 0
github.com/gatekey-project/gatekey/internal/db/proxy_applications.go:68.16,70.3 1 0
github.com/gatekey-project/gatekey/internal/db/proxy_applications.go:72.2,81.42 2 0
github.com/gatekey-project/gatekey/internal/db/proxy_applications.go:81.42,83.3 1 0
github.com/gatekey-project/gatekey/internal/db/proxy_applications.go:84.2,84.12 1 0
github.com/gatekey-project/gatekey/internal/db/proxy_applications.go:88.112,95.2 1 0
github.com/gatekey-project/gatekey/internal/db/proxy_applications.go:98.120,105.2 1 0
github.com/gatekey-project/gatekey/internal/db/proxy_applications.go:107.86,115.26 4 0
github.com/gatekey-project/gatekey/internal/db/proxy_applications.go:115.26,117.3 1 0
github.com/gatekey-project/gatekey/internal/db/proxy_applications.go:118.2,118.16 1 0
github.com/gatekey-project/gatekey/internal/db/proxy_applications.go:118.16,120.3 1 0
github.com/gatekey-project/gatekey/internal/db/proxy_applications.go:122.2,122.74 1 0
github.com/gatekey-project/gatekey/internal/db/proxy_applications.go:122.74,124.3 1 0
github.com/gatekey-project/gatekey/internal/db/proxy_applications.go:125.2,125.76 1 0
github.com/gatekey-project/gatekey/internal/db/proxy_applications.go:125.76,127.3 1 0
github.com/gatekey-project/gatekey/internal/db/proxy_applications.go:129.2,129.18 1 0
github.com/gatekey-project/gatekey/internal/db/proxy_applications.go:133.105,140.16 2 0
github.com/gatekey-project/gatekey/internal/db/proxy_applications.go:140.16,142.3 1 0
github.com/gatekey-project/gatekey/internal/db/proxy_applications.go:143.2,145.30 2 0
github.com/gatekey-project/gatekey/internal/db/proxy_applications.go:149.111,156.16 2 0
github.com/gatekey-project/gatekey/internal/db/proxy_applications.go:156.16,158.3 1 0
github.com/gatekey-project/gatekey/internal/db/proxy_applications.go:159.2,161.30 2 0
github.com/gatekey-project/gatekey/internal/db/proxy_applications.go:164.91,166.18 2 0
github.com/gatekey-project/gatekey/internal/db/proxy_applications.go:166.18,173.48 3 0
github.com/gatekey-project/gatekey/internal/db/proxy_applications.go:173.48,175.4 1 0
github.com/gatekey-project/gatekey/internal/db/proxy_applications.go:177.3,177.75 1 0
github.com/gatekey-project/gatekey/internal/db/proxy_applications.go:177.75,179.4 1 0
github.com/gatekey-project/gatekey/internal/db/proxy_applications.go:180.3,180.77 1 0
github.com/gatekey-project/gatekey/internal/db/proxy_applications.go:180.77,182.4 1 0
github.com/gatekey-project/gatekey/internal/db/proxy_applications.go:184.3,184.28 1 0
github.com/gatekey-project/gatekey/internal/db/proxy_applications.go:186.2,186.25 1 0
github.com/gatekey-project/gatekey/internal/db/proxy_applications.go:190.106,192.16 2 0
github.com/gatekey-project/gatekey/internal/db/proxy_applications.go:192.16,194.3 1 0
github.com/gatekey-project/gatekey/internal/db/proxy_applications.go:195.2,196.16 2 0
github.com/gatekey-project/gatekey/internal/db/proxy_applications.go:196.16,198.3 1 0
github.com/gatekey-project/gatekey/internal/db/proxy_applications.go:200.2,208.16 2 0
github.com/gatekey-project/gatekey/internal/db/proxy_applications.go:208.16,209.29 1 0
github.com/gatekey-project/gatekey/internal/db/proxy_applications.go:209.29,211.4 1 0
github.com/gatekey-project/gatekey/internal/db/proxy_applications.go:212.3,212.13 1 0
github.com/gatekey-project/gatekey/internal/db/proxy_applications.go:214.2,214.32 1 0
github.com/gatekey-project/gatekey/internal/db/proxy_applications.go:214.32,216.3 1 0
github.com/gatekey-project/gatekey/internal/db/proxy_applications.go:217.2,217.12 1 0
github.com/gatekey-project/gatekey/internal/db/proxy_applications.go:221.94,223.16 2 0
github.com/gatekey-project/gatekey/internal/db/proxy_applications.go:223.16,225.3 1 0
github.com/gatekey-project/gatekey/internal/db/proxy_applications.go:226.2,226.32 1 0
github.com/gatekey-project/gatekey/internal/db/proxy_applications.go:226.32,228.3 1 0
github.com/gatekey-project/gatekey/internal/db/proxy_applications.go:229.2,229.12 1 0
github.com/gatekey-project/gatekey/internal/db/proxy_applications.go:235.98,242.2 2 0
github.com/gatekey-project/gatekey/internal/db/proxy_applications.go:245.100,250.2 2 0
github.com/gatekey-project/gatekey/internal/db/proxy_applications.go:253.98,257.16 2 0
github.com/gatekey-project/gatekey/internal/db/proxy_applications.go:257.16,259.3 1 0
github.com/gatekey-project/gatekey/internal/db/proxy_applications.go:260.2,263.18 3 0
github.com/gatekey-project/gatekey/internal/db/proxy_applications.go:263.18,265.44 2 0
github.com/gatekey-project/gatekey/internal/db/proxy_applications.go:265.44,267.4 1 0
github.com/gatekey-project/gatekey/internal/db/proxy_applications.go:268.3,268.36 1 0
github.com/gatekey-project/gatekey/internal/db/proxy_applications.go:270.2,270.28 1 0
github.com/gatekey-project/gatekey/internal/db/proxy_applications.go:276.102,283.2 2 0
github.com/gatekey-project/gatekey/internal/db/proxy_applications.go:286.104,291.2 2 0
github.com/gatekey-project/gatekey/internal/db/proxy_applications.go:294.99,298.16 2 0
github.com/gatekey-project/gatekey/internal/db/proxy_applications.go:298.16,300.3 1 0
github.com/gatekey-project/gatekey/internal/db/proxy_applications.go:301.2,304.18 3 0
github.com/gatekey-project/gatekey/internal/db/proxy_applications.go:304.18,306.47 2 0
github.com/gatekey-project/gatekey/internal/db/proxy_applications.go:306.47,308.4 1 0
github.com/gatekey-project/gatekey/internal/db/proxy_applications.go:309.3,309.37 1 0
github.com/gatekey-project/gatekey/internal/db/proxy_applications.go:311.2,311.27 1 0
github.com/gatekey-project/gatekey/internal/db/proxy_applications.go:318.140,335.16 3 0
github.com/gatekey-project/gatekey/internal/db/proxy_applications.go:335.16,337.3 1 0
github.com/gatekey-project/gatekey/internal/db/proxy_applications.go:338.2,340.30 2 0
github.com/gatekey-project/gatekey/internal/db/proxy_applications.go:345.149,362.32 3 0
github.com/gatekey-project/gatekey/internal/db/proxy_applications.go:362.32,364.3 1 0
github.com/gatekey-project/gatekey/internal/db/proxy_applications.go:365.2,365.16 1 0
github.com/gatekey-project/gatekey/internal/db/proxy_applications.go:365.16,367.3 1 0
github.com/gatekey-project/gatekey/internal/db/proxy_applications.go:369.2,369.23 1 0
github.com/gatekey-project/gatekey/internal/db/proxy_applications.go:375.96,383.2 2 0
github.com/gatekey-project/gatekey/internal/db/proxy_applications.go:386.125,387.16 1 0
github.com/gatekey-project/gatekey/internal/db/proxy_applications.go:387.16,389.3 1 0
github.com/gatekey-project/gatekey/internal/db/proxy_applications.go:391.2,399.16 2 0
github.com/gatekey-project/gatekey/internal/db/proxy_applications.go:399.16,401.3 1 0
github.com/gatekey-project/gatekey/internal/db/proxy_applications.go:402.2,405.18 3 0
github.com/gatekey-project/gatekey/internal/db/proxy_applications.go:405.18,410.59 3 0
github.com/gatekey-project/gatekey/internal/db/proxy_applications.go:410.59,412.4 1 0
github.com/gatekey-project/gatekey/internal/db/proxy_applications.go:413.3,413.22 1 0
github.com/gatekey-project/gatekey/internal/db/proxy_applications.go:413.22,415.4 1 0
github.com/gatekey-project/gatekey/internal/db/proxy_applications.go:416.3,416.28 1 0
github.com/gatekey-project/gatekey/internal/db/proxy_applications.go:418.2,418.25 1 0
github.com/gatekey-project/gatekey/internal/db/proxy_applications.go:422.40,423.16 1 0
github.com/gatekey-project/gatekey/internal/db/proxy_applications.go:423.16,425.3 1 0
github.com/gatekey-project/gatekey/internal/db/proxy_applications.go:426.2,426.93 1 0
github.com/gatekey-project/gatekey/internal/db/proxy_applications.go:429.38,431.2 1 0
github.com/gatekey-project/gatekey/internal/db/proxy_applications.go:433.51,434.47 1 0
github.com/gatekey-project/gatekey/internal/db/proxy_applications.go:434.47,435.35 1 0
github.com/gatekey-project/gatekey/internal/db/proxy_applications.go:435.35,437.4 1 0
github.com/gatekey-project/gatekey/internal/db/proxy_applications.go:439.2,439.14 1 0
github.com/gatekey-project/gatekey/internal/db/settings.go:23.46,25.2 1 0
github.com/gatekey-project/gatekey/internal/db/settings.go:28.73,34.16 2 0
github.com/gatekey-project/gatekey/internal/db/settings.go:34.16,36.3 1 0
github.com/gatekey-project/gatekey/internal/db/settings.go:37.2,40.18 3 0
github.com/gatekey-project/gatekey/internal/db/settings.go:40.18,42.107 2 0
github.com/gatekey-project/gatekey/internal/db/settings.go:42.107,44.4 1 0
github.com/gatekey-project/gatekey/internal/db/settings.go:45.3,45.40 1 0
github.com/gatekey-project/gatekey/internal/db/settings.go:47.2,47.29 1 0
github.com/gatekey-project/gatekey/internal/db/settings.go:51.80,57.16 3 0
github.com/gatekey-project/gatekey/internal/db/settings.go:57.16,59.3 1 0
github.com/gatekey-project/gatekey/internal/db/settings.go:60.2,60.22 1 0
github.com/gatekey-project/gatekey/internal/db/settings.go:64.75,71.2 2 0
github.com/gatekey-project/gatekey/internal/db/settings.go:74.85,76.16 2 0
github.com/gatekey-project/gatekey/internal/db/settings.go:76.16,78.3 1 0
github.com/gatekey-project/gatekey/internal/db/settings.go:79.2,80.16 2 0
github.com/gatekey-project/gatekey/internal/db/settings.go:80.16,82.3 1 0
github.com/gatekey-project/gatekey/internal/db/settings.go:83.2,83.12 1 0
github.com/gatekey-project/gatekey/internal/db/settings.go:87.88,89.16 2 0
github.com/gatekey-project/gatekey/internal/db/settings.go:89.16,91.3 1 0
github.com/gatekey-project/gatekey/internal/db/settings.go:92.2,93.16 2 0
github.com/gatekey-project/gatekey/internal/db/settings.go:93.16,95.3 1 0
github.com/gatekey-project/gatekey/internal/db/settings.go:96.2,96.12 1 0
github.com/gatekey-project/gatekey/internal/db/states.go:29.40,31.2 1 0
github.com/gatekey-project/gatekey/internal/db/states.go:34.78,40.2 2 0
github.com/gatekey-project/gatekey/internal/db/states.go:43.87,51.26 4 0
github.com/gatekey-project/gatekey/internal/db/states.go:51.26,53.3 1 0
github.com/gatekey-project/gatekey/internal/db/states.go:54.2,54.16 1 0
github.com/gatekey-project/gatekey/internal/db/states.go:54.16,56.3 1 0
github.com/gatekey-project/gatekey/internal/db/states.go:57.2,57.27 1 0
github.com/gatekey-project/gatekey/internal/db/states.go:57.27,59.3 1 0
github.com/gatekey-project/gatekey/internal/db/states.go:62.2,62.36 1 0
github.com/gatekey-project/gatekey/internal/db/states.go:62.36,64.3 1 0
github.com/gatekey-project/gatekey/internal/db/states.go:66.2,66.17 1 0
github.com/gatekey-project/gatekey/internal/db/states.go:70.92,76.2 2 0
github.com/gatekey-project/gatekey/internal/db/states.go:80.89,86.26 3 0
github.com/gatekey-project/gatekey/internal/db/states.go:86.26,88.3 1 0
github.com/gatekey-project/gatekey/internal/db/states.go:89.2,89.16 1 0
github.com/gatekey-project/gatekey/internal/db/states.go:89.16,91.3 1 0
github.com/gatekey-project/gatekey/internal/db/states.go:92.2,92.25 1 0
github.com/gatekey-project/gatekey/internal/db/states.go:97.88,104.26 3 0
github.com/gatekey-project/gatekey/internal/db/states.go:104.26,106.3 1 0
github.com/gatekey-project/gatekey/internal/db/states.go:107.2,107.16 1 0
github.com/gatekey-project/gatekey/internal/db/states.go:107.16,109.3 1 0
github.com/gatekey-project/gatekey/internal/db/states.go:110.2,110.25 1 0
github.com/gatekey-project/gatekey/internal/db/states.go:114.70,117.2 2 0
github.com/gatekey-project/gatekey/internal/db/states.go:134.85,150.2 3 0
github.com/gatekey-project/gatekey/internal/db/states.go:153.92,161.26 4 0
github.com/gatekey-project/gatekey/internal/db/states.go:161.26,163.3 1 0
github.com/gatekey-project/gatekey/internal/db/states.go:164.2,164.16 1 0
github.com/gatekey-project/gatekey/internal/db/states.go:164.16,166.3 1 0
github.com/gatekey-project/gatekey/internal/db/states.go:169.2,169.41 1 0
github.com/gatekey-project/gatekey/internal/db/states.go:169.41,172.3 2 0
github.com/gatekey-project/gatekey/internal/db/states.go:174.2,175.22 2 0
github.com/gatekey-project/gatekey/internal/db/states.go:179.80,182.2 2 0
github.com/gatekey-project/gatekey/internal/db/states.go:185.75,188.2 2 0
github.com/gatekey-project/gatekey/internal/db/users.go:73.38,81.2 1 1
github.com/gatekey-project/gatekey/internal/db/users.go:84.65,87.16 3 0
github.com/gatekey-project/gatekey/internal/db/users.go:87.16,89.3 1 0
github.com/gatekey-project/gatekey/internal/db/users.go:90.2,90.23 1 0
github.com/gatekey-project/gatekey/internal/db/users.go:94.107,96.16 2 0
github.com/gatekey-project/gatekey/internal/db/users.go:96.16,98.3 1 0
github.com/gatekey-project/gatekey/internal/db/users.go:100.2,104.66 2 0
github.com/gatekey-project/gatekey/internal/db/users.go:104.66,106.3 1 0
github.com/gatekey-project/gatekey/internal/db/users.go:107.2,107.12 1 0
github.com/gatekey-project/gatekey/internal/db/users.go:111.87,117.26 3 0
github.com/gatekey-project/gatekey/internal/db/users.go:117.26,119.3 1 0
github.com/gatekey-project/gatekey/internal/db/users.go:120.2,120.16 1 0
github.com/gatekey-project/gatekey/internal/db/users.go:120.16,122.3 1 0
github.com/gatekey-project/gatekey/internal/db/users.go:123.2,123.16 1 0
github.com/gatekey-project/gatekey/internal/db/users.go:127.85,133.26 3 0
github.com/gatekey-project/gatekey/internal/db/users.go:133.26,135.3 1 0
github.com/gatekey-project/gatekey/internal/db/users.go:136.2,136.16 1 0
github.com/gatekey-project/gatekey/internal/db/users.go:136.16,138.3 1 0
github.com/gatekey-project/gatekey/internal/db/users.go:139.2,139.19 1 0
github.com/gatekey-project/gatekey/internal/db/users.go:143.75,145.16 2 0
github.com/gatekey-project/gatekey/internal/db/users.go:145.16,147.3 1 0
github.com/gatekey-project/gatekey/internal/db/users.go:148.2,148.32 1 0
github.com/gatekey-project/gatekey/internal/db/users.go:148.32,150.3 1 0
github.com/gatekey-project/gatekey/internal/db/users.go:151.2,151.12 1 0
github.com/gatekey-project/gatekey/internal/db/users.go:155.102,157.28 2 0
github.com/gatekey-project/gatekey/internal/db/users.go:157.28,161.3 2 0
github.com/gatekey-project/gatekey/internal/db/users.go:162.2,162.16 1 0
github.com/gatekey-project/gatekey/internal/db/users.go:162.16,164.3 1 0
github.com/gatekey-project/gatekey/internal/db/users.go:166.2,166.52 1 0
github.com/gatekey-project/gatekey/internal/db/users.go:166.52,168.3 1 0
github.com/gatekey-project/gatekey/internal/db/users.go:171.2,173.18 2 0
github.com/gatekey-project/gatekey/internal/db/users.go:177.93,179.16 2 0
github.com/gatekey-project/gatekey/internal/db/users.go:179.16,181.3 1 0
github.com/gatekey-project/gatekey/internal/db/users.go:183.2,186.16 2 0
github.com/gatekey-project/gatekey/internal/db/users.go:186.16,188.3 1 0
github.com/gatekey-project/gatekey/internal/db/users.go:189.2,189.32 1 0
github.com/gatekey-project/gatekey/internal/db/users.go:189.32,191.3 1 0
github.com/gatekey-project/gatekey/internal/db/users.go:192.2,192.12 1 0
github.com/gatekey-project/gatekey/internal/db/users.go:197.81,199.16 2 0
github.com/gatekey-project/gatekey/internal/db/users.go:199.16,201.3 1 0
github.com/gatekey-project/gatekey/internal/db/users.go:202.2,202.14 1 0
github.com/gatekey-project/gatekey/internal/db/users.go:202.14,204.3 1 0
github.com/gatekey-project/gatekey/internal/db/users.go:207.2,208.20 2 0
github.com/gatekey-project/gatekey/internal/db/users.go:208.20,213.3 3 0
github.com/gatekey-project/gatekey/internal/db/users.go:215.2,216.16 2 0
github.com/gatekey-project/gatekey/internal/db/users.go:216.16,218.3 1 0
github.com/gatekey-project/gatekey/internal/db/users.go:220.2,220.28 1 0
github.com/gatekey-project/gatekey/internal/db/users.go:226.134,232.2 2 0
github.com/gatekey-project/gatekey/internal/db/users.go:235.102,249.26 4 0
github.com/gatekey-project/gatekey/internal/db/users.go:249.26,251.3 1 0
github.com/gatekey-project/gatekey/internal/db/users.go:252.2,252.16 1 0
github.com/gatekey-project/gatekey/internal/db/users.go:252.16,254.3 1 0
github.com/gatekey-project/gatekey/internal/db/users.go:256.2,256.41 1 0
github.com/gatekey-project/gatekey/internal/db/users.go:256.41,260.3 2 0
github.com/gatekey-project/gatekey/internal/db/users.go:262.2,262.29 1 0
github.com/gatekey-project/gatekey/internal/db/users.go:266.76,269.2 2 0
github.com/gatekey-project/gatekey/internal/db/users.go:272.71,275.2 2 0
github.com/gatekey-project/gatekey/internal/db/users.go:279.67,281.43 2 1
github.com/gatekey-project/gatekey/internal/db/users.go:281.43,283.3 1 0
github.com/gatekey-project/gatekey/internal/db/users.go:285.2,291.70 4 1
github.com/gatekey-project/gatekey/internal/db/users.go:294.71,296.21 2 1
github.com/gatekey-project/gatekey/internal/db/users.go:296.21,298.3 1 1
github.com/gatekey-project/gatekey/internal/db/users.go:300.2,305.16 5 1
github.com/gatekey-project/gatekey/internal/db/users.go:305.16,307.3 1 0
github.com/gatekey-project/gatekey/internal/db/users.go:309.2,310.16 2 1
github.com/gatekey-project/gatekey/internal/db/users.go:310.16,312.3 1 0
github.com/gatekey-project/gatekey/internal/db/users.go:314.2,315.16 2 1
github.com/gatekey-project/gatekey/internal/db/users.go:315.16,317.3 1 1
github.com/gatekey-project/gatekey/internal/db/users.go:319.2,320.16 2 1
github.com/gatekey-project/gatekey/internal/db/users.go:320.16,322.3 1 1
github.com/gatekey-project/gatekey/internal/db/users.go:324.2,326.60 2 1
github.com/gatekey-project/gatekey/internal/db/users.go:332.75,338.16 2 0
github.com/gatekey-project/gatekey/internal/db/users.go:338.16,340.3 1 0
github.com/gatekey-project/gatekey/internal/db/users.go:341.2,344.18 3 0
github.com/gatekey-project/gatekey/internal/db/users.go:344.18,348.98 3 0
github.com/gatekey-project/gatekey/internal/db/users.go:348.98,350.4 1 0
github.com/gatekey-project/gatekey/internal/db/users.go:351.3,351.26 1 0
github.com/gatekey-project/gatekey/internal/db/users.go:351.26,353.4 1 0
github.com/gatekey-project/gatekey/internal/db/users.go:354.3,354.28 1 0
github.com/gatekey-project/gatekey/internal/db/users.go:356.2,356.26 1 0
github.com/gatekey-project/gatekey/internal/db/users.go:360.82,368.26 4 0
github.com/gatekey-project/gatekey/internal/db/users.go:368.26,370.3 1 0
github.com/gatekey-project/gatekey/internal/db/users.go:371.2,371.16 1 0
github.com/gatekey-project/gatekey/internal/db/users.go:371.16,373.3 1 0
github.com/gatekey-project/gatekey/internal/db/users.go:374.2,374.25 1 0
github.com/gatekey-project/gatekey/internal/db/users.go:374.25,376.3 1 0
github.com/gatekey-project/gatekey/internal/db/users.go:377.2,377.16 1 0
github.com/gatekey-project/gatekey/internal/db/users.go:381.92,389.26 4 0
github.com/gatekey-project/gatekey/internal/db/users.go:389.26,391.3 1 0
github.com/gatekey-project/gatekey/internal/db/users.go:392.2,392.16 1 0
github.com/gatekey-project/gatekey/internal/db/users.go:392.16,394.3 1 0
github.com/gatekey-project/gatekey/internal/db/users.go:395.2,395.25 1 0
github.com/gatekey-project/gatekey/internal/db/users.go:395.25,397.3 1 0
github.com/gatekey-project/gatekey/internal/db/users.go:398.2,398.16 1 0
github.com/gatekey-project/gatekey/internal/db/users.go:402.96,408.26 3 0
github.com/gatekey-project/gatekey/internal/db/users.go:408.26,410.3 1 0
github.com/gatekey-project/gatekey/internal/db/users.go:411.2,411.16 1 0
github.com/gatekey-project/gatekey/internal/db/users.go:411.16,413.3 1 0
github.com/gatekey-project/gatekey/internal/db/users.go:414.2,414.16 1 0
github.com/gatekey-project/gatekey/internal/db/users.go:418.102,424.26 3 0
github.com/gatekey-project/gatekey/internal/db/users.go:424.26,426.3 1 0
github.com/gatekey-project/gatekey/internal/db/users.go:427.2,427.16 1 0
github.com/gatekey-project/gatekey/internal/db/users.go:427.16,429.3 1 0
github.com/gatekey-project/gatekey/internal/db/users.go:430.2,430.16 1 0
github.com/gatekey-project/gatekey/internal/db/users.go:434.79,440.16 2 0
github.com/gatekey-project/gatekey/internal/db/users.go:440.16,442.3 1 0
github.com/gatekey-project/gatekey/internal/db/users.go:443.2,446.18 3 0
github.com/gatekey-project/gatekey/internal/db/users.go:446.18,448.107 2 0
github.com/gatekey-project/gatekey/internal/db/users.go:448.107,450.4 1 0
github.com/gatekey-project/gatekey/internal/db/users.go:451.3,451.28 1 0
github.com/gatekey-project/gatekey/internal/db/users.go:453.2,453.26 1 0
github.com/gatekey-project/gatekey/internal/db/users.go:457.74,473.16 2 0
github.com/gatekey-project/gatekey/internal/db/users.go:473.16,475.3 1 0
github.com/gatekey-project/gatekey/internal/db/users.go:476.2,479.18 3 0
github.com/gatekey-project/gatekey/internal/db/users.go:479.18,481.39 2 0
github.com/gatekey-project/gatekey/internal/db/users.go:481.39,483.4 1 0
github.com/gatekey-project/gatekey/internal/db/users.go:484.3,484.29 1 0
github.com/gatekey-project/gatekey/internal/db/users.go:486.2,486.27 1 0
github.com/gatekey-project/gatekey/internal/db/users.go:492.96,497.44 3 0
github.com/gatekey-project/gatekey/internal/db/users.go:497.44,508.3 2 0
github.com/gatekey-project/gatekey/internal/db/users.go:508.8,516.3 1 0
github.com/gatekey-project/gatekey/internal/db/users.go:518.2,518.16 1 0
github.com/gatekey-project/gatekey/internal/db/users.go:518.16,520.3 1 0
github.com/gatekey-project/gatekey/internal/db/users.go:521.2,524.18 3 0
github.com/gatekey-project/gatekey/internal/db/users.go:524.18,528.98 3 0
github.com/gatekey-project/gatekey/internal/db/users.go:528.98,530.4 1 0
github.com/gatekey-project/gatekey/internal/db/users.go:531.3,531.26 1 0
github.com/gatekey-project/gatekey/internal/db/users.go:531.26,533.4 1 0
github.com/gatekey-project/gatekey/internal/db/users.go:534.3,534.28 1 0
github.com/gatekey-project/gatekey/internal/db/users.go:536.2,536.26 1 0
github.com/gatekey-project/gatekey/internal/db/users.go:541.147,543.16 2 0
github.com/gatekey-project/gatekey/internal/db/users.go:543.16,545.3 1 0
github.com/gatekey-project/gatekey/internal/db/users.go:547.2,564.16 4 0
github.com/gatekey-project/gatekey/internal/db/users.go:564.16,566.3 1 0
github.com/gatekey-project/gatekey/internal/db/users.go:567.2,567.24 1 0
github.com/gatekey-project/gatekey/internal/db/users.go:567.24,569.3 1 0
github.com/gatekey-project/gatekey/internal/db/users.go:570.2,570.16 1 0
github.com/gatekey-project/gatekey/internal/db/wireguard_configs.go:42.60,44.2 1 0
github.com/gatekey-project/gatekey/internal/db/wireguard_configs.go:47.91,55.2 2 0
github.com/gatekey-project/gatekey/internal/db/wireguard_configs.go:58.98,70.26 4 0
github.com/gatekey-project/gatekey/internal/db/wireguard_configs.go:70.26,72.3 1 0
github.com/gatekey-project/gatekey/internal/db/wireguard_configs.go:73.2,73.16 1 0
github.com/gatekey-project/gatekey/internal/db/wireguard_configs.go:73.16,75.3 1 0
github.com/gatekey-project/gatekey/internal/db/wireguard_configs.go:76.2,76.25 1 0
github.com/gatekey-project/gatekey/internal/db/wireguard_configs.go:76.25,78.3 1 0
github.com/gatekey-project/gatekey/internal/db/wireguard_configs.go:81.2,81.29 1 0
github.com/gatekey-project/gatekey/internal/db/wireguard_configs.go:81.29,83.3 1 0
github.com/gatekey-project/gatekey/internal/db/wireguard_configs.go:86.2,86.40 1 0
github.com/gatekey-project/gatekey/internal/db/wireguard_configs.go:86.40,88.3 1 0
github.com/gatekey-project/gatekey/internal/db/wireguard_configs.go:90.2,90.21 1 0
github.com/gatekey-project/gatekey/internal/db/wireguard_configs.go:94.123,106.26 4 0
github.com/gatekey-project/gatekey/internal/db/wireguard_configs.go:106.26,108.3 1 0
github.com/gatekey-project/gatekey/internal/db/wireguard_configs.go:109.2,109.16 1 0
github.com/gatekey-project/gatekey/internal/db/wireguard_configs.go:109.16,111.3 1 0
github.com/gatekey-project/gatekey/internal/db/wireguard_configs.go:112.2,112.25 1 0
github.com/gatekey-project/gatekey/internal/db/wireguard_configs.go:112.25,114.3 1 0
github.com/gatekey-project/gatekey/internal/db/wireguard_configs.go:115.2,115.21 1 0
github.com/gatekey-project/gatekey/internal/db/wireguard_configs.go:119.118,128.16 2 0
github.com/gatekey-project/gatekey/internal/db/wireguard_configs.go:128.16,130.3 1 0
github.com/gatekey-project/gatekey/internal/db/wireguard_configs.go:131.2,134.18 3 0
github.com/gatekey-project/gatekey/internal/db/wireguard_configs.go:134.18,139.76 3 0
github.com/gatekey-project/gatekey/internal/db/wireguard_configs.go:139.76,141.4 1 0
github.com/gatekey-project/gatekey/internal/db/wireguard_configs.go:142.3,142.26 1 0
github.com/gatekey-project/gatekey/internal/db/wireguard_configs.go:142.26,144.4 1 0
github.com/gatekey-project/gatekey/internal/db/wireguard_configs.go:145.3,145.37 1 0
github.com/gatekey-project/gatekey/internal/db/wireguard_configs.go:147.2,147.28 1 0
github.com/gatekey-project/gatekey/internal/db/wireguard_configs.go:151.111,160.16 2 0
github.com/gatekey-project/gatekey/internal/db/wireguard_configs.go:160.16,162.3 1 0
github.com/gatekey-project/gatekey/internal/db/wireguard_configs.go:163.2,166.18 3 0
github.com/gatekey-project/gatekey/internal/db/wireguard_configs.go:166.18,170.121 2 0
github.com/gatekey-project/gatekey/internal/db/wireguard_configs.go:170.121,172.4 1 0
github.com/gatekey-project/gatekey/internal/db/wireguard_configs.go:173.3,173.37 1 0
github.com/gatekey-project/gatekey/internal/db/wireguard_configs.go:175.2,175.28 1 0
github.com/gatekey-project/gatekey/internal/db/wireguard_configs.go:179.85,183.16 2 0
github.com/gatekey-project/gatekey/internal/db/wireguard_configs.go:183.16,185.3 1 0
github.com/gatekey-project/gatekey/internal/db/wireguard_configs.go:186.2,186.32 1 0
github.com/gatekey-project/gatekey/internal/db/wireguard_configs.go:186.32,188.3 1 0
github.com/gatekey-project/gatekey/internal/db/wireguard_configs.go:189.2,189.12 1 0
github.com/gatekey-project/gatekey/internal/db/wireguard_configs.go:193.85,199.16 2 0
github.com/gatekey-project/gatekey/internal/db/wireguard_configs.go:199.16,201.3 1 0
github.com/gatekey-project/gatekey/internal/db/wireguard_configs.go:202.2,202.32 1 0
github.com/gatekey-project/gatekey/internal/db/wireguard_configs.go:202.32,204.3 1 0
github.com/gatekey-project/gatekey/internal/db/wireguard_configs.go:205.2,205.12 1 0
github.com/gatekey-project/gatekey/internal/db/wireguard_configs.go:209.110,215.16 2 0
github.com/gatekey-project/gatekey/internal/db/wireguard_configs.go:215.16,217.3 1 0
github.com/gatekey-project/gatekey/internal/db/wireguard_configs.go:218.2,218.35 1 0
github.com/gatekey-project/gatekey/internal/db/wireguard_configs.go:222.104,228.16 2 0
github.com/gatekey-project/gatekey/internal/db/wireguard_configs.go:228.16,230.3 1 0
github.com/gatekey-project/gatekey/internal/db/wireguard_configs.go:231.2,231.35 1 0
github.com/gatekey-project/gatekey/internal/db/wireguard_configs.go:235.107,240.16 3 0
github.com/gatekey-project/gatekey/internal/db/wireguard_configs.go:240.16,242.3 1 0
github.com/gatekey-project/gatekey/internal/db/wireguard_configs.go:243.2,243.35 1 0
github.com/gatekey-project/gatekey/internal/db/wireguard_configs.go:254.121,258.16 3 0
github.com/gatekey-project/gatekey/internal/db/wireguard_configs.go:258.16,260.3 1 0
github.com/gatekey-project/gatekey/internal/db/wireguard_configs.go:262.2,274.16 2 0
github.com/gatekey-project/gatekey/internal/db/wireguard_configs.go:274.16,276.3 1 0
github.com/gatekey-project/gatekey/internal/db/wireguard_configs.go:277.2,280.18 3 0
github.com/gatekey-project/gatekey/internal/db/wireguard_configs.go:280.18,285.53 2 0
github.com/gatekey-project/gatekey/internal/db/wireguard_configs.go:285.53,287.4 1 0
github.com/gatekey-project/gatekey/internal/db/wireguard_configs.go:288.3,288.37 1 0
github.com/gatekey-project/gatekey/internal/db/wireguard_configs.go:290.2,290.35 1 0
github.com/gatekey-project/gatekey/internal/db/wireguard_configs.go:294.105,300.16 2 0
github.com/gatekey-project/gatekey/internal/db/wireguard_configs.go:300.16,302.3 1 0
github.com/gatekey-project/gatekey/internal/db/wireguard_configs.go:303.2,306.18 3 0
github.com/gatekey-project/gatekey/internal/db/wireguard_configs.go:306.18,308.40 2 0
github.com/gatekey-project/gatekey/internal/db/wireguard_configs.go:308.40,310.4 1 0
github.com/gatekey-project/gatekey/internal/db/wireguard_configs.go:311.3,311.24 1 0
github.com/gatekey-project/gatekey/internal/db/wireguard_configs.go:313.2,313.24 1 0
github.com/gatekey-project/gatekey/internal/db/wireguard_peers.go:39.56,41.2 1 0
github.com/gatekey-project/gatekey/internal/db/wireguard_peers.go:44.85,58.2 2 0
github.com/gatekey-project/gatekey/internal/db/wireguard_peers.go:61.173,67.16 2 0
github.com/gatekey-project/gatekey/internal/db/wireguard_peers.go:67.16,69.3 1 0
github.com/gatekey-project/gatekey/internal/db/wireguard_peers.go:70.2,70.32 1 0
github.com/gatekey-project/gatekey/internal/db/wireguard_peers.go:70.32,72.3 1 0
github.com/gatekey-project/gatekey/internal/db/wireguard_peers.go:73.2,73.12 1 0
github.com/gatekey-project/gatekey/internal/db/wireguard_peers.go:77.97,83.16 2 0
github.com/gatekey-project/gatekey/internal/db/wireguard_peers.go:83.16,85.3 1 0
github.com/gatekey-project/gatekey/internal/db/wireguard_peers.go:86.2,86.32 1 0
github.com/gatekey-project/gatekey/internal/db/wireguard_peers.go:86.32,88.3 1 0
github.com/gatekey-project/gatekey/internal/db/wireguard_peers.go:89.2,89.12 1 0
github.com/gatekey-project/gatekey/internal/db/wireguard_peers.go:93.119,104.26 4 0
github.com/gatekey-project/gatekey/internal/db/wireguard_peers.go:104.26,106.3 1 0
github.com/gatekey-project/gatekey/internal/db/wireguard_peers.go:107.2,107.16 1 0
github.com/gatekey-project/gatekey/internal/db/wireguard_peers.go:107.16,109.3 1 0
github.com/gatekey-project/gatekey/internal/db/wireguard_peers.go:110.2,110.21 1 0
github.com/gatekey-project/gatekey/internal/db/wireguard_peers.go:110.21,112.3 1 0
github.com/gatekey-project/gatekey/internal/db/wireguard_peers.go:113.2,113.19 1 0
github.com/gatekey-project/gatekey/internal/db/wireguard_peers.go:117.114,125.16 2 0
github.com/gatekey-project/gatekey/internal/db/wireguard_peers.go:125.16,127.3 1 0
github.com/gatekey-project/gatekey/internal/db/wireguard_peers.go:128.2,131.18 3 0
github.com/gatekey-project/gatekey/internal/db/wireguard_peers.go:131.18,136.73 3 0
github.com/gatekey-project/gatekey/internal/db/wireguard_peers.go:136.73,138.4 1 0
github.com/gatekey-project/gatekey/internal/db/wireguard_peers.go:139.3,139.22 1 0
github.com/gatekey-project/gatekey/internal/db/wireguard_peers.go:139.22,141.4 1 0
github.com/gatekey-project/gatekey/internal/db/wireguard_peers.go:142.3,142.31 1 0
github.com/gatekey-project/gatekey/internal/db/wireguard_peers.go:144.2,144.26 1 0
github.com/gatekey-project/gatekey/internal/db/wireguard_peers.go:148.103,155.2 3 0
github.com/gatekey-project/gatekey/internal/db/wireguard_peers.go:158.100,162.16 2 0
github.com/gatekey-project/gatekey/internal/db/wireguard_peers.go:162.16,164.3 1 0
github.com/gatekey-project/gatekey/internal/db/wireguard_peers.go:165.2,165.35 1 0
github.com/gatekey-project/gatekey/internal/db/wireguard_peers.go:169.98,173.16 2 0
github.com/gatekey-project/gatekey/internal/db/wireguard_peers.go:173.16,175.3 1 0
github.com/gatekey-project/gatekey/internal/db/wireguard_peers.go:176.2,176.35 1 0
github.com/gatekey-project/gatekey/internal/db/wireguard_peers.go:188.103,202.16 2 0
github.com/gatekey-project/gatekey/internal/db/wireguard_peers.go:202.16,204.3 1 0
github.com/gatekey-project/gatekey/internal/db/wireguard_peers.go:205.2,208.18 3 0
github.com/gatekey-project/gatekey/internal/db/wireguard_peers.go:208.18,214.68 3 0
github.com/gatekey-project/gatekey/internal/db/wireguard_peers.go:214.68,216.4 1 0
github.com/gatekey-project/gatekey/internal/db/wireguard_peers.go:217.3,217.22 1 0
github.com/gatekey-project/gatekey/internal/db/wireguard_peers.go:217.22,219.4 1 0
github.com/gatekey-project/gatekey/internal/db/wireguard_peers.go:220.3,220.31 1 0
github.com/gatekey-project/gatekey/internal/db/wireguard_peers.go:222.2,222.26 1 0
github.com/gatekey-project/gatekey/internal/db/wireguard_peers.go:226.109,233.16 3 0
github.com/gatekey-project/gatekey/internal/db/wireguard_peers.go:233.16,235.3 1 0
github.com/gatekey-project/gatekey/internal/db/wireguard_peers.go:236.2,236.35 1 0
github.com/gatekey-project/gatekey/internal/pki/ca.go:54.47,61.41 2 1
github.com/gatekey-project/gatekey/internal/pki/ca.go:61.41,62.65 1 0
github.com/gatekey-project/gatekey/internal/pki/ca.go:62.65,64.4 1 0
github.com/gatekey-project/gatekey/internal/pki/ca.go:69.2,69.48 1 1
github.com/gatekey-project/gatekey/internal/pki/ca.go:69.48,71.3 1 0
github.com/gatekey-project/gatekey/internal/pki/ca.go:74.2,74.41 1 1
github.com/gatekey-project/gatekey/internal/pki/ca.go:74.41,75.63 1 0
github.com/gatekey-project/gatekey/internal/pki/ca.go:75.63,77.4 1 0
github.com/gatekey-project/gatekey/internal/pki/ca.go:80.2,80.16 1 1
github.com/gatekey-project/gatekey/internal/pki/ca.go:85.71,96.16 4 0
github.com/gatekey-project/gatekey/internal/pki/ca.go:96.16,98.89 1 0
github.com/gatekey-project/gatekey/internal/pki/ca.go:98.89,100.4 1 0
github.com/gatekey-project/gatekey/internal/pki/ca.go:101.3,101.17 1 0
github.com/gatekey-project/gatekey/internal/pki/ca.go:105.2,105.41 1 0
github.com/gatekey-project/gatekey/internal/pki/ca.go:105.41,106.65 1 0
github.com/gatekey-project/gatekey/internal/pki/ca.go:106.65,108.46 1 0
github.com/gatekey-project/gatekey/internal/pki/ca.go:108.46,110.5 1 0
github.com/gatekey-project/gatekey/internal/pki/ca.go:111.4,111.18 1 0
github.com/gatekey-project/gatekey/internal/pki/ca.go:116.2,116.48 1 0
github.com/gatekey-project/gatekey/internal/pki/ca.go:116.48,118.3 1 0
github.com/gatekey-project/gatekey/internal/pki/ca.go:121.2,121.44 1 0
github.com/gatekey-project/gatekey/internal/pki/ca.go:121.44,123.3 1 0
github.com/gatekey-project/gatekey/internal/pki/ca.go:126.2,126.41 1 0
github.com/gatekey-project/gatekey/internal/pki/ca.go:126.41,127.63 1 0
github.com/gatekey-project/gatekey/internal/pki/ca.go:127.63,130.4 1 0
github.com/gatekey-project/gatekey/internal/pki/ca.go:133.2,133.16 1 0
github.com/gatekey-project/gatekey/internal/pki/ca.go:137.57,140.22 2 0
github.com/gatekey-project/gatekey/internal/pki/ca.go:140.22,142.3 1 0
github.com/gatekey-project/gatekey/internal/pki/ca.go:144.2,145.16 2 0
github.com/gatekey-project/gatekey/internal/pki/ca.go:145.16,147.3 1 0
github.com/gatekey-project/gatekey/internal/pki/ca.go:150.2,151.21 2 0
github.com/gatekey-project/gatekey/internal/pki/ca.go:151.21,153.3 1 0
github.com/gatekey-project/gatekey/internal/pki/ca.go:155.2,156.23 2 0
github.com/gatekey-project/gatekey/internal/pki/ca.go:157.25,158.55 1 0
github.com/gatekey-project/gatekey/internal/pki/ca.go:159.24,160.52 1 0
github.com/gatekey-project/gatekey/internal/pki/ca.go:161.21,163.22 2 0
github.com/gatekey-project/gatekey/internal/pki/ca.go:163.22,165.4 1 0
github.com/gatekey-project/gatekey/internal/pki/ca.go:166.3,168.10 3 0
github.com/gatekey-project/gatekey/internal/pki/ca.go:168.10,170.4 1 0
github.com/gatekey-project/gatekey/internal/pki/ca.go:171.3,171.12 1 0
github.com/gatekey-project/gatekey/internal/pki/ca.go:172.10,173.71 1 0
github.com/gatekey-project/gatekey/internal/pki/ca.go:175.2,175.16 1 0
github.com/gatekey-project/gatekey/internal/pki/ca.go:175.16,177.3 1 0
github.com/gatekey-project/gatekey/internal/pki/ca.go:179.2,181.12 3 0
github.com/gatekey-project/gatekey/internal/pki/ca.go:185.54,186.21 1 0
github.com/gatekey-project/gatekey/internal/pki/ca.go:186.21,188.3 1 0
github.com/gatekey-project/gatekey/internal/pki/ca.go:190.2,201.39 4 0
github.com/gatekey-project/gatekey/internal/pki/ca.go:205.38,211.35 5 0
github.com/gatekey-project/gatekey/internal/pki/ca.go:212.23,214.30 2 0
github.com/gatekey-project/gatekey/internal/pki/ca.go:215.25,217.29 2 0
github.com/gatekey-project/gatekey/internal/pki/ca.go:218.10,219.13 1 0
github.com/gatekey-project/gatekey/internal/pki/ca.go:222.2,225.4 1 0
github.com/gatekey-project/gatekey/internal/pki/ca.go:229.61,232.16 2 0
github.com/gatekey-project/gatekey/internal/pki/ca.go:232.16,234.3 1 0
github.com/gatekey-project/gatekey/internal/pki/ca.go:236.2,237.22 2 0
github.com/gatekey-project/gatekey/internal/pki/ca.go:237.22,239.3 1 0
github.com/gatekey-project/gatekey/internal/pki/ca.go:241.2,242.16 2 0
github.com/gatekey-project/gatekey/internal/pki/ca.go:242.16,244.3 1 0
github.com/gatekey-project/gatekey/internal/pki/ca.go:247.2,248.16 2 0
github.com/gatekey-project/gatekey/internal/pki/ca.go:248.16,250.3 1 0
github.com/gatekey-project/gatekey/internal/pki/ca.go:252.2,253.21 2 0
github.com/gatekey-project/gatekey/internal/pki/ca.go:253.21,255.3 1 0
github.com/gatekey-project/gatekey/internal/pki/ca.go:257.2,258.23 2 0
github.com/gatekey-project/gatekey/internal/pki/ca.go:259.25,260.55 1 0
github.com/gatekey-project/gatekey/internal/pki/ca.go:261.24,262.52 1 0
github.com/gatekey-project/gatekey/internal/pki/ca.go:263.21,265.22 2 0
github.com/gatekey-project/gatekey/internal/pki/ca.go:265.22,267.4 1 0
github.com/gatekey-project/gatekey/internal/pki/ca.go:268.3,270.10 3 0
github.com/gatekey-project/gatekey/internal/pki/ca.go:270.10,272.4 1 0
github.com/gatekey-project/gatekey/internal/pki/ca.go:273.3,273.12 1 0
github.com/gatekey-project/gatekey/internal/pki/ca.go:274.10,275.71 1 0
github.com/gatekey-project/gatekey/internal/pki/ca.go:277.2,277.16 1 0
github.com/gatekey-project/gatekey/internal/pki/ca.go:277.16,279.3 1 0
github.com/gatekey-project/gatekey/internal/pki/ca.go:281.2,283.12 3 0
github.com/gatekey-project/gatekey/internal/pki/ca.go:287.59,293.62 2 0
github.com/gatekey-project/gatekey/internal/pki/ca.go:293.62,295.3 1 0
github.com/gatekey-project/gatekey/internal/pki/ca.go:298.2,300.35 3 0
github.com/gatekey-project/gatekey/internal/pki/ca.go:301.23,303.30 2 0
github.com/gatekey-project/gatekey/internal/pki/ca.go:304.25,307.17 3 0
github.com/gatekey-project/gatekey/internal/pki/ca.go:307.17,309.4 1 0
github.com/gatekey-project/gatekey/internal/pki/ca.go:310.3,310.29 1 0
github.com/gatekey-project/gatekey/internal/pki/ca.go:311.10,312.52 1 0
github.com/gatekey-project/gatekey/internal/pki/ca.go:315.2,319.60 2 0
github.com/gatekey-project/gatekey/internal/pki/ca.go:319.60,321.3 1 0
github.com/gatekey-project/gatekey/internal/pki/ca.go:323.2,323.12 1 0
github.com/gatekey-project/gatekey/internal/pki/ca.go:327.42,330.16 2 1
github.com/gatekey-project/gatekey/internal/pki/ca.go:330.16,332.3 1 0
github.com/gatekey-project/gatekey/internal/pki/ca.go:335.2,336.16 2 1
github.com/gatekey-project/gatekey/internal/pki/ca.go:336.16,338.3 1 0
github.com/gatekey-project/gatekey/internal/pki/ca.go:340.2,356.16 4 1
github.com/gatekey-project/gatekey/internal/pki/ca.go:356.16,358.3 1 0
github.com/gatekey-project/gatekey/internal/pki/ca.go:360.2,361.16 2 1
github.com/gatekey-project/gatekey/internal/pki/ca.go:361.16,363.3 1 0
github.com/gatekey-project/gatekey/internal/pki/ca.go:365.2,367.12 3 1
github.com/gatekey-project/gatekey/internal/pki/ca.go:371.47,375.2 3 1
github.com/gatekey-project/gatekey/internal/pki/ca.go:378.39,385.2 3 0
github.com/gatekey-project/gatekey/internal/pki/ca.go:388.49,393.48 3 0
github.com/gatekey-project/gatekey/internal/pki/ca.go:393.48,395.3 1 0
github.com/gatekey-project/gatekey/internal/pki/ca.go:398.2,398.21 1 0
github.com/gatekey-project/gatekey/internal/pki/ca.go:398.21,399.45 1 0
github.com/gatekey-project/gatekey/internal/pki/ca.go:399.45,401.4 1 0
github.com/gatekey-project/gatekey/internal/pki/ca.go:405.2,405.53 1 0
github.com/gatekey-project/gatekey/internal/pki/ca.go:405.53,406.75 1 0
github.com/gatekey-project/gatekey/internal/pki/ca.go:406.75,408.4 1 0
github.com/gatekey-project/gatekey/internal/pki/ca.go:411.2,411.12 1 0
github.com/gatekey-project/gatekey/internal/pki/ca.go:415.80,420.56 3 0
github.com/gatekey-project/gatekey/internal/pki/ca.go:420.56,422.3 1 0
github.com/gatekey-project/gatekey/internal/pki/ca.go:425.2,425.26 1 0
github.com/gatekey-project/gatekey/internal/pki/ca.go:425.26,427.3 1 0
github.com/gatekey-project/gatekey/internal/pki/ca.go:430.2,430.21 1 0
github.com/gatekey-project/gatekey/internal/pki/ca.go:430.21,431.45 1 0
github.com/gatekey-project/gatekey/internal/pki/ca.go:431.45,433.4 1 0
github.com/gatekey-project/gatekey/internal/pki/ca.go:437.2,437.53 1 0
github.com/gatekey-project/gatekey/internal/pki/ca.go:437.53,438.75 1 0
github.com/gatekey-project/gatekey/internal/pki/ca.go:438.75,440.4 1 0
github.com/gatekey-project/gatekey/internal/pki/ca.go:443.2,443.12 1 0
github.com/gatekey-project/gatekey/internal/pki/ca.go:447.46,453.16 4 1
github.com/gatekey-project/gatekey/internal/pki/ca.go:453.16,455.3 1 0
github.com/gatekey-project/gatekey/internal/pki/ca.go:457.2,458.20 2 1
github.com/gatekey-project/gatekey/internal/pki/ca.go:462.66,463.19 1 1
github.com/gatekey-project/gatekey/internal/pki/ca.go:464.17,465.44 1 1
github.com/gatekey-project/gatekey/internal/pki/ca.go:466.17,467.44 1 1
github.com/gatekey-project/gatekey/internal/pki/ca.go:468.18,469.57 1 1
github.com/gatekey-project/gatekey/internal/pki/ca.go:470.18,471.57 1 1
github.com/gatekey-project/gatekey/internal/pki/ca.go:472.10,473.69 1 0
github.com/gatekey-project/gatekey/internal/pki/ca.go:478.52,480.2 1 0
github.com/gatekey-project/gatekey/internal/pki/ca.go:483.47,486.2 2 1
github.com/gatekey-project/gatekey/internal/pki/ca.go:489.53,491.2 1 1
github.com/gatekey-project/gatekey/internal/pki/ca.go:494.49,497.2 2 1
github.com/gatekey-project/gatekey/internal/pki/cert.go:37.90,43.16 4 1
github.com/gatekey-project/gatekey/internal/pki/cert.go:43.16,45.3 1 0
github.com/gatekey-project/gatekey/internal/pki/cert.go:48.2,49.16 2 1
github.com/gatekey-project/gatekey/internal/pki/cert.go:49.16,51.3 1 0
github.com/gatekey-project/gatekey/internal/pki/cert.go:53.2,55.19 3 1
github.com/gatekey-project/gatekey/internal/pki/cert.go:55.19,57.3 1 1
github.com/gatekey-project/gatekey/internal/pki/cert.go:59.2,60.15 2 1
github.com/gatekey-project/gatekey/internal/pki/cert.go:60.15,62.3 1 1
github.com/gatekey-project/gatekey/internal/pki/cert.go:64.2,79.21 2 1
github.com/gatekey-project/gatekey/internal/pki/cert.go:79.21,81.3 1 1
github.com/gatekey-project/gatekey/internal/pki/cert.go:84.2,84.27 1 1
github.com/gatekey-project/gatekey/internal/pki/cert.go:84.27,86.3 1 0
github.com/gatekey-project/gatekey/internal/pki/cert.go:89.2,90.16 2 1
github.com/gatekey-project/gatekey/internal/pki/cert.go:90.16,92.3 1 0
github.com/gatekey-project/gatekey/internal/pki/cert.go:94.2,95.16 2 1
github.com/gatekey-project/gatekey/internal/pki/cert.go:95.16,97.3 1 0
github.com/gatekey-project/gatekey/internal/pki/cert.go:100.2,107.16 3 1
github.com/gatekey-project/gatekey/internal/pki/cert.go:107.16,109.3 1 0
github.com/gatekey-project/gatekey/internal/pki/cert.go:111.2,120.8 1 1
github.com/gatekey-project/gatekey/internal/pki/cert.go:124.90,130.16 4 1
github.com/gatekey-project/gatekey/internal/pki/cert.go:130.16,132.3 1 0
github.com/gatekey-project/gatekey/internal/pki/cert.go:135.2,136.16 2 1
github.com/gatekey-project/gatekey/internal/pki/cert.go:136.16,138.3 1 0
github.com/gatekey-project/gatekey/internal/pki/cert.go:140.2,142.19 3 1
github.com/gatekey-project/gatekey/internal/pki/cert.go:142.19,144.3 1 0
github.com/gatekey-project/gatekey/internal/pki/cert.go:146.2,147.15 2 1
github.com/gatekey-project/gatekey/internal/pki/cert.go:147.15,149.3 1 1
github.com/gatekey-project/gatekey/internal/pki/cert.go:151.2,166.27 2 1
github.com/gatekey-project/gatekey/internal/pki/cert.go:166.27,168.3 1 1
github.com/gatekey-project/gatekey/internal/pki/cert.go:171.2,172.16 2 1
github.com/gatekey-project/gatekey/internal/pki/cert.go:172.16,174.3 1 0
github.com/gatekey-project/gatekey/internal/pki/cert.go:176.2,177.16 2 1
github.com/gatekey-project/gatekey/internal/pki/cert.go:177.16,179.3 1 0
github.com/gatekey-project/gatekey/internal/pki/cert.go:182.2,189.16 3 1
github.com/gatekey-project/gatekey/internal/pki/cert.go:189.16,191.3 1 0
github.com/gatekey-project/gatekey/internal/pki/cert.go:193.2,202.8 1 1
github.com/gatekey-project/gatekey/internal/pki/cert.go:206.63,221.2 7 1
github.com/gatekey-project/gatekey/internal/pki/cert.go:224.69,226.18 2 0
github.com/gatekey-project/gatekey/internal/pki/cert.go:226.18,228.3 1 0
github.com/gatekey-project/gatekey/internal/pki/cert.go:229.2,229.33 1 0
github.com/gatekey-project/gatekey/internal/pki/cert.go:229.33,231.3 1 0
github.com/gatekey-project/gatekey/internal/pki/cert.go:232.2,232.43 1 0
github.com/gatekey-project/gatekey/internal/pki/cert.go:236.61,238.16 2 1
github.com/gatekey-project/gatekey/internal/pki/cert.go:238.16,240.3 1 0
github.com/gatekey-project/gatekey/internal/pki/cert.go:241.2,244.9 1 1
github.com/gatekey-project/gatekey/internal/pki/cert.go:249.72,255.16 4 0
github.com/gatekey-project/gatekey/internal/pki/cert.go:255.16,257.3 1 0
github.com/gatekey-project/gatekey/internal/pki/cert.go:260.2,261.16 2 0
github.com/gatekey-project/gatekey/internal/pki/cert.go:261.16,263.3 1 0
github.com/gatekey-project/gatekey/internal/pki/cert.go:265.2,267.36 3 0
github.com/gatekey-project/gatekey/internal/pki/cert.go:267.36,269.3 1 0
github.com/gatekey-project/gatekey/internal/pki/cert.go:271.2,288.16 3 0
github.com/gatekey-project/gatekey/internal/pki/cert.go:288.16,290.3 1 0
github.com/gatekey-project/gatekey/internal/pki/cert.go:293.2,300.16 3 0
github.com/gatekey-project/gatekey/internal/pki/cert.go:300.16,302.3 1 0
github.com/gatekey-project/gatekey/internal/pki/cert.go:304.2,304.45 1 0
github.com/gatekey-project/gatekey/internal/pki/cert.go:309.96,315.16 2 0
github.com/gatekey-project/gatekey/internal/pki/cert.go:315.16,317.3 1 0
github.com/gatekey-project/gatekey/internal/pki/cert.go:318.2,318.73 1 0
github.com/gatekey-project/gatekey/internal/pki/cert.go:323.123,326.24 2 0
github.com/gatekey-project/gatekey/internal/pki/cert.go:326.24,328.3 1 0
github.com/gatekey-project/gatekey/internal/pki/cert.go:329.2,330.16 2 0
github.com/gatekey-project/gatekey/internal/pki/cert.go:330.16,332.3 1 0
github.com/gatekey-project/gatekey/internal/pki/cert.go:335.2,336.23 2 0
github.com/gatekey-project/gatekey/internal/pki/cert.go:336.23,338.3 1 0
github.com/gatekey-project/gatekey/internal/pki/cert.go:339.2,340.16 2 0
github.com/gatekey-project/gatekey/internal/pki/cert.go:340.16,343.17 2 0
github.com/gatekey-project/gatekey/internal/pki/cert.go:343.17,346.18 2 0
github.com/gatekey-project/gatekey/internal/pki/cert.go:346.18,348.5 1 0
github.com/gatekey-project/gatekey/internal/pki/cert.go:352.2,353.9 2 0
github.com/gatekey-project/gatekey/internal/pki/cert.go:353.9,355.3 1 0
github.com/gatekey-project/gatekey/internal/pki/cert.go:358.2,359.16 2 0
github.com/gatekey-project/gatekey/internal/pki/cert.go:359.16,361.3 1 0
github.com/gatekey-project/gatekey/internal/pki/cert.go:364.2,365.16 2 0
github.com/gatekey-project/gatekey/internal/pki/cert.go:365.16,367.3 1 0
github.com/gatekey-project/gatekey/internal/pki/cert.go:369.2,386.23 4 0
github.com/gatekey-project/gatekey/internal/pki/cert.go:386.23,388.3 1 0
github.com/gatekey-project/gatekey/internal/pki/cert.go:391.2,392.16 2 0
github.com/gatekey-project/gatekey/internal/pki/cert.go:392.16,394.3 1 0
github.com/gatekey-project/gatekey/internal/pki/cert.go:397.2,404.16 3 0
github.com/gatekey-project/gatekey/internal/pki/cert.go:404.16,406.3 1 0
github.com/gatekey-project/gatekey/internal/pki/cert.go:408.2,408.45 1 0
github.com/gatekey-project/gatekey/internal/pki/cert.go:413.123,416.24 2 0
github.com/gatekey-project/gatekey/internal/pki/cert.go:416.24,418.3 1 0
github.com/gatekey-project/gatekey/internal/pki/cert.go:419.2,420.16 2 0
github.com/gatekey-project/gatekey/internal/pki/cert.go:420.16,422.3 1 0
github.com/gatekey-project/gatekey/internal/pki/cert.go:425.2,426.23 2 0
github.com/gatekey-project/gatekey/internal/pki/cert.go:426.23,428.3 1 0
github.com/gatekey-project/gatekey/internal/pki/cert.go:429.2,430.16 2 0
github.com/gatekey-project/gatekey/internal/pki/cert.go:430.16,433.17 2 0
github.com/gatekey-project/gatekey/internal/pki/cert.go:433.17,436.18 2 0
github.com/gatekey-project/gatekey/internal/pki/cert.go:436.18,438.5 1 0
github.com/gatekey-project/gatekey/internal/pki/cert.go:442.2,443.9 2 0
github.com/gatekey-project/gatekey/internal/pki/cert.go:443.9,445.3 1 0
github.com/gatekey-project/gatekey/internal/pki/cert.go:448.2,449.16 2 0
github.com/gatekey-project/gatekey/internal/pki/cert.go:449.16,451.3 1 0
github.com/gatekey-project/gatekey/internal/pki/cert.go:454.2,455.16 2 0
github.com/gatekey-project/gatekey/internal/pki/cert.go:455.16,457.3 1 0
github.com/gatekey-project/gatekey/internal/pki/cert.go:459.2,476.23 4 0
github.com/gatekey-project/gatekey/internal/pki/cert.go:476.23,478.3 1 0
github.com/gatekey-project/gatekey/internal/pki/cert.go:481.2,482.16 2 0
github.com/gatekey-project/gatekey/internal/pki/cert.go:482.16,484.3 1 0
github.com/gatekey-project/gatekey/internal/pki/cert.go:487.2,494.16 3 0
github.com/gatekey-project/gatekey/internal/pki/cert.go:494.16,496.3 1 0
github.com/gatekey-project/gatekey/internal/pki/cert.go:498.2,498.57 1 0
github.com/gatekey-project/gatekey/internal/pki/crl.go:36.102,45.36 6 0
github.com/gatekey-project/gatekey/internal/pki/crl.go:45.36,60.3 3 0
github.com/gatekey-project/gatekey/internal/pki/crl.go:62.2,69.36 2 0
github.com/gatekey-project/gatekey/internal/pki/crl.go:69.36,78.3 3 0
github.com/gatekey-project/gatekey/internal/pki/crl.go:80.2,81.16 2 0
github.com/gatekey-project/gatekey/internal/pki/crl.go:81.16,83.3 1 0
github.com/gatekey-project/gatekey/internal/pki/crl.go:86.2,91.20 2 0
github.com/gatekey-project/gatekey/internal/pki/crl.go:95.105,109.36 6 0
github.com/gatekey-project/gatekey/internal/pki/crl.go:109.36,118.3 3 0
github.com/gatekey-project/gatekey/internal/pki/crl.go:120.2,120.91 1 0
github.com/gatekey-project/gatekey/internal/pki/crl.go:124.61,126.18 2 0
github.com/gatekey-project/gatekey/internal/pki/crl.go:126.18,128.3 1 0
github.com/gatekey-project/gatekey/internal/pki/crl.go:129.2,129.30 1 0
github.com/gatekey-project/gatekey/internal/pki/crl.go:129.30,131.3 1 0
github.com/gatekey-project/gatekey/internal/pki/crl.go:132.2,132.46 1 0
github.com/gatekey-project/gatekey/internal/pki/crl.go:136.82,137.54 1 0
github.com/gatekey-project/gatekey/internal/pki/crl.go:137.54,138.53 1 0
github.com/gatekey-project/gatekey/internal/pki/crl.go:138.53,140.4 1 0
github.com/gatekey-project/gatekey/internal/pki/crl.go:142.2,142.14 1 0
